[04:07:23] 
############################################################
[04:07:23]   Starting Run 2
[04:07:23] ############################################################
[04:07:23] Output directory: part2a-experiments/run2
[04:07:23] Total experiments: 7 × 7 = 49
[04:07:23] Labelling parsec node...
[04:07:23] $ kubectl get nodes -o wide
[04:07:23] Found parsec node: parsec-server-plp1
[04:07:23] $ kubectl label nodes parsec-server-plp1 cca-project-nodetype=parsec --overwrite
node/parsec-server-plp1 labeled
[04:07:23] 
Progress: 1/49 (Run 2)
[04:07:23] 
============================================================
[04:07:23]   Benchmark:    barnes
[04:07:23]   Interference: baseline
[04:07:23] ============================================================
[04:07:23] Cleaning up jobs and pods...
[04:07:23] $ kubectl delete jobs --all
No resources found
[04:07:23] $ kubectl delete pods --all
No resources found
[04:07:33] No interference (baseline)
[04:07:33] Starting benchmark: barnes
[04:07:33] $ kubectl create -f parsec-benchmarks/part2a/parsec-barnes.yaml
job.batch/parsec-barnes created
[04:07:34] Waiting for job 'parsec-barnes' to complete...
[04:07:34] $ kubectl get jobs parsec-barnes -o jsonpath={.status.conditions[*].type}
[04:07:34]   Still running... (0s elapsed)
[04:07:49] $ kubectl get jobs parsec-barnes -o jsonpath={.status.conditions[*].type}
[04:07:49]   Still running... (15s elapsed)
[04:08:04] $ kubectl get jobs parsec-barnes -o jsonpath={.status.conditions[*].type}
[04:08:04]   Still running... (30s elapsed)
[04:08:19] $ kubectl get jobs parsec-barnes -o jsonpath={.status.conditions[*].type}
[04:08:20]   Still running... (46s elapsed)
[04:08:35] $ kubectl get jobs parsec-barnes -o jsonpath={.status.conditions[*].type}
[04:08:35]   Still running... (61s elapsed)
[04:08:50] $ kubectl get jobs parsec-barnes -o jsonpath={.status.conditions[*].type}
[04:08:50]   Still running... (76s elapsed)
[04:09:05] $ kubectl get jobs parsec-barnes -o jsonpath={.status.conditions[*].type}
[04:09:05]   Still running... (91s elapsed)
[04:09:20] $ kubectl get jobs parsec-barnes -o jsonpath={.status.conditions[*].type}
[04:09:21]   Still running... (107s elapsed)
[04:09:36] $ kubectl get jobs parsec-barnes -o jsonpath={.status.conditions[*].type}
[04:09:36]   Still running... (122s elapsed)
[04:09:51] $ kubectl get jobs parsec-barnes -o jsonpath={.status.conditions[*].type}
[04:09:51]   Still running... (137s elapsed)
[04:10:06] $ kubectl get jobs parsec-barnes -o jsonpath={.status.conditions[*].type}
[04:10:07]   Still running... (153s elapsed)
[04:10:22] $ kubectl get jobs parsec-barnes -o jsonpath={.status.conditions[*].type}
[04:10:22] Job 'parsec-barnes' completed successfully (168s)
[04:10:22] $ kubectl get pods --selector=job-name=parsec-barnes --output=jsonpath={.items[*].metadata.name}
[04:10:22] $ kubectl logs parsec-barnes-zrstj
[04:10:22] Execution time: 152.8s
[04:10:22] Cleaning up jobs and pods...
[04:10:22] $ kubectl delete jobs --all
job.batch "parsec-barnes" deleted from default namespace
[04:10:22] $ kubectl delete pods --all
No resources found
[04:10:32] Results saved to part2a-experiments/run2/results.csv
[04:10:32] 
Progress: 2/49 (Run 2)
[04:10:32] 
============================================================
[04:10:32]   Benchmark:    blackscholes
[04:10:32]   Interference: baseline
[04:10:32] ============================================================
[04:10:32] Cleaning up jobs and pods...
[04:10:32] $ kubectl delete jobs --all
No resources found
[04:10:33] $ kubectl delete pods --all
No resources found
[04:10:43] No interference (baseline)
[04:10:43] Starting benchmark: blackscholes
[04:10:43] $ kubectl create -f parsec-benchmarks/part2a/parsec-blackscholes.yaml
job.batch/parsec-blackscholes created
[04:10:43] Waiting for job 'parsec-blackscholes' to complete...
[04:10:43] $ kubectl get jobs parsec-blackscholes -o jsonpath={.status.conditions[*].type}
[04:10:43]   Still running... (0s elapsed)
[04:10:58] $ kubectl get jobs parsec-blackscholes -o jsonpath={.status.conditions[*].type}
[04:10:59]   Still running... (15s elapsed)
[04:11:14] $ kubectl get jobs parsec-blackscholes -o jsonpath={.status.conditions[*].type}
[04:11:14] Job 'parsec-blackscholes' completed successfully (30s)
[04:11:14] $ kubectl get pods --selector=job-name=parsec-blackscholes --output=jsonpath={.items[*].metadata.name}
[04:11:14] $ kubectl logs parsec-blackscholes-ps2pl
[04:11:14] Execution time: 0.9s
[04:11:14] Cleaning up jobs and pods...
[04:11:14] $ kubectl delete jobs --all
job.batch "parsec-blackscholes" deleted from default namespace
[04:11:14] $ kubectl delete pods --all
No resources found
[04:11:25] Results saved to part2a-experiments/run2/results.csv
[04:11:25] 
Progress: 3/49 (Run 2)
[04:11:25] 
============================================================
[04:11:25]   Benchmark:    canneal
[04:11:25]   Interference: baseline
[04:11:25] ============================================================
[04:11:25] Cleaning up jobs and pods...
[04:11:25] $ kubectl delete jobs --all
No resources found
[04:11:25] $ kubectl delete pods --all
No resources found
[04:11:35] No interference (baseline)
[04:11:35] Starting benchmark: canneal
[04:11:35] $ kubectl create -f parsec-benchmarks/part2a/parsec-canneal.yaml
job.batch/parsec-canneal created
[04:11:35] Waiting for job 'parsec-canneal' to complete...
[04:11:35] $ kubectl get jobs parsec-canneal -o jsonpath={.status.conditions[*].type}
[04:11:35]   Still running... (0s elapsed)
[04:11:50] $ kubectl get jobs parsec-canneal -o jsonpath={.status.conditions[*].type}
[04:11:51]   Still running... (15s elapsed)
[04:12:06] $ kubectl get jobs parsec-canneal -o jsonpath={.status.conditions[*].type}
[04:12:06] Job 'parsec-canneal' completed successfully (30s)
[04:12:06] $ kubectl get pods --selector=job-name=parsec-canneal --output=jsonpath={.items[*].metadata.name}
[04:12:06] $ kubectl logs parsec-canneal-7bhr2
[04:12:06] Execution time: 14.1s
[04:12:06] Cleaning up jobs and pods...
[04:12:06] $ kubectl delete jobs --all
job.batch "parsec-canneal" deleted from default namespace
[04:12:06] $ kubectl delete pods --all
No resources found
[04:12:16] Results saved to part2a-experiments/run2/results.csv
[04:12:16] 
Progress: 4/49 (Run 2)
[04:12:16] 
============================================================
[04:12:16]   Benchmark:    freqmine
[04:12:16]   Interference: baseline
[04:12:16] ============================================================
[04:12:16] Cleaning up jobs and pods...
[04:12:16] $ kubectl delete jobs --all
No resources found
[04:12:17] $ kubectl delete pods --all
No resources found
[04:12:27] No interference (baseline)
[04:12:27] Starting benchmark: freqmine
[04:12:27] $ kubectl create -f parsec-benchmarks/part2a/parsec-freqmine.yaml
job.batch/parsec-freqmine created
[04:12:27] Waiting for job 'parsec-freqmine' to complete...
[04:12:27] $ kubectl get jobs parsec-freqmine -o jsonpath={.status.conditions[*].type}
[04:12:27]   Still running... (0s elapsed)
[04:12:42] $ kubectl get jobs parsec-freqmine -o jsonpath={.status.conditions[*].type}
[04:12:43]   Still running... (15s elapsed)
[04:12:58] $ kubectl get jobs parsec-freqmine -o jsonpath={.status.conditions[*].type}
[04:12:58] Job 'parsec-freqmine' completed successfully (30s)
[04:12:58] $ kubectl get pods --selector=job-name=parsec-freqmine --output=jsonpath={.items[*].metadata.name}
[04:12:58] $ kubectl logs parsec-freqmine-pvggn
[04:12:58] Execution time: 8.8s
[04:12:58] Cleaning up jobs and pods...
[04:12:58] $ kubectl delete jobs --all
job.batch "parsec-freqmine" deleted from default namespace
[04:12:58] $ kubectl delete pods --all
No resources found
[04:13:08] Results saved to part2a-experiments/run2/results.csv
[04:13:08] 
Progress: 5/49 (Run 2)
[04:13:08] 
============================================================
[04:13:08]   Benchmark:    radix
[04:13:08]   Interference: baseline
[04:13:08] ============================================================
[04:13:08] Cleaning up jobs and pods...
[04:13:08] $ kubectl delete jobs --all
No resources found
[04:13:09] $ kubectl delete pods --all
No resources found
[04:13:19] No interference (baseline)
[04:13:19] Starting benchmark: radix
[04:13:19] $ kubectl create -f parsec-benchmarks/part2a/parsec-radix.yaml
job.batch/parsec-radix created
[04:13:19] Waiting for job 'parsec-radix' to complete...
[04:13:19] $ kubectl get jobs parsec-radix -o jsonpath={.status.conditions[*].type}
[04:13:19]   Still running... (0s elapsed)
[04:13:34] $ kubectl get jobs parsec-radix -o jsonpath={.status.conditions[*].type}
[04:13:34]   Still running... (15s elapsed)
[04:13:49] $ kubectl get jobs parsec-radix -o jsonpath={.status.conditions[*].type}
[04:13:50]   Still running... (30s elapsed)
[04:14:05] $ kubectl get jobs parsec-radix -o jsonpath={.status.conditions[*].type}
[04:14:05]   Still running... (46s elapsed)
[04:14:20] $ kubectl get jobs parsec-radix -o jsonpath={.status.conditions[*].type}
[04:14:20]   Still running... (61s elapsed)
[04:14:35] $ kubectl get jobs parsec-radix -o jsonpath={.status.conditions[*].type}
[04:14:36] Job 'parsec-radix' completed successfully (76s)
[04:14:36] $ kubectl get pods --selector=job-name=parsec-radix --output=jsonpath={.items[*].metadata.name}
[04:14:36] $ kubectl logs parsec-radix-sz7mk
[04:14:36] Execution time: 64.1s
[04:14:36] Cleaning up jobs and pods...
[04:14:36] $ kubectl delete jobs --all
job.batch "parsec-radix" deleted from default namespace
[04:14:36] $ kubectl delete pods --all
No resources found
[04:14:46] Results saved to part2a-experiments/run2/results.csv
[04:14:46] 
Progress: 6/49 (Run 2)
[04:14:46] 
============================================================
[04:14:46]   Benchmark:    streamcluster
[04:14:46]   Interference: baseline
[04:14:46] ============================================================
[04:14:46] Cleaning up jobs and pods...
[04:14:46] $ kubectl delete jobs --all
No resources found
[04:14:46] $ kubectl delete pods --all
No resources found
[04:14:57] No interference (baseline)
[04:14:57] Starting benchmark: streamcluster
[04:14:57] $ kubectl create -f parsec-benchmarks/part2a/parsec-streamcluster.yaml
job.batch/parsec-streamcluster created
[04:14:57] Waiting for job 'parsec-streamcluster' to complete...
[04:14:57] $ kubectl get jobs parsec-streamcluster -o jsonpath={.status.conditions[*].type}
[04:14:57]   Still running... (0s elapsed)
[04:15:12] $ kubectl get jobs parsec-streamcluster -o jsonpath={.status.conditions[*].type}
[04:15:12]   Still running... (15s elapsed)
[04:15:27] $ kubectl get jobs parsec-streamcluster -o jsonpath={.status.conditions[*].type}
[04:15:28] Job 'parsec-streamcluster' completed successfully (30s)
[04:15:28] $ kubectl get pods --selector=job-name=parsec-streamcluster --output=jsonpath={.items[*].metadata.name}
[04:15:28] $ kubectl logs parsec-streamcluster-nww9d
[04:15:28] Execution time: 15.1s
[04:15:28] Cleaning up jobs and pods...
[04:15:28] $ kubectl delete jobs --all
job.batch "parsec-streamcluster" deleted from default namespace
[04:15:28] $ kubectl delete pods --all
No resources found
[04:15:38] Results saved to part2a-experiments/run2/results.csv
[04:15:38] 
Progress: 7/49 (Run 2)
[04:15:38] 
============================================================
[04:15:38]   Benchmark:    vips
[04:15:38]   Interference: baseline
[04:15:38] ============================================================
[04:15:38] Cleaning up jobs and pods...
[04:15:38] $ kubectl delete jobs --all
No resources found
[04:15:38] $ kubectl delete pods --all
No resources found
[04:15:49] No interference (baseline)
[04:15:49] Starting benchmark: vips
[04:15:49] $ kubectl create -f parsec-benchmarks/part2a/parsec-vips.yaml
job.batch/parsec-vips created
[04:15:49] Waiting for job 'parsec-vips' to complete...
[04:15:49] $ kubectl get jobs parsec-vips -o jsonpath={.status.conditions[*].type}
[04:15:49]   Still running... (0s elapsed)
[04:16:04] $ kubectl get jobs parsec-vips -o jsonpath={.status.conditions[*].type}
[04:16:04]   Still running... (15s elapsed)
[04:16:19] $ kubectl get jobs parsec-vips -o jsonpath={.status.conditions[*].type}
[04:16:20]   Still running... (30s elapsed)
[04:16:35] $ kubectl get jobs parsec-vips -o jsonpath={.status.conditions[*].type}
[04:16:35]   Still running... (46s elapsed)
[04:16:50] $ kubectl get jobs parsec-vips -o jsonpath={.status.conditions[*].type}
[04:16:50]   Still running... (61s elapsed)
[04:17:05] $ kubectl get jobs parsec-vips -o jsonpath={.status.conditions[*].type}
[04:17:05]   Still running... (76s elapsed)
[04:17:20] $ kubectl get jobs parsec-vips -o jsonpath={.status.conditions[*].type}
[04:17:21]   Still running... (92s elapsed)
[04:17:36] $ kubectl get jobs parsec-vips -o jsonpath={.status.conditions[*].type}
[04:17:36]   Still running... (107s elapsed)
[04:17:51] $ kubectl get jobs parsec-vips -o jsonpath={.status.conditions[*].type}
[04:17:51]   Still running... (122s elapsed)
[04:18:06] $ kubectl get jobs parsec-vips -o jsonpath={.status.conditions[*].type}
[04:18:07]   Still running... (137s elapsed)
[04:18:22] $ kubectl get jobs parsec-vips -o jsonpath={.status.conditions[*].type}
[04:18:22]   Still running... (153s elapsed)
[04:18:37] $ kubectl get jobs parsec-vips -o jsonpath={.status.conditions[*].type}
[04:18:37]   Still running... (168s elapsed)
[04:18:52] $ kubectl get jobs parsec-vips -o jsonpath={.status.conditions[*].type}
[04:18:52]   Still running... (183s elapsed)
[04:19:07] $ kubectl get jobs parsec-vips -o jsonpath={.status.conditions[*].type}
[04:19:08]   Still running... (199s elapsed)
[04:19:23] $ kubectl get jobs parsec-vips -o jsonpath={.status.conditions[*].type}
[04:19:23] Job 'parsec-vips' completed successfully (214s)
[04:19:23] $ kubectl get pods --selector=job-name=parsec-vips --output=jsonpath={.items[*].metadata.name}
[04:19:23] $ kubectl logs parsec-vips-wkjj8
[04:19:23] Execution time: 142.6s
[04:19:23] Cleaning up jobs and pods...
[04:19:23] $ kubectl delete jobs --all
job.batch "parsec-vips" deleted from default namespace
[04:19:23] $ kubectl delete pods --all
No resources found
[04:19:34] Results saved to part2a-experiments/run2/results.csv
[04:19:34] 
Progress: 8/49 (Run 2)
[04:19:34] 
============================================================
[04:19:34]   Benchmark:    barnes
[04:19:34]   Interference: ibench-cpu
[04:19:34] ============================================================
[04:19:34] Cleaning up jobs and pods...
[04:19:34] $ kubectl delete jobs --all
No resources found
[04:19:34] $ kubectl delete pods --all
No resources found
[04:19:44] Starting interference: ibench-cpu
[04:19:44] $ kubectl create -f interference/part2a/ibench-cpu.yaml
pod/ibench-cpu created
[04:19:44] Waiting 30s for interference to stabilise...
[04:20:14] $ kubectl get pods -o wide
[04:20:15] Pods:
NAME         READY   STATUS              RESTARTS   AGE   IP       NODE                 NOMINATED NODE   READINESS GATES
ibench-cpu   0/1     ContainerCreating   0          31s   <none>   parsec-server-plp1   <none>           <none>

[04:20:15] Starting benchmark: barnes
[04:20:15] $ kubectl create -f parsec-benchmarks/part2a/parsec-barnes.yaml
job.batch/parsec-barnes created
[04:20:15] Waiting for job 'parsec-barnes' to complete...
[04:20:15] $ kubectl get jobs parsec-barnes -o jsonpath={.status.conditions[*].type}
[04:20:15]   Still running... (0s elapsed)
[04:20:30] $ kubectl get jobs parsec-barnes -o jsonpath={.status.conditions[*].type}
[04:20:30]   Still running... (15s elapsed)
[04:20:45] $ kubectl get jobs parsec-barnes -o jsonpath={.status.conditions[*].type}
[04:20:46]   Still running... (30s elapsed)
[04:21:01] $ kubectl get jobs parsec-barnes -o jsonpath={.status.conditions[*].type}
[04:21:01]   Still running... (46s elapsed)
[04:21:16] $ kubectl get jobs parsec-barnes -o jsonpath={.status.conditions[*].type}
[04:21:16]   Still running... (61s elapsed)
[04:21:31] $ kubectl get jobs parsec-barnes -o jsonpath={.status.conditions[*].type}
[04:21:31]   Still running... (76s elapsed)
[04:21:46] $ kubectl get jobs parsec-barnes -o jsonpath={.status.conditions[*].type}
[04:21:47]   Still running... (92s elapsed)
[04:22:02] $ kubectl get jobs parsec-barnes -o jsonpath={.status.conditions[*].type}
[04:22:02]   Still running... (107s elapsed)
[04:22:17] $ kubectl get jobs parsec-barnes -o jsonpath={.status.conditions[*].type}
[04:22:17]   Still running... (122s elapsed)
[04:22:32] $ kubectl get jobs parsec-barnes -o jsonpath={.status.conditions[*].type}
[04:22:33]   Still running... (137s elapsed)
[04:22:48] $ kubectl get jobs parsec-barnes -o jsonpath={.status.conditions[*].type}
[04:22:48]   Still running... (153s elapsed)
[04:23:03] $ kubectl get jobs parsec-barnes -o jsonpath={.status.conditions[*].type}
[04:23:03]   Still running... (168s elapsed)
[04:23:18] $ kubectl get jobs parsec-barnes -o jsonpath={.status.conditions[*].type}
[04:23:18]   Still running... (183s elapsed)
[04:23:33] $ kubectl get jobs parsec-barnes -o jsonpath={.status.conditions[*].type}
[04:23:34]   Still running... (199s elapsed)
[04:23:49] $ kubectl get jobs parsec-barnes -o jsonpath={.status.conditions[*].type}
[04:23:49]   Still running... (214s elapsed)
[04:24:04] $ kubectl get jobs parsec-barnes -o jsonpath={.status.conditions[*].type}
[04:24:04]   Still running... (229s elapsed)
[04:24:19] $ kubectl get jobs parsec-barnes -o jsonpath={.status.conditions[*].type}
[04:24:19]   Still running... (244s elapsed)
[04:24:34] $ kubectl get jobs parsec-barnes -o jsonpath={.status.conditions[*].type}
[04:24:35] Job 'parsec-barnes' completed successfully (260s)
[04:24:35] $ kubectl get pods --selector=job-name=parsec-barnes --output=jsonpath={.items[*].metadata.name}
[04:24:35] $ kubectl logs parsec-barnes-s7gqw
[04:24:35] Execution time: 220.8s
[04:24:35] Cleaning up jobs and pods...
[04:24:35] $ kubectl delete jobs --all
job.batch "parsec-barnes" deleted from default namespace
[04:24:35] $ kubectl delete pods --all
pod "ibench-cpu" deleted from default namespace
[04:25:16] Results saved to part2a-experiments/run2/results.csv
[04:25:16] 
Progress: 9/49 (Run 2)
[04:25:16] 
============================================================
[04:25:16]   Benchmark:    blackscholes
[04:25:16]   Interference: ibench-cpu
[04:25:16] ============================================================
[04:25:16] Cleaning up jobs and pods...
[04:25:16] $ kubectl delete jobs --all
No resources found
[04:25:16] $ kubectl delete pods --all
No resources found
[04:25:27] Starting interference: ibench-cpu
[04:25:27] $ kubectl create -f interference/part2a/ibench-cpu.yaml
pod/ibench-cpu created
[04:25:27] Waiting 30s for interference to stabilise...
[04:25:57] $ kubectl get pods -o wide
[04:25:57] Pods:
NAME         READY   STATUS    RESTARTS   AGE   IP            NODE                 NOMINATED NODE   READINESS GATES
ibench-cpu   1/1     Running   0          30s   100.96.1.13   parsec-server-plp1   <none>           <none>

[04:25:57] Starting benchmark: blackscholes
[04:25:57] $ kubectl create -f parsec-benchmarks/part2a/parsec-blackscholes.yaml
job.batch/parsec-blackscholes created
[04:25:57] Waiting for job 'parsec-blackscholes' to complete...
[04:25:57] $ kubectl get jobs parsec-blackscholes -o jsonpath={.status.conditions[*].type}
[04:25:58]   Still running... (0s elapsed)
[04:26:13] $ kubectl get jobs parsec-blackscholes -o jsonpath={.status.conditions[*].type}
[04:26:13] Job 'parsec-blackscholes' completed successfully (15s)
[04:26:13] $ kubectl get pods --selector=job-name=parsec-blackscholes --output=jsonpath={.items[*].metadata.name}
[04:26:13] $ kubectl logs parsec-blackscholes-hdfq9
[04:26:13] Execution time: 1.1s
[04:26:13] Cleaning up jobs and pods...
[04:26:13] $ kubectl delete jobs --all
job.batch "parsec-blackscholes" deleted from default namespace
[04:26:13] $ kubectl delete pods --all
pod "ibench-cpu" deleted from default namespace
[04:26:55] Results saved to part2a-experiments/run2/results.csv
[04:26:55] 
Progress: 10/49 (Run 2)
[04:26:55] 
============================================================
[04:26:55]   Benchmark:    canneal
[04:26:55]   Interference: ibench-cpu
[04:26:55] ============================================================
[04:26:55] Cleaning up jobs and pods...
[04:26:55] $ kubectl delete jobs --all
No resources found
[04:26:55] $ kubectl delete pods --all
No resources found
[04:27:05] Starting interference: ibench-cpu
[04:27:05] $ kubectl create -f interference/part2a/ibench-cpu.yaml
pod/ibench-cpu created
[04:27:05] Waiting 30s for interference to stabilise...
[04:27:35] $ kubectl get pods -o wide
[04:27:36] Pods:
NAME         READY   STATUS    RESTARTS   AGE   IP            NODE                 NOMINATED NODE   READINESS GATES
ibench-cpu   1/1     Running   0          31s   100.96.1.15   parsec-server-plp1   <none>           <none>

[04:27:36] Starting benchmark: canneal
[04:27:36] $ kubectl create -f parsec-benchmarks/part2a/parsec-canneal.yaml
job.batch/parsec-canneal created
[04:27:36] Waiting for job 'parsec-canneal' to complete...
[04:27:36] $ kubectl get jobs parsec-canneal -o jsonpath={.status.conditions[*].type}
[04:27:36]   Still running... (0s elapsed)
[04:27:51] $ kubectl get jobs parsec-canneal -o jsonpath={.status.conditions[*].type}
[04:27:51]   Still running... (15s elapsed)
[04:28:06] $ kubectl get jobs parsec-canneal -o jsonpath={.status.conditions[*].type}
[04:28:06] Job 'parsec-canneal' completed successfully (30s)
[04:28:06] $ kubectl get pods --selector=job-name=parsec-canneal --output=jsonpath={.items[*].metadata.name}
[04:28:07] $ kubectl logs parsec-canneal-p8xrf
[04:28:07] Execution time: 13.4s
[04:28:07] Cleaning up jobs and pods...
[04:28:07] $ kubectl delete jobs --all
job.batch "parsec-canneal" deleted from default namespace
[04:28:07] $ kubectl delete pods --all
pod "ibench-cpu" deleted from default namespace
[04:28:48] Results saved to part2a-experiments/run2/results.csv
[04:28:48] 
Progress: 11/49 (Run 2)
[04:28:48] 
============================================================
[04:28:48]   Benchmark:    freqmine
[04:28:48]   Interference: ibench-cpu
[04:28:48] ============================================================
[04:28:48] Cleaning up jobs and pods...
[04:28:48] $ kubectl delete jobs --all
No resources found
[04:28:48] $ kubectl delete pods --all
No resources found
[04:28:58] Starting interference: ibench-cpu
[04:28:58] $ kubectl create -f interference/part2a/ibench-cpu.yaml
pod/ibench-cpu created
[04:28:59] Waiting 30s for interference to stabilise...
[04:29:29] $ kubectl get pods -o wide
[04:29:29] Pods:
NAME         READY   STATUS    RESTARTS   AGE   IP            NODE                 NOMINATED NODE   READINESS GATES
ibench-cpu   1/1     Running   0          30s   100.96.1.17   parsec-server-plp1   <none>           <none>

[04:29:29] Starting benchmark: freqmine
[04:29:29] $ kubectl create -f parsec-benchmarks/part2a/parsec-freqmine.yaml
job.batch/parsec-freqmine created
[04:29:29] Waiting for job 'parsec-freqmine' to complete...
[04:29:29] $ kubectl get jobs parsec-freqmine -o jsonpath={.status.conditions[*].type}
[04:29:29]   Still running... (0s elapsed)
[04:29:44] $ kubectl get jobs parsec-freqmine -o jsonpath={.status.conditions[*].type}
[04:29:45]   Still running... (15s elapsed)
[04:30:00] $ kubectl get jobs parsec-freqmine -o jsonpath={.status.conditions[*].type}
[04:30:00] Job 'parsec-freqmine' completed successfully (30s)
[04:30:00] $ kubectl get pods --selector=job-name=parsec-freqmine --output=jsonpath={.items[*].metadata.name}
[04:30:00] $ kubectl logs parsec-freqmine-x4mzw
[04:30:00] Execution time: 14.0s
[04:30:00] Cleaning up jobs and pods...
[04:30:00] $ kubectl delete jobs --all
job.batch "parsec-freqmine" deleted from default namespace
[04:30:00] $ kubectl delete pods --all
pod "ibench-cpu" deleted from default namespace
[04:30:41] Results saved to part2a-experiments/run2/results.csv
[04:30:41] 
Progress: 12/49 (Run 2)
[04:30:41] 
============================================================
[04:30:41]   Benchmark:    radix
[04:30:41]   Interference: ibench-cpu
[04:30:41] ============================================================
[04:30:41] Cleaning up jobs and pods...
[04:30:41] $ kubectl delete jobs --all
No resources found
[04:30:42] $ kubectl delete pods --all
No resources found
[04:30:52] Starting interference: ibench-cpu
[04:30:52] $ kubectl create -f interference/part2a/ibench-cpu.yaml
pod/ibench-cpu created
[04:30:52] Waiting 30s for interference to stabilise...
[04:31:22] $ kubectl get pods -o wide
[04:31:22] Pods:
NAME         READY   STATUS    RESTARTS   AGE   IP            NODE                 NOMINATED NODE   READINESS GATES
ibench-cpu   1/1     Running   0          30s   100.96.1.19   parsec-server-plp1   <none>           <none>

[04:31:22] Starting benchmark: radix
[04:31:22] $ kubectl create -f parsec-benchmarks/part2a/parsec-radix.yaml
job.batch/parsec-radix created
[04:31:23] Waiting for job 'parsec-radix' to complete...
[04:31:23] $ kubectl get jobs parsec-radix -o jsonpath={.status.conditions[*].type}
[04:31:23]   Still running... (0s elapsed)
[04:31:38] $ kubectl get jobs parsec-radix -o jsonpath={.status.conditions[*].type}
[04:31:38]   Still running... (15s elapsed)
[04:31:53] $ kubectl get jobs parsec-radix -o jsonpath={.status.conditions[*].type}
[04:31:53]   Still running... (30s elapsed)
[04:32:08] $ kubectl get jobs parsec-radix -o jsonpath={.status.conditions[*].type}
[04:32:09]   Still running... (46s elapsed)
[04:32:24] $ kubectl get jobs parsec-radix -o jsonpath={.status.conditions[*].type}
[04:32:24]   Still running... (61s elapsed)
[04:32:39] $ kubectl get jobs parsec-radix -o jsonpath={.status.conditions[*].type}
[04:32:39] Job 'parsec-radix' completed successfully (76s)
[04:32:39] $ kubectl get pods --selector=job-name=parsec-radix --output=jsonpath={.items[*].metadata.name}
[04:32:39] $ kubectl logs parsec-radix-wqcq6
[04:32:39] Execution time: 66.8s
[04:32:39] Cleaning up jobs and pods...
[04:32:39] $ kubectl delete jobs --all
job.batch "parsec-radix" deleted from default namespace
[04:32:40] $ kubectl delete pods --all
pod "ibench-cpu" deleted from default namespace
[04:33:21] Results saved to part2a-experiments/run2/results.csv
[04:33:21] 
Progress: 13/49 (Run 2)
[04:33:21] 
============================================================
[04:33:21]   Benchmark:    streamcluster
[04:33:21]   Interference: ibench-cpu
[04:33:21] ============================================================
[04:33:21] Cleaning up jobs and pods...
[04:33:21] $ kubectl delete jobs --all
No resources found
[04:33:21] $ kubectl delete pods --all
No resources found
[04:33:31] Starting interference: ibench-cpu
[04:33:31] $ kubectl create -f interference/part2a/ibench-cpu.yaml
pod/ibench-cpu created
[04:33:32] Waiting 30s for interference to stabilise...
[04:34:02] $ kubectl get pods -o wide
[04:34:02] Pods:
NAME         READY   STATUS    RESTARTS   AGE   IP            NODE                 NOMINATED NODE   READINESS GATES
ibench-cpu   1/1     Running   0          30s   100.96.1.21   parsec-server-plp1   <none>           <none>

[04:34:02] Starting benchmark: streamcluster
[04:34:02] $ kubectl create -f parsec-benchmarks/part2a/parsec-streamcluster.yaml
job.batch/parsec-streamcluster created
[04:34:02] Waiting for job 'parsec-streamcluster' to complete...
[04:34:02] $ kubectl get jobs parsec-streamcluster -o jsonpath={.status.conditions[*].type}
[04:34:02]   Still running... (0s elapsed)
[04:34:17] $ kubectl get jobs parsec-streamcluster -o jsonpath={.status.conditions[*].type}
[04:34:17]   Still running... (15s elapsed)
[04:34:32] $ kubectl get jobs parsec-streamcluster -o jsonpath={.status.conditions[*].type}
[04:34:33] Job 'parsec-streamcluster' completed successfully (30s)
[04:34:33] $ kubectl get pods --selector=job-name=parsec-streamcluster --output=jsonpath={.items[*].metadata.name}
[04:34:33] $ kubectl logs parsec-streamcluster-dmkzn
[04:34:33] Execution time: 18.7s
[04:34:33] Cleaning up jobs and pods...
[04:34:33] $ kubectl delete jobs --all
job.batch "parsec-streamcluster" deleted from default namespace
[04:34:33] $ kubectl delete pods --all
pod "ibench-cpu" deleted from default namespace
[04:35:14] Results saved to part2a-experiments/run2/results.csv
[04:35:14] 
Progress: 14/49 (Run 2)
[04:35:14] 
============================================================
[04:35:14]   Benchmark:    vips
[04:35:14]   Interference: ibench-cpu
[04:35:14] ============================================================
[04:35:14] Cleaning up jobs and pods...
[04:35:14] $ kubectl delete jobs --all
No resources found
[04:35:15] $ kubectl delete pods --all
No resources found
[04:35:25] Starting interference: ibench-cpu
[04:35:25] $ kubectl create -f interference/part2a/ibench-cpu.yaml
pod/ibench-cpu created
[04:35:25] Waiting 30s for interference to stabilise...
[04:35:55] $ kubectl get pods -o wide
[04:35:55] Pods:
NAME         READY   STATUS    RESTARTS   AGE   IP            NODE                 NOMINATED NODE   READINESS GATES
ibench-cpu   1/1     Running   0          30s   100.96.1.23   parsec-server-plp1   <none>           <none>

[04:35:55] Starting benchmark: vips
[04:35:55] $ kubectl create -f parsec-benchmarks/part2a/parsec-vips.yaml
job.batch/parsec-vips created
[04:35:56] Waiting for job 'parsec-vips' to complete...
[04:35:56] $ kubectl get jobs parsec-vips -o jsonpath={.status.conditions[*].type}
[04:35:56]   Still running... (0s elapsed)
[04:36:11] $ kubectl get jobs parsec-vips -o jsonpath={.status.conditions[*].type}
[04:36:11]   Still running... (15s elapsed)
[04:36:26] $ kubectl get jobs parsec-vips -o jsonpath={.status.conditions[*].type}
[04:36:26]   Still running... (30s elapsed)
[04:36:41] $ kubectl get jobs parsec-vips -o jsonpath={.status.conditions[*].type}
[04:36:41]   Still running... (46s elapsed)
[04:36:56] $ kubectl get jobs parsec-vips -o jsonpath={.status.conditions[*].type}
[04:36:57]   Still running... (61s elapsed)
[04:37:12] $ kubectl get jobs parsec-vips -o jsonpath={.status.conditions[*].type}
[04:37:12]   Still running... (76s elapsed)
[04:37:27] $ kubectl get jobs parsec-vips -o jsonpath={.status.conditions[*].type}
[04:37:27]   Still running... (92s elapsed)
[04:37:42] $ kubectl get jobs parsec-vips -o jsonpath={.status.conditions[*].type}
[04:37:43]   Still running... (107s elapsed)
[04:37:58] $ kubectl get jobs parsec-vips -o jsonpath={.status.conditions[*].type}
[04:37:58]   Still running... (122s elapsed)
[04:38:13] $ kubectl get jobs parsec-vips -o jsonpath={.status.conditions[*].type}
[04:38:13]   Still running... (137s elapsed)
[04:38:28] $ kubectl get jobs parsec-vips -o jsonpath={.status.conditions[*].type}
[04:38:28]   Still running... (153s elapsed)
[04:38:44] $ kubectl get jobs parsec-vips -o jsonpath={.status.conditions[*].type}
[04:38:44]   Still running... (168s elapsed)
[04:38:59] $ kubectl get jobs parsec-vips -o jsonpath={.status.conditions[*].type}
[04:38:59]   Still running... (183s elapsed)
[04:39:14] $ kubectl get jobs parsec-vips -o jsonpath={.status.conditions[*].type}
[04:39:14]   Still running... (199s elapsed)
[04:39:29] $ kubectl get jobs parsec-vips -o jsonpath={.status.conditions[*].type}
[04:39:30]   Still running... (214s elapsed)
[04:39:45] $ kubectl get jobs parsec-vips -o jsonpath={.status.conditions[*].type}
[04:39:45] Job 'parsec-vips' completed successfully (229s)
[04:39:45] $ kubectl get pods --selector=job-name=parsec-vips --output=jsonpath={.items[*].metadata.name}
[04:39:45] $ kubectl logs parsec-vips-nkkzt
[04:39:45] Execution time: 197.6s
[04:39:45] Cleaning up jobs and pods...
[04:39:45] $ kubectl delete jobs --all
job.batch "parsec-vips" deleted from default namespace
[04:39:45] $ kubectl delete pods --all
pod "ibench-cpu" deleted from default namespace
[04:40:26] Results saved to part2a-experiments/run2/results.csv
[04:40:26] 
Progress: 15/49 (Run 2)
[04:40:26] 
============================================================
[04:40:26]   Benchmark:    barnes
[04:40:26]   Interference: ibench-l1d
[04:40:26] ============================================================
[04:40:26] Cleaning up jobs and pods...
[04:40:26] $ kubectl delete jobs --all
No resources found
[04:40:27] $ kubectl delete pods --all
No resources found
[04:40:37] Starting interference: ibench-l1d
[04:40:37] $ kubectl create -f interference/part2a/ibench-l1d.yaml
pod/ibench-l1d created
[04:40:37] Waiting 30s for interference to stabilise...
[04:41:07] $ kubectl get pods -o wide
[04:41:07] Pods:
NAME         READY   STATUS    RESTARTS   AGE   IP            NODE                 NOMINATED NODE   READINESS GATES
ibench-l1d   1/1     Running   0          30s   100.96.1.25   parsec-server-plp1   <none>           <none>

[04:41:07] Starting benchmark: barnes
[04:41:07] $ kubectl create -f parsec-benchmarks/part2a/parsec-barnes.yaml
job.batch/parsec-barnes created
[04:41:08] Waiting for job 'parsec-barnes' to complete...
[04:41:08] $ kubectl get jobs parsec-barnes -o jsonpath={.status.conditions[*].type}
[04:41:08]   Still running... (0s elapsed)
[04:41:23] $ kubectl get jobs parsec-barnes -o jsonpath={.status.conditions[*].type}
[04:41:23]   Still running... (15s elapsed)
[04:41:38] $ kubectl get jobs parsec-barnes -o jsonpath={.status.conditions[*].type}
[04:41:38]   Still running... (30s elapsed)
[04:41:53] $ kubectl get jobs parsec-barnes -o jsonpath={.status.conditions[*].type}
[04:41:53]   Still running... (46s elapsed)
[04:42:08] $ kubectl get jobs parsec-barnes -o jsonpath={.status.conditions[*].type}
[04:42:09]   Still running... (61s elapsed)
[04:42:24] $ kubectl get jobs parsec-barnes -o jsonpath={.status.conditions[*].type}
[04:42:24]   Still running... (76s elapsed)
[04:42:39] $ kubectl get jobs parsec-barnes -o jsonpath={.status.conditions[*].type}
[04:42:39]   Still running... (92s elapsed)
[04:42:54] $ kubectl get jobs parsec-barnes -o jsonpath={.status.conditions[*].type}
[04:42:55]   Still running... (107s elapsed)
[04:43:10] $ kubectl get jobs parsec-barnes -o jsonpath={.status.conditions[*].type}
[04:43:10]   Still running... (122s elapsed)
[04:43:25] $ kubectl get jobs parsec-barnes -o jsonpath={.status.conditions[*].type}
[04:43:25]   Still running... (137s elapsed)
[04:43:40] $ kubectl get jobs parsec-barnes -o jsonpath={.status.conditions[*].type}
[04:43:41]   Still running... (153s elapsed)
[04:43:56] $ kubectl get jobs parsec-barnes -o jsonpath={.status.conditions[*].type}
[04:43:56]   Still running... (168s elapsed)
[04:44:11] $ kubectl get jobs parsec-barnes -o jsonpath={.status.conditions[*].type}
[04:44:11]   Still running... (183s elapsed)
[04:44:26] $ kubectl get jobs parsec-barnes -o jsonpath={.status.conditions[*].type}
[04:44:26]   Still running... (199s elapsed)
[04:44:41] $ kubectl get jobs parsec-barnes -o jsonpath={.status.conditions[*].type}
[04:44:42]   Still running... (214s elapsed)
[04:44:57] $ kubectl get jobs parsec-barnes -o jsonpath={.status.conditions[*].type}
[04:44:57]   Still running... (229s elapsed)
[04:45:12] $ kubectl get jobs parsec-barnes -o jsonpath={.status.conditions[*].type}
[04:45:12]   Still running... (244s elapsed)
[04:45:27] $ kubectl get jobs parsec-barnes -o jsonpath={.status.conditions[*].type}
[04:45:28]   Still running... (260s elapsed)
[04:45:43] $ kubectl get jobs parsec-barnes -o jsonpath={.status.conditions[*].type}
[04:45:43] Job 'parsec-barnes' completed successfully (275s)
[04:45:43] $ kubectl get pods --selector=job-name=parsec-barnes --output=jsonpath={.items[*].metadata.name}
[04:45:43] $ kubectl logs parsec-barnes-trtkn
[04:45:43] Execution time: 256.6s
[04:45:43] Cleaning up jobs and pods...
[04:45:43] $ kubectl delete jobs --all
job.batch "parsec-barnes" deleted from default namespace
[04:45:43] $ kubectl delete pods --all
pod "ibench-l1d" deleted from default namespace
[04:46:24] Results saved to part2a-experiments/run2/results.csv
[04:46:24] 
Progress: 16/49 (Run 2)
[04:46:24] 
============================================================
[04:46:24]   Benchmark:    blackscholes
[04:46:24]   Interference: ibench-l1d
[04:46:24] ============================================================
[04:46:24] Cleaning up jobs and pods...
[04:46:24] $ kubectl delete jobs --all
No resources found
[04:46:25] $ kubectl delete pods --all
No resources found
[04:46:35] Starting interference: ibench-l1d
[04:46:35] $ kubectl create -f interference/part2a/ibench-l1d.yaml
pod/ibench-l1d created
[04:46:35] Waiting 30s for interference to stabilise...
[04:47:05] $ kubectl get pods -o wide
[04:47:05] Pods:
NAME         READY   STATUS    RESTARTS   AGE   IP            NODE                 NOMINATED NODE   READINESS GATES
ibench-l1d   1/1     Running   0          30s   100.96.1.27   parsec-server-plp1   <none>           <none>

[04:47:05] Starting benchmark: blackscholes
[04:47:05] $ kubectl create -f parsec-benchmarks/part2a/parsec-blackscholes.yaml
job.batch/parsec-blackscholes created
[04:47:06] Waiting for job 'parsec-blackscholes' to complete...
[04:47:06] $ kubectl get jobs parsec-blackscholes -o jsonpath={.status.conditions[*].type}
[04:47:06]   Still running... (0s elapsed)
[04:47:21] $ kubectl get jobs parsec-blackscholes -o jsonpath={.status.conditions[*].type}
[04:47:21] Job 'parsec-blackscholes' completed successfully (15s)
[04:47:21] $ kubectl get pods --selector=job-name=parsec-blackscholes --output=jsonpath={.items[*].metadata.name}
[04:47:21] $ kubectl logs parsec-blackscholes-tnqlv
[04:47:21] Execution time: 1.2s
[04:47:21] Cleaning up jobs and pods...
[04:47:21] $ kubectl delete jobs --all
job.batch "parsec-blackscholes" deleted from default namespace
[04:47:22] $ kubectl delete pods --all
pod "ibench-l1d" deleted from default namespace
[04:48:03] Results saved to part2a-experiments/run2/results.csv
[04:48:03] 
Progress: 17/49 (Run 2)
[04:48:03] 
============================================================
[04:48:03]   Benchmark:    canneal
[04:48:03]   Interference: ibench-l1d
[04:48:03] ============================================================
[04:48:03] Cleaning up jobs and pods...
[04:48:03] $ kubectl delete jobs --all
No resources found
[04:48:03] $ kubectl delete pods --all
No resources found
[04:48:13] Starting interference: ibench-l1d
[04:48:13] $ kubectl create -f interference/part2a/ibench-l1d.yaml
pod/ibench-l1d created
[04:48:14] Waiting 30s for interference to stabilise...
[04:48:44] $ kubectl get pods -o wide
[04:48:44] Pods:
NAME         READY   STATUS    RESTARTS   AGE   IP            NODE                 NOMINATED NODE   READINESS GATES
ibench-l1d   1/1     Running   0          30s   100.96.1.29   parsec-server-plp1   <none>           <none>

[04:48:44] Starting benchmark: canneal
[04:48:44] $ kubectl create -f parsec-benchmarks/part2a/parsec-canneal.yaml
job.batch/parsec-canneal created
[04:48:44] Waiting for job 'parsec-canneal' to complete...
[04:48:44] $ kubectl get jobs parsec-canneal -o jsonpath={.status.conditions[*].type}
[04:48:44]   Still running... (0s elapsed)
[04:48:59] $ kubectl get jobs parsec-canneal -o jsonpath={.status.conditions[*].type}
[04:48:59]   Still running... (15s elapsed)
[04:49:14] $ kubectl get jobs parsec-canneal -o jsonpath={.status.conditions[*].type}
[04:49:15] Job 'parsec-canneal' completed successfully (30s)
[04:49:15] $ kubectl get pods --selector=job-name=parsec-canneal --output=jsonpath={.items[*].metadata.name}
[04:49:15] $ kubectl logs parsec-canneal-w5hr7
[04:49:15] Execution time: 18.7s
[04:49:15] Cleaning up jobs and pods...
[04:49:15] $ kubectl delete jobs --all
job.batch "parsec-canneal" deleted from default namespace
[04:49:15] $ kubectl delete pods --all
pod "ibench-l1d" deleted from default namespace
[04:49:56] Results saved to part2a-experiments/run2/results.csv
[04:49:56] 
Progress: 18/49 (Run 2)
[04:49:56] 
============================================================
[04:49:56]   Benchmark:    freqmine
[04:49:56]   Interference: ibench-l1d
[04:49:56] ============================================================
[04:49:56] Cleaning up jobs and pods...
[04:49:56] $ kubectl delete jobs --all
No resources found
[04:49:56] $ kubectl delete pods --all
No resources found
[04:50:07] Starting interference: ibench-l1d
[04:50:07] $ kubectl create -f interference/part2a/ibench-l1d.yaml
pod/ibench-l1d created
[04:50:07] Waiting 30s for interference to stabilise...
[04:50:37] $ kubectl get pods -o wide
[04:50:37] Pods:
NAME         READY   STATUS    RESTARTS   AGE   IP            NODE                 NOMINATED NODE   READINESS GATES
ibench-l1d   1/1     Running   0          30s   100.96.1.31   parsec-server-plp1   <none>           <none>

[04:50:37] Starting benchmark: freqmine
[04:50:37] $ kubectl create -f parsec-benchmarks/part2a/parsec-freqmine.yaml
job.batch/parsec-freqmine created
[04:50:37] Waiting for job 'parsec-freqmine' to complete...
[04:50:37] $ kubectl get jobs parsec-freqmine -o jsonpath={.status.conditions[*].type}
[04:50:37]   Still running... (0s elapsed)
[04:50:52] $ kubectl get jobs parsec-freqmine -o jsonpath={.status.conditions[*].type}
[04:50:53] Job 'parsec-freqmine' completed successfully (15s)
[04:50:53] $ kubectl get pods --selector=job-name=parsec-freqmine --output=jsonpath={.items[*].metadata.name}
[04:50:53] $ kubectl logs parsec-freqmine-b7wzl
[04:50:53] Execution time: 9.4s
[04:50:53] Cleaning up jobs and pods...
[04:50:53] $ kubectl delete jobs --all
job.batch "parsec-freqmine" deleted from default namespace
[04:50:53] $ kubectl delete pods --all
pod "ibench-l1d" deleted from default namespace
[04:51:34] Results saved to part2a-experiments/run2/results.csv
[04:51:34] 
Progress: 19/49 (Run 2)
[04:51:34] 
============================================================
[04:51:34]   Benchmark:    radix
[04:51:34]   Interference: ibench-l1d
[04:51:34] ============================================================
[04:51:34] Cleaning up jobs and pods...
[04:51:34] $ kubectl delete jobs --all
No resources found
[04:51:35] $ kubectl delete pods --all
No resources found
[04:51:45] Starting interference: ibench-l1d
[04:51:45] $ kubectl create -f interference/part2a/ibench-l1d.yaml
pod/ibench-l1d created
[04:51:45] Waiting 30s for interference to stabilise...
[04:52:15] $ kubectl get pods -o wide
[04:52:15] Pods:
NAME         READY   STATUS    RESTARTS   AGE   IP            NODE                 NOMINATED NODE   READINESS GATES
ibench-l1d   1/1     Running   0          30s   100.96.1.33   parsec-server-plp1   <none>           <none>

[04:52:15] Starting benchmark: radix
[04:52:15] $ kubectl create -f parsec-benchmarks/part2a/parsec-radix.yaml
job.batch/parsec-radix created
[04:52:16] Waiting for job 'parsec-radix' to complete...
[04:52:16] $ kubectl get jobs parsec-radix -o jsonpath={.status.conditions[*].type}
[04:52:16]   Still running... (0s elapsed)
[04:52:31] $ kubectl get jobs parsec-radix -o jsonpath={.status.conditions[*].type}
[04:52:31]   Still running... (15s elapsed)
[04:52:46] $ kubectl get jobs parsec-radix -o jsonpath={.status.conditions[*].type}
[04:52:46]   Still running... (30s elapsed)
[04:53:01] $ kubectl get jobs parsec-radix -o jsonpath={.status.conditions[*].type}
[04:53:02]   Still running... (46s elapsed)
[04:53:17] $ kubectl get jobs parsec-radix -o jsonpath={.status.conditions[*].type}
[04:53:17]   Still running... (61s elapsed)
[04:53:32] $ kubectl get jobs parsec-radix -o jsonpath={.status.conditions[*].type}
[04:53:32]   Still running... (76s elapsed)
[04:53:47] $ kubectl get jobs parsec-radix -o jsonpath={.status.conditions[*].type}
[04:53:47] Job 'parsec-radix' completed successfully (91s)
[04:53:47] $ kubectl get pods --selector=job-name=parsec-radix --output=jsonpath={.items[*].metadata.name}
[04:53:48] $ kubectl logs parsec-radix-pvxpt
[04:53:48] Execution time: 81.4s
[04:53:48] Cleaning up jobs and pods...
[04:53:48] $ kubectl delete jobs --all
job.batch "parsec-radix" deleted from default namespace
[04:53:48] $ kubectl delete pods --all
pod "ibench-l1d" deleted from default namespace
[04:54:29] Results saved to part2a-experiments/run2/results.csv
[04:54:29] 
Progress: 20/49 (Run 2)
[04:54:29] 
============================================================
[04:54:29]   Benchmark:    streamcluster
[04:54:29]   Interference: ibench-l1d
[04:54:29] ============================================================
[04:54:29] Cleaning up jobs and pods...
[04:54:29] $ kubectl delete jobs --all
No resources found
[04:54:29] $ kubectl delete pods --all
No resources found
[04:54:40] Starting interference: ibench-l1d
[04:54:40] $ kubectl create -f interference/part2a/ibench-l1d.yaml
pod/ibench-l1d created
[04:54:40] Waiting 30s for interference to stabilise...
[04:55:10] $ kubectl get pods -o wide
[04:55:10] Pods:
NAME         READY   STATUS    RESTARTS   AGE   IP            NODE                 NOMINATED NODE   READINESS GATES
ibench-l1d   1/1     Running   0          30s   100.96.1.35   parsec-server-plp1   <none>           <none>

[04:55:10] Starting benchmark: streamcluster
[04:55:10] $ kubectl create -f parsec-benchmarks/part2a/parsec-streamcluster.yaml
job.batch/parsec-streamcluster created
[04:55:10] Waiting for job 'parsec-streamcluster' to complete...
[04:55:10] $ kubectl get jobs parsec-streamcluster -o jsonpath={.status.conditions[*].type}
[04:55:10]   Still running... (0s elapsed)
[04:55:25] $ kubectl get jobs parsec-streamcluster -o jsonpath={.status.conditions[*].type}
[04:55:26]   Still running... (15s elapsed)
[04:55:41] $ kubectl get jobs parsec-streamcluster -o jsonpath={.status.conditions[*].type}
[04:55:41] Job 'parsec-streamcluster' completed successfully (30s)
[04:55:41] $ kubectl get pods --selector=job-name=parsec-streamcluster --output=jsonpath={.items[*].metadata.name}
[04:55:41] $ kubectl logs parsec-streamcluster-rn6gs
[04:55:41] Execution time: 16.2s
[04:55:41] Cleaning up jobs and pods...
[04:55:41] $ kubectl delete jobs --all
job.batch "parsec-streamcluster" deleted from default namespace
[04:55:41] $ kubectl delete pods --all
pod "ibench-l1d" deleted from default namespace
[04:56:22] Results saved to part2a-experiments/run2/results.csv
[04:56:22] 
Progress: 21/49 (Run 2)
[04:56:22] 
============================================================
[04:56:22]   Benchmark:    vips
[04:56:22]   Interference: ibench-l1d
[04:56:22] ============================================================
[04:56:22] Cleaning up jobs and pods...
[04:56:22] $ kubectl delete jobs --all
No resources found
[04:56:23] $ kubectl delete pods --all
No resources found
[04:56:33] Starting interference: ibench-l1d
[04:56:33] $ kubectl create -f interference/part2a/ibench-l1d.yaml
pod/ibench-l1d created
[04:56:33] Waiting 30s for interference to stabilise...
[04:57:03] $ kubectl get pods -o wide
[04:57:03] Pods:
NAME         READY   STATUS    RESTARTS   AGE   IP            NODE                 NOMINATED NODE   READINESS GATES
ibench-l1d   1/1     Running   0          30s   100.96.1.37   parsec-server-plp1   <none>           <none>

[04:57:03] Starting benchmark: vips
[04:57:03] $ kubectl create -f parsec-benchmarks/part2a/parsec-vips.yaml
job.batch/parsec-vips created
[04:57:03] Waiting for job 'parsec-vips' to complete...
[04:57:03] $ kubectl get jobs parsec-vips -o jsonpath={.status.conditions[*].type}
[04:57:04]   Still running... (0s elapsed)
[04:57:19] $ kubectl get jobs parsec-vips -o jsonpath={.status.conditions[*].type}
[04:57:19]   Still running... (15s elapsed)
[04:57:34] $ kubectl get jobs parsec-vips -o jsonpath={.status.conditions[*].type}
[04:57:34]   Still running... (30s elapsed)
[04:57:49] $ kubectl get jobs parsec-vips -o jsonpath={.status.conditions[*].type}
[04:57:49]   Still running... (46s elapsed)
[04:58:04] $ kubectl get jobs parsec-vips -o jsonpath={.status.conditions[*].type}
[04:58:05]   Still running... (61s elapsed)
[04:58:20] $ kubectl get jobs parsec-vips -o jsonpath={.status.conditions[*].type}
[04:58:20]   Still running... (76s elapsed)
[04:58:35] $ kubectl get jobs parsec-vips -o jsonpath={.status.conditions[*].type}
[04:58:35]   Still running... (92s elapsed)
[04:58:50] $ kubectl get jobs parsec-vips -o jsonpath={.status.conditions[*].type}
[04:58:51]   Still running... (107s elapsed)
[04:59:06] $ kubectl get jobs parsec-vips -o jsonpath={.status.conditions[*].type}
[04:59:06]   Still running... (122s elapsed)
[04:59:21] $ kubectl get jobs parsec-vips -o jsonpath={.status.conditions[*].type}
[04:59:21]   Still running... (137s elapsed)
[04:59:36] $ kubectl get jobs parsec-vips -o jsonpath={.status.conditions[*].type}
[04:59:36]   Still running... (153s elapsed)
[04:59:51] $ kubectl get jobs parsec-vips -o jsonpath={.status.conditions[*].type}
[04:59:52]   Still running... (168s elapsed)
[05:00:07] $ kubectl get jobs parsec-vips -o jsonpath={.status.conditions[*].type}
[05:00:07]   Still running... (183s elapsed)
[05:00:22] $ kubectl get jobs parsec-vips -o jsonpath={.status.conditions[*].type}
[05:00:22]   Still running... (199s elapsed)
[05:00:37] $ kubectl get jobs parsec-vips -o jsonpath={.status.conditions[*].type}
[05:00:38]   Still running... (214s elapsed)
[05:00:53] $ kubectl get jobs parsec-vips -o jsonpath={.status.conditions[*].type}
[05:00:53]   Still running... (229s elapsed)
[05:01:08] $ kubectl get jobs parsec-vips -o jsonpath={.status.conditions[*].type}
[05:01:08] Job 'parsec-vips' completed successfully (244s)
[05:01:08] $ kubectl get pods --selector=job-name=parsec-vips --output=jsonpath={.items[*].metadata.name}
[05:01:08] $ kubectl logs parsec-vips-x644v
[05:01:08] Execution time: 209.0s
[05:01:08] Cleaning up jobs and pods...
[05:01:08] $ kubectl delete jobs --all
job.batch "parsec-vips" deleted from default namespace
[05:01:09] $ kubectl delete pods --all
pod "ibench-l1d" deleted from default namespace
[05:01:49] Results saved to part2a-experiments/run2/results.csv
[05:01:49] 
Progress: 22/49 (Run 2)
[05:01:49] 
============================================================
[05:01:49]   Benchmark:    barnes
[05:01:49]   Interference: ibench-l1i
[05:01:49] ============================================================
[05:01:49] Cleaning up jobs and pods...
[05:01:49] $ kubectl delete jobs --all
No resources found
[05:01:50] $ kubectl delete pods --all
No resources found
[05:02:00] Starting interference: ibench-l1i
[05:02:00] $ kubectl create -f interference/part2a/ibench-l1i.yaml
pod/ibench-l1i created
[05:02:00] Waiting 30s for interference to stabilise...
[05:02:30] $ kubectl get pods -o wide
[05:02:30] Pods:
NAME         READY   STATUS    RESTARTS   AGE   IP            NODE                 NOMINATED NODE   READINESS GATES
ibench-l1i   1/1     Running   0          31s   100.96.1.39   parsec-server-plp1   <none>           <none>

[05:02:30] Starting benchmark: barnes
[05:02:30] $ kubectl create -f parsec-benchmarks/part2a/parsec-barnes.yaml
job.batch/parsec-barnes created
[05:02:31] Waiting for job 'parsec-barnes' to complete...
[05:02:31] $ kubectl get jobs parsec-barnes -o jsonpath={.status.conditions[*].type}
[05:02:31]   Still running... (0s elapsed)
[05:02:46] $ kubectl get jobs parsec-barnes -o jsonpath={.status.conditions[*].type}
[05:02:46]   Still running... (15s elapsed)
[05:03:01] $ kubectl get jobs parsec-barnes -o jsonpath={.status.conditions[*].type}
[05:03:01]   Still running... (30s elapsed)
[05:03:16] $ kubectl get jobs parsec-barnes -o jsonpath={.status.conditions[*].type}
[05:03:17]   Still running... (46s elapsed)
[05:03:32] $ kubectl get jobs parsec-barnes -o jsonpath={.status.conditions[*].type}
[05:03:32]   Still running... (61s elapsed)
[05:03:47] $ kubectl get jobs parsec-barnes -o jsonpath={.status.conditions[*].type}
[05:03:47]   Still running... (76s elapsed)
[05:04:02] $ kubectl get jobs parsec-barnes -o jsonpath={.status.conditions[*].type}
[05:04:02]   Still running... (91s elapsed)
[05:04:17] $ kubectl get jobs parsec-barnes -o jsonpath={.status.conditions[*].type}
[05:04:18]   Still running... (107s elapsed)
[05:04:33] $ kubectl get jobs parsec-barnes -o jsonpath={.status.conditions[*].type}
[05:04:33]   Still running... (122s elapsed)
[05:04:48] $ kubectl get jobs parsec-barnes -o jsonpath={.status.conditions[*].type}
[05:04:48]   Still running... (137s elapsed)
[05:05:03] $ kubectl get jobs parsec-barnes -o jsonpath={.status.conditions[*].type}
[05:05:04]   Still running... (153s elapsed)
[05:05:19] $ kubectl get jobs parsec-barnes -o jsonpath={.status.conditions[*].type}
[05:05:19]   Still running... (168s elapsed)
[05:05:34] $ kubectl get jobs parsec-barnes -o jsonpath={.status.conditions[*].type}
[05:05:34]   Still running... (183s elapsed)
[05:05:49] $ kubectl get jobs parsec-barnes -o jsonpath={.status.conditions[*].type}
[05:05:49]   Still running... (198s elapsed)
[05:06:04] $ kubectl get jobs parsec-barnes -o jsonpath={.status.conditions[*].type}
[05:06:05]   Still running... (214s elapsed)
[05:06:20] $ kubectl get jobs parsec-barnes -o jsonpath={.status.conditions[*].type}
[05:06:20]   Still running... (229s elapsed)
[05:06:35] $ kubectl get jobs parsec-barnes -o jsonpath={.status.conditions[*].type}
[05:06:35]   Still running... (244s elapsed)
[05:06:50] $ kubectl get jobs parsec-barnes -o jsonpath={.status.conditions[*].type}
[05:06:51]   Still running... (260s elapsed)
[05:07:06] $ kubectl get jobs parsec-barnes -o jsonpath={.status.conditions[*].type}
[05:07:06]   Still running... (275s elapsed)
[05:07:21] $ kubectl get jobs parsec-barnes -o jsonpath={.status.conditions[*].type}
[05:07:21]   Still running... (290s elapsed)
[05:07:36] $ kubectl get jobs parsec-barnes -o jsonpath={.status.conditions[*].type}
[05:07:36] Job 'parsec-barnes' completed successfully (306s)
[05:07:36] $ kubectl get pods --selector=job-name=parsec-barnes --output=jsonpath={.items[*].metadata.name}
[05:07:37] $ kubectl logs parsec-barnes-f4b2z
[05:07:37] Execution time: 299.5s
[05:07:37] Cleaning up jobs and pods...
[05:07:37] $ kubectl delete jobs --all
job.batch "parsec-barnes" deleted from default namespace
[05:07:37] $ kubectl delete pods --all
pod "ibench-l1i" deleted from default namespace
[05:08:18] Results saved to part2a-experiments/run2/results.csv
[05:08:18] 
Progress: 23/49 (Run 2)
[05:08:18] 
============================================================
[05:08:18]   Benchmark:    blackscholes
[05:08:18]   Interference: ibench-l1i
[05:08:18] ============================================================
[05:08:18] Cleaning up jobs and pods...
[05:08:18] $ kubectl delete jobs --all
No resources found
[05:08:18] $ kubectl delete pods --all
No resources found
[05:08:28] Starting interference: ibench-l1i
[05:08:28] $ kubectl create -f interference/part2a/ibench-l1i.yaml
pod/ibench-l1i created
[05:08:29] Waiting 30s for interference to stabilise...
[05:08:59] $ kubectl get pods -o wide
[05:08:59] Pods:
NAME         READY   STATUS    RESTARTS   AGE   IP            NODE                 NOMINATED NODE   READINESS GATES
ibench-l1i   1/1     Running   0          30s   100.96.1.41   parsec-server-plp1   <none>           <none>

[05:08:59] Starting benchmark: blackscholes
[05:08:59] $ kubectl create -f parsec-benchmarks/part2a/parsec-blackscholes.yaml
job.batch/parsec-blackscholes created
[05:08:59] Waiting for job 'parsec-blackscholes' to complete...
[05:08:59] $ kubectl get jobs parsec-blackscholes -o jsonpath={.status.conditions[*].type}
[05:08:59]   Still running... (0s elapsed)
[05:09:14] $ kubectl get jobs parsec-blackscholes -o jsonpath={.status.conditions[*].type}
[05:09:15] Job 'parsec-blackscholes' completed successfully (15s)
[05:09:15] $ kubectl get pods --selector=job-name=parsec-blackscholes --output=jsonpath={.items[*].metadata.name}
[05:09:15] $ kubectl logs parsec-blackscholes-wtvcg
[05:09:15] Execution time: 1.4s
[05:09:15] Cleaning up jobs and pods...
[05:09:15] $ kubectl delete jobs --all
job.batch "parsec-blackscholes" deleted from default namespace
[05:09:15] $ kubectl delete pods --all
pod "ibench-l1i" deleted from default namespace
[05:09:56] Results saved to part2a-experiments/run2/results.csv
[05:09:56] 
Progress: 24/49 (Run 2)
[05:09:56] 
============================================================
[05:09:56]   Benchmark:    canneal
[05:09:56]   Interference: ibench-l1i
[05:09:56] ============================================================
[05:09:56] Cleaning up jobs and pods...
[05:09:56] $ kubectl delete jobs --all
No resources found
[05:09:56] $ kubectl delete pods --all
No resources found
[05:10:07] Starting interference: ibench-l1i
[05:10:07] $ kubectl create -f interference/part2a/ibench-l1i.yaml
pod/ibench-l1i created
[05:10:07] Waiting 30s for interference to stabilise...
[05:10:37] $ kubectl get pods -o wide
[05:10:37] Pods:
NAME         READY   STATUS    RESTARTS   AGE   IP            NODE                 NOMINATED NODE   READINESS GATES
ibench-l1i   1/1     Running   0          30s   100.96.1.43   parsec-server-plp1   <none>           <none>

[05:10:37] Starting benchmark: canneal
[05:10:37] $ kubectl create -f parsec-benchmarks/part2a/parsec-canneal.yaml
job.batch/parsec-canneal created
[05:10:37] Waiting for job 'parsec-canneal' to complete...
[05:10:37] $ kubectl get jobs parsec-canneal -o jsonpath={.status.conditions[*].type}
[05:10:37]   Still running... (0s elapsed)
[05:10:52] $ kubectl get jobs parsec-canneal -o jsonpath={.status.conditions[*].type}
[05:10:53]   Still running... (15s elapsed)
[05:11:08] $ kubectl get jobs parsec-canneal -o jsonpath={.status.conditions[*].type}
[05:11:08] Job 'parsec-canneal' completed successfully (30s)
[05:11:08] $ kubectl get pods --selector=job-name=parsec-canneal --output=jsonpath={.items[*].metadata.name}
[05:11:08] $ kubectl logs parsec-canneal-6jtz8
[05:11:08] Execution time: 16.2s
[05:11:08] Cleaning up jobs and pods...
[05:11:08] $ kubectl delete jobs --all
job.batch "parsec-canneal" deleted from default namespace
[05:11:09] $ kubectl delete pods --all
pod "ibench-l1i" deleted from default namespace
[05:11:50] Results saved to part2a-experiments/run2/results.csv
[05:11:50] 
Progress: 25/49 (Run 2)
[05:11:50] 
============================================================
[05:11:50]   Benchmark:    freqmine
[05:11:50]   Interference: ibench-l1i
[05:11:50] ============================================================
[05:11:50] Cleaning up jobs and pods...
[05:11:50] $ kubectl delete jobs --all
No resources found
[05:11:50] $ kubectl delete pods --all
No resources found
[05:12:00] Starting interference: ibench-l1i
[05:12:00] $ kubectl create -f interference/part2a/ibench-l1i.yaml
pod/ibench-l1i created
[05:12:00] Waiting 30s for interference to stabilise...
[05:12:30] $ kubectl get pods -o wide
[05:12:31] Pods:
NAME         READY   STATUS    RESTARTS   AGE   IP            NODE                 NOMINATED NODE   READINESS GATES
ibench-l1i   1/1     Running   0          31s   100.96.1.45   parsec-server-plp1   <none>           <none>

[05:12:31] Starting benchmark: freqmine
[05:12:31] $ kubectl create -f parsec-benchmarks/part2a/parsec-freqmine.yaml
job.batch/parsec-freqmine created
[05:12:31] Waiting for job 'parsec-freqmine' to complete...
[05:12:31] $ kubectl get jobs parsec-freqmine -o jsonpath={.status.conditions[*].type}
[05:12:31]   Still running... (0s elapsed)
[05:12:46] $ kubectl get jobs parsec-freqmine -o jsonpath={.status.conditions[*].type}
[05:12:46]   Still running... (15s elapsed)
[05:13:01] $ kubectl get jobs parsec-freqmine -o jsonpath={.status.conditions[*].type}
[05:13:02] Job 'parsec-freqmine' completed successfully (30s)
[05:13:02] $ kubectl get pods --selector=job-name=parsec-freqmine --output=jsonpath={.items[*].metadata.name}
[05:13:02] $ kubectl logs parsec-freqmine-642x4
[05:13:02] Execution time: 13.9s
[05:13:02] Cleaning up jobs and pods...
[05:13:02] $ kubectl delete jobs --all
job.batch "parsec-freqmine" deleted from default namespace
[05:13:02] $ kubectl delete pods --all
pod "ibench-l1i" deleted from default namespace
[05:13:43] Results saved to part2a-experiments/run2/results.csv
[05:13:43] 
Progress: 26/49 (Run 2)
[05:13:43] 
============================================================
[05:13:43]   Benchmark:    radix
[05:13:43]   Interference: ibench-l1i
[05:13:43] ============================================================
[05:13:43] Cleaning up jobs and pods...
[05:13:43] $ kubectl delete jobs --all
No resources found
[05:13:43] $ kubectl delete pods --all
No resources found
[05:13:53] Starting interference: ibench-l1i
[05:13:53] $ kubectl create -f interference/part2a/ibench-l1i.yaml
pod/ibench-l1i created
[05:13:54] Waiting 30s for interference to stabilise...
[05:14:24] $ kubectl get pods -o wide
[05:14:24] Pods:
NAME         READY   STATUS    RESTARTS   AGE   IP            NODE                 NOMINATED NODE   READINESS GATES
ibench-l1i   1/1     Running   0          30s   100.96.1.47   parsec-server-plp1   <none>           <none>

[05:14:24] Starting benchmark: radix
[05:14:24] $ kubectl create -f parsec-benchmarks/part2a/parsec-radix.yaml
job.batch/parsec-radix created
[05:14:24] Waiting for job 'parsec-radix' to complete...
[05:14:24] $ kubectl get jobs parsec-radix -o jsonpath={.status.conditions[*].type}
[05:14:24]   Still running... (0s elapsed)
[05:14:39] $ kubectl get jobs parsec-radix -o jsonpath={.status.conditions[*].type}
[05:14:40]   Still running... (15s elapsed)
[05:14:55] $ kubectl get jobs parsec-radix -o jsonpath={.status.conditions[*].type}
[05:14:55]   Still running... (30s elapsed)
[05:15:10] $ kubectl get jobs parsec-radix -o jsonpath={.status.conditions[*].type}
[05:15:10]   Still running... (46s elapsed)
[05:15:25] $ kubectl get jobs parsec-radix -o jsonpath={.status.conditions[*].type}
[05:15:25]   Still running... (61s elapsed)
[05:15:40] $ kubectl get jobs parsec-radix -o jsonpath={.status.conditions[*].type}
[05:15:41]   Still running... (76s elapsed)
[05:15:56] $ kubectl get jobs parsec-radix -o jsonpath={.status.conditions[*].type}
[05:15:56] Job 'parsec-radix' completed successfully (92s)
[05:15:56] $ kubectl get pods --selector=job-name=parsec-radix --output=jsonpath={.items[*].metadata.name}
[05:15:56] $ kubectl logs parsec-radix-89kf7
[05:15:56] Execution time: 72.9s
[05:15:56] Cleaning up jobs and pods...
[05:15:56] $ kubectl delete jobs --all
job.batch "parsec-radix" deleted from default namespace
[05:15:56] $ kubectl delete pods --all
pod "ibench-l1i" deleted from default namespace
[05:16:38] Results saved to part2a-experiments/run2/results.csv
[05:16:38] 
Progress: 27/49 (Run 2)
[05:16:38] 
============================================================
[05:16:38]   Benchmark:    streamcluster
[05:16:38]   Interference: ibench-l1i
[05:16:38] ============================================================
[05:16:38] Cleaning up jobs and pods...
[05:16:38] $ kubectl delete jobs --all
No resources found
[05:16:38] $ kubectl delete pods --all
No resources found
[05:16:48] Starting interference: ibench-l1i
[05:16:48] $ kubectl create -f interference/part2a/ibench-l1i.yaml
pod/ibench-l1i created
[05:16:48] Waiting 30s for interference to stabilise...
[05:17:18] $ kubectl get pods -o wide
[05:17:19] Pods:
NAME         READY   STATUS    RESTARTS   AGE   IP            NODE                 NOMINATED NODE   READINESS GATES
ibench-l1i   1/1     Running   0          31s   100.96.1.49   parsec-server-plp1   <none>           <none>

[05:17:19] Starting benchmark: streamcluster
[05:17:19] $ kubectl create -f parsec-benchmarks/part2a/parsec-streamcluster.yaml
job.batch/parsec-streamcluster created
[05:17:19] Waiting for job 'parsec-streamcluster' to complete...
[05:17:19] $ kubectl get jobs parsec-streamcluster -o jsonpath={.status.conditions[*].type}
[05:17:19]   Still running... (0s elapsed)
[05:17:34] $ kubectl get jobs parsec-streamcluster -o jsonpath={.status.conditions[*].type}
[05:17:34]   Still running... (15s elapsed)
[05:17:49] $ kubectl get jobs parsec-streamcluster -o jsonpath={.status.conditions[*].type}
[05:17:49] Job 'parsec-streamcluster' completed successfully (30s)
[05:17:49] $ kubectl get pods --selector=job-name=parsec-streamcluster --output=jsonpath={.items[*].metadata.name}
[05:17:50] $ kubectl logs parsec-streamcluster-7blkv
[05:17:50] Execution time: 16.8s
[05:17:50] Cleaning up jobs and pods...
[05:17:50] $ kubectl delete jobs --all
job.batch "parsec-streamcluster" deleted from default namespace
[05:17:50] $ kubectl delete pods --all
pod "ibench-l1i" deleted from default namespace
[05:18:31] Results saved to part2a-experiments/run2/results.csv
[05:18:31] 
Progress: 28/49 (Run 2)
[05:18:31] 
============================================================
[05:18:31]   Benchmark:    vips
[05:18:31]   Interference: ibench-l1i
[05:18:31] ============================================================
[05:18:31] Cleaning up jobs and pods...
[05:18:31] $ kubectl delete jobs --all
No resources found
[05:18:31] $ kubectl delete pods --all
No resources found
[05:18:41] Starting interference: ibench-l1i
[05:18:41] $ kubectl create -f interference/part2a/ibench-l1i.yaml
pod/ibench-l1i created
[05:18:42] Waiting 30s for interference to stabilise...
[05:19:12] $ kubectl get pods -o wide
[05:19:12] Pods:
NAME         READY   STATUS    RESTARTS   AGE   IP            NODE                 NOMINATED NODE   READINESS GATES
ibench-l1i   1/1     Running   0          30s   100.96.1.51   parsec-server-plp1   <none>           <none>

[05:19:12] Starting benchmark: vips
[05:19:12] $ kubectl create -f parsec-benchmarks/part2a/parsec-vips.yaml
job.batch/parsec-vips created
[05:19:12] Waiting for job 'parsec-vips' to complete...
[05:19:12] $ kubectl get jobs parsec-vips -o jsonpath={.status.conditions[*].type}
[05:19:12]   Still running... (0s elapsed)
[05:19:27] $ kubectl get jobs parsec-vips -o jsonpath={.status.conditions[*].type}
[05:19:27]   Still running... (15s elapsed)
[05:19:42] $ kubectl get jobs parsec-vips -o jsonpath={.status.conditions[*].type}
[05:19:43]   Still running... (30s elapsed)
[05:19:58] $ kubectl get jobs parsec-vips -o jsonpath={.status.conditions[*].type}
[05:19:58]   Still running... (46s elapsed)
[05:20:13] $ kubectl get jobs parsec-vips -o jsonpath={.status.conditions[*].type}
[05:20:13]   Still running... (61s elapsed)
[05:20:28] $ kubectl get jobs parsec-vips -o jsonpath={.status.conditions[*].type}
[05:20:29]   Still running... (76s elapsed)
[05:20:44] $ kubectl get jobs parsec-vips -o jsonpath={.status.conditions[*].type}
[05:20:44]   Still running... (92s elapsed)
[05:20:59] $ kubectl get jobs parsec-vips -o jsonpath={.status.conditions[*].type}
[05:20:59]   Still running... (107s elapsed)
[05:21:14] $ kubectl get jobs parsec-vips -o jsonpath={.status.conditions[*].type}
[05:21:15]   Still running... (122s elapsed)
[05:21:30] $ kubectl get jobs parsec-vips -o jsonpath={.status.conditions[*].type}
[05:21:30]   Still running... (137s elapsed)
[05:21:45] $ kubectl get jobs parsec-vips -o jsonpath={.status.conditions[*].type}
[05:21:45]   Still running... (153s elapsed)
[05:22:00] $ kubectl get jobs parsec-vips -o jsonpath={.status.conditions[*].type}
[05:22:00]   Still running... (168s elapsed)
[05:22:15] $ kubectl get jobs parsec-vips -o jsonpath={.status.conditions[*].type}
[05:22:16]   Still running... (183s elapsed)
[05:22:31] $ kubectl get jobs parsec-vips -o jsonpath={.status.conditions[*].type}
[05:22:31]   Still running... (199s elapsed)
[05:22:46] $ kubectl get jobs parsec-vips -o jsonpath={.status.conditions[*].type}
[05:22:46]   Still running... (214s elapsed)
[05:23:01] $ kubectl get jobs parsec-vips -o jsonpath={.status.conditions[*].type}
[05:23:02] Job 'parsec-vips' completed successfully (229s)
[05:23:02] $ kubectl get pods --selector=job-name=parsec-vips --output=jsonpath={.items[*].metadata.name}
[05:23:02] $ kubectl logs parsec-vips-vbvnq
[05:23:02] Execution time: 212.3s
[05:23:02] Cleaning up jobs and pods...
[05:23:02] $ kubectl delete jobs --all
job.batch "parsec-vips" deleted from default namespace
[05:23:02] $ kubectl delete pods --all
pod "ibench-l1i" deleted from default namespace
[05:23:43] Results saved to part2a-experiments/run2/results.csv
[05:23:43] 
Progress: 29/49 (Run 2)
[05:23:43] 
============================================================
[05:23:43]   Benchmark:    barnes
[05:23:43]   Interference: ibench-l2
[05:23:43] ============================================================
[05:23:43] Cleaning up jobs and pods...
[05:23:43] $ kubectl delete jobs --all
No resources found
[05:23:43] $ kubectl delete pods --all
No resources found
[05:23:53] Starting interference: ibench-l2
[05:23:53] $ kubectl create -f interference/part2a/ibench-l2.yaml
pod/ibench-l2 created
[05:23:54] Waiting 30s for interference to stabilise...
[05:24:24] $ kubectl get pods -o wide
[05:24:24] Pods:
NAME        READY   STATUS    RESTARTS   AGE   IP            NODE                 NOMINATED NODE   READINESS GATES
ibench-l2   1/1     Running   0          30s   100.96.1.53   parsec-server-plp1   <none>           <none>

[05:24:24] Starting benchmark: barnes
[05:24:24] $ kubectl create -f parsec-benchmarks/part2a/parsec-barnes.yaml
job.batch/parsec-barnes created
[05:24:24] Waiting for job 'parsec-barnes' to complete...
[05:24:24] $ kubectl get jobs parsec-barnes -o jsonpath={.status.conditions[*].type}
[05:24:24]   Still running... (0s elapsed)
[05:24:39] $ kubectl get jobs parsec-barnes -o jsonpath={.status.conditions[*].type}
[05:24:40]   Still running... (15s elapsed)
[05:24:55] $ kubectl get jobs parsec-barnes -o jsonpath={.status.conditions[*].type}
[05:24:55]   Still running... (30s elapsed)
[05:25:10] $ kubectl get jobs parsec-barnes -o jsonpath={.status.conditions[*].type}
[05:25:10]   Still running... (46s elapsed)
[05:25:25] $ kubectl get jobs parsec-barnes -o jsonpath={.status.conditions[*].type}
[05:25:25]   Still running... (61s elapsed)
[05:25:40] $ kubectl get jobs parsec-barnes -o jsonpath={.status.conditions[*].type}
[05:25:41]   Still running... (76s elapsed)
[05:25:56] $ kubectl get jobs parsec-barnes -o jsonpath={.status.conditions[*].type}
[05:25:56]   Still running... (92s elapsed)
[05:26:11] $ kubectl get jobs parsec-barnes -o jsonpath={.status.conditions[*].type}
[05:26:11]   Still running... (107s elapsed)
[05:26:26] $ kubectl get jobs parsec-barnes -o jsonpath={.status.conditions[*].type}
[05:26:27]   Still running... (122s elapsed)
[05:26:42] $ kubectl get jobs parsec-barnes -o jsonpath={.status.conditions[*].type}
[05:26:42]   Still running... (137s elapsed)
[05:26:57] $ kubectl get jobs parsec-barnes -o jsonpath={.status.conditions[*].type}
[05:26:57]   Still running... (153s elapsed)
[05:27:12] $ kubectl get jobs parsec-barnes -o jsonpath={.status.conditions[*].type}
[05:27:12]   Still running... (168s elapsed)
[05:27:27] $ kubectl get jobs parsec-barnes -o jsonpath={.status.conditions[*].type}
[05:27:28]   Still running... (183s elapsed)
[05:27:43] $ kubectl get jobs parsec-barnes -o jsonpath={.status.conditions[*].type}
[05:27:43]   Still running... (199s elapsed)
[05:27:58] $ kubectl get jobs parsec-barnes -o jsonpath={.status.conditions[*].type}
[05:27:58]   Still running... (214s elapsed)
[05:28:13] $ kubectl get jobs parsec-barnes -o jsonpath={.status.conditions[*].type}
[05:28:14]   Still running... (229s elapsed)
[05:28:29] $ kubectl get jobs parsec-barnes -o jsonpath={.status.conditions[*].type}
[05:28:29]   Still running... (244s elapsed)
[05:28:44] $ kubectl get jobs parsec-barnes -o jsonpath={.status.conditions[*].type}
[05:28:44]   Still running... (260s elapsed)
[05:28:59] $ kubectl get jobs parsec-barnes -o jsonpath={.status.conditions[*].type}
[05:28:59] Job 'parsec-barnes' completed successfully (275s)
[05:28:59] $ kubectl get pods --selector=job-name=parsec-barnes --output=jsonpath={.items[*].metadata.name}
[05:29:00] $ kubectl logs parsec-barnes-j85d2
[05:29:00] Execution time: 263.6s
[05:29:00] Cleaning up jobs and pods...
[05:29:00] $ kubectl delete jobs --all
job.batch "parsec-barnes" deleted from default namespace
[05:29:00] $ kubectl delete pods --all
pod "ibench-l2" deleted from default namespace
[05:29:41] Results saved to part2a-experiments/run2/results.csv
[05:29:41] 
Progress: 30/49 (Run 2)
[05:29:41] 
============================================================
[05:29:41]   Benchmark:    blackscholes
[05:29:41]   Interference: ibench-l2
[05:29:41] ============================================================
[05:29:41] Cleaning up jobs and pods...
[05:29:41] $ kubectl delete jobs --all
No resources found
[05:29:41] $ kubectl delete pods --all
No resources found
[05:29:52] Starting interference: ibench-l2
[05:29:52] $ kubectl create -f interference/part2a/ibench-l2.yaml
pod/ibench-l2 created
[05:29:52] Waiting 30s for interference to stabilise...
[05:30:22] $ kubectl get pods -o wide
[05:30:22] Pods:
NAME        READY   STATUS    RESTARTS   AGE   IP            NODE                 NOMINATED NODE   READINESS GATES
ibench-l2   1/1     Running   0          30s   100.96.1.55   parsec-server-plp1   <none>           <none>

[05:30:22] Starting benchmark: blackscholes
[05:30:22] $ kubectl create -f parsec-benchmarks/part2a/parsec-blackscholes.yaml
job.batch/parsec-blackscholes created
[05:30:22] Waiting for job 'parsec-blackscholes' to complete...
[05:30:22] $ kubectl get jobs parsec-blackscholes -o jsonpath={.status.conditions[*].type}
[05:30:22]   Still running... (0s elapsed)
[05:30:38] $ kubectl get jobs parsec-blackscholes -o jsonpath={.status.conditions[*].type}
[05:30:38] Job 'parsec-blackscholes' completed successfully (15s)
[05:30:38] $ kubectl get pods --selector=job-name=parsec-blackscholes --output=jsonpath={.items[*].metadata.name}
[05:30:38] $ kubectl logs parsec-blackscholes-j4s9v
[05:30:38] Execution time: 1.2s
[05:30:38] Cleaning up jobs and pods...
[05:30:38] $ kubectl delete jobs --all
job.batch "parsec-blackscholes" deleted from default namespace
[05:30:38] $ kubectl delete pods --all
pod "ibench-l2" deleted from default namespace
[05:31:20] Results saved to part2a-experiments/run2/results.csv
[05:31:20] 
Progress: 31/49 (Run 2)
[05:31:20] 
============================================================
[05:31:20]   Benchmark:    canneal
[05:31:20]   Interference: ibench-l2
[05:31:20] ============================================================
[05:31:20] Cleaning up jobs and pods...
[05:31:20] $ kubectl delete jobs --all
No resources found
[05:31:20] $ kubectl delete pods --all
No resources found
[05:31:30] Starting interference: ibench-l2
[05:31:30] $ kubectl create -f interference/part2a/ibench-l2.yaml
pod/ibench-l2 created
[05:31:30] Waiting 30s for interference to stabilise...
[05:32:00] $ kubectl get pods -o wide
[05:32:01] Pods:
NAME        READY   STATUS    RESTARTS   AGE   IP            NODE                 NOMINATED NODE   READINESS GATES
ibench-l2   1/1     Running   0          31s   100.96.1.57   parsec-server-plp1   <none>           <none>

[05:32:01] Starting benchmark: canneal
[05:32:01] $ kubectl create -f parsec-benchmarks/part2a/parsec-canneal.yaml
job.batch/parsec-canneal created
[05:32:01] Waiting for job 'parsec-canneal' to complete...
[05:32:01] $ kubectl get jobs parsec-canneal -o jsonpath={.status.conditions[*].type}
[05:32:01]   Still running... (0s elapsed)
[05:32:16] $ kubectl get jobs parsec-canneal -o jsonpath={.status.conditions[*].type}
[05:32:16]   Still running... (15s elapsed)
[05:32:31] $ kubectl get jobs parsec-canneal -o jsonpath={.status.conditions[*].type}
[05:32:31] Job 'parsec-canneal' completed successfully (30s)
[05:32:31] $ kubectl get pods --selector=job-name=parsec-canneal --output=jsonpath={.items[*].metadata.name}
[05:32:32] $ kubectl logs parsec-canneal-tmbjx
[05:32:32] Execution time: 16.3s
[05:32:32] Cleaning up jobs and pods...
[05:32:32] $ kubectl delete jobs --all
job.batch "parsec-canneal" deleted from default namespace
[05:32:32] $ kubectl delete pods --all
pod "ibench-l2" deleted from default namespace
[05:33:13] Results saved to part2a-experiments/run2/results.csv
[05:33:13] 
Progress: 32/49 (Run 2)
[05:33:13] 
============================================================
[05:33:13]   Benchmark:    freqmine
[05:33:13]   Interference: ibench-l2
[05:33:13] ============================================================
[05:33:13] Cleaning up jobs and pods...
[05:33:13] $ kubectl delete jobs --all
No resources found
[05:33:13] $ kubectl delete pods --all
No resources found
[05:33:23] Starting interference: ibench-l2
[05:33:23] $ kubectl create -f interference/part2a/ibench-l2.yaml
pod/ibench-l2 created
[05:33:24] Waiting 30s for interference to stabilise...
[05:33:54] $ kubectl get pods -o wide
[05:33:54] Pods:
NAME        READY   STATUS    RESTARTS   AGE   IP            NODE                 NOMINATED NODE   READINESS GATES
ibench-l2   1/1     Running   0          30s   100.96.1.59   parsec-server-plp1   <none>           <none>

[05:33:54] Starting benchmark: freqmine
[05:33:54] $ kubectl create -f parsec-benchmarks/part2a/parsec-freqmine.yaml
job.batch/parsec-freqmine created
[05:33:54] Waiting for job 'parsec-freqmine' to complete...
[05:33:54] $ kubectl get jobs parsec-freqmine -o jsonpath={.status.conditions[*].type}
[05:33:54]   Still running... (0s elapsed)
[05:34:09] $ kubectl get jobs parsec-freqmine -o jsonpath={.status.conditions[*].type}
[05:34:09] Job 'parsec-freqmine' completed successfully (15s)
[05:34:09] $ kubectl get pods --selector=job-name=parsec-freqmine --output=jsonpath={.items[*].metadata.name}
[05:34:10] $ kubectl logs parsec-freqmine-cv4cg
[05:34:10] Execution time: 8.9s
[05:34:10] Cleaning up jobs and pods...
[05:34:10] $ kubectl delete jobs --all
job.batch "parsec-freqmine" deleted from default namespace
[05:34:10] $ kubectl delete pods --all
pod "ibench-l2" deleted from default namespace
[05:34:51] Results saved to part2a-experiments/run2/results.csv
[05:34:51] 
Progress: 33/49 (Run 2)
[05:34:51] 
============================================================
[05:34:51]   Benchmark:    radix
[05:34:51]   Interference: ibench-l2
[05:34:51] ============================================================
[05:34:51] Cleaning up jobs and pods...
[05:34:51] $ kubectl delete jobs --all
No resources found
[05:34:51] $ kubectl delete pods --all
No resources found
[05:35:02] Starting interference: ibench-l2
[05:35:02] $ kubectl create -f interference/part2a/ibench-l2.yaml
pod/ibench-l2 created
[05:35:02] Waiting 30s for interference to stabilise...
[05:35:32] $ kubectl get pods -o wide
[05:35:32] Pods:
NAME        READY   STATUS    RESTARTS   AGE   IP            NODE                 NOMINATED NODE   READINESS GATES
ibench-l2   1/1     Running   0          30s   100.96.1.61   parsec-server-plp1   <none>           <none>

[05:35:32] Starting benchmark: radix
[05:35:32] $ kubectl create -f parsec-benchmarks/part2a/parsec-radix.yaml
job.batch/parsec-radix created
[05:35:32] Waiting for job 'parsec-radix' to complete...
[05:35:32] $ kubectl get jobs parsec-radix -o jsonpath={.status.conditions[*].type}
[05:35:32]   Still running... (0s elapsed)
[05:35:47] $ kubectl get jobs parsec-radix -o jsonpath={.status.conditions[*].type}
[05:35:48]   Still running... (15s elapsed)
[05:36:03] $ kubectl get jobs parsec-radix -o jsonpath={.status.conditions[*].type}
[05:36:03]   Still running... (30s elapsed)
[05:36:18] $ kubectl get jobs parsec-radix -o jsonpath={.status.conditions[*].type}
[05:36:18]   Still running... (46s elapsed)
[05:36:33] $ kubectl get jobs parsec-radix -o jsonpath={.status.conditions[*].type}
[05:36:34]   Still running... (61s elapsed)
[05:36:49] $ kubectl get jobs parsec-radix -o jsonpath={.status.conditions[*].type}
[05:36:49]   Still running... (76s elapsed)
[05:37:04] $ kubectl get jobs parsec-radix -o jsonpath={.status.conditions[*].type}
[05:37:04] Job 'parsec-radix' completed successfully (92s)
[05:37:04] $ kubectl get pods --selector=job-name=parsec-radix --output=jsonpath={.items[*].metadata.name}
[05:37:04] $ kubectl logs parsec-radix-fcqbn
[05:37:04] Execution time: 80.1s
[05:37:04] Cleaning up jobs and pods...
[05:37:04] $ kubectl delete jobs --all
job.batch "parsec-radix" deleted from default namespace
[05:37:05] $ kubectl delete pods --all
pod "ibench-l2" deleted from default namespace
[05:37:46] Results saved to part2a-experiments/run2/results.csv
[05:37:46] 
Progress: 34/49 (Run 2)
[05:37:46] 
============================================================
[05:37:46]   Benchmark:    streamcluster
[05:37:46]   Interference: ibench-l2
[05:37:46] ============================================================
[05:37:46] Cleaning up jobs and pods...
[05:37:46] $ kubectl delete jobs --all
No resources found
[05:37:46] $ kubectl delete pods --all
No resources found
[05:37:56] Starting interference: ibench-l2
[05:37:56] $ kubectl create -f interference/part2a/ibench-l2.yaml
pod/ibench-l2 created
[05:37:56] Waiting 30s for interference to stabilise...
[05:38:26] $ kubectl get pods -o wide
[05:38:27] Pods:
NAME        READY   STATUS    RESTARTS   AGE   IP            NODE                 NOMINATED NODE   READINESS GATES
ibench-l2   1/1     Running   0          31s   100.96.1.63   parsec-server-plp1   <none>           <none>

[05:38:27] Starting benchmark: streamcluster
[05:38:27] $ kubectl create -f parsec-benchmarks/part2a/parsec-streamcluster.yaml
job.batch/parsec-streamcluster created
[05:38:27] Waiting for job 'parsec-streamcluster' to complete...
[05:38:27] $ kubectl get jobs parsec-streamcluster -o jsonpath={.status.conditions[*].type}
[05:38:27]   Still running... (0s elapsed)
[05:38:42] $ kubectl get jobs parsec-streamcluster -o jsonpath={.status.conditions[*].type}
[05:38:42]   Still running... (15s elapsed)
[05:38:57] $ kubectl get jobs parsec-streamcluster -o jsonpath={.status.conditions[*].type}
[05:38:58] Job 'parsec-streamcluster' completed successfully (30s)
[05:38:58] $ kubectl get pods --selector=job-name=parsec-streamcluster --output=jsonpath={.items[*].metadata.name}
[05:38:58] $ kubectl logs parsec-streamcluster-9lfnv
[05:38:58] Execution time: 15.2s
[05:38:58] Cleaning up jobs and pods...
[05:38:58] $ kubectl delete jobs --all
job.batch "parsec-streamcluster" deleted from default namespace
[05:38:58] $ kubectl delete pods --all
pod "ibench-l2" deleted from default namespace
[05:39:39] Results saved to part2a-experiments/run2/results.csv
[05:39:39] 
Progress: 35/49 (Run 2)
[05:39:39] 
============================================================
[05:39:39]   Benchmark:    vips
[05:39:39]   Interference: ibench-l2
[05:39:39] ============================================================
[05:39:39] Cleaning up jobs and pods...
[05:39:39] $ kubectl delete jobs --all
No resources found
[05:39:39] $ kubectl delete pods --all
No resources found
[05:39:49] Starting interference: ibench-l2
[05:39:49] $ kubectl create -f interference/part2a/ibench-l2.yaml
pod/ibench-l2 created
[05:39:50] Waiting 30s for interference to stabilise...
[05:40:20] $ kubectl get pods -o wide
[05:40:20] Pods:
NAME        READY   STATUS    RESTARTS   AGE   IP            NODE                 NOMINATED NODE   READINESS GATES
ibench-l2   1/1     Running   0          30s   100.96.1.65   parsec-server-plp1   <none>           <none>

[05:40:20] Starting benchmark: vips
[05:40:20] $ kubectl create -f parsec-benchmarks/part2a/parsec-vips.yaml
job.batch/parsec-vips created
[05:40:20] Waiting for job 'parsec-vips' to complete...
[05:40:20] $ kubectl get jobs parsec-vips -o jsonpath={.status.conditions[*].type}
[05:40:20]   Still running... (0s elapsed)
[05:40:35] $ kubectl get jobs parsec-vips -o jsonpath={.status.conditions[*].type}
[05:40:36]   Still running... (15s elapsed)
[05:40:51] $ kubectl get jobs parsec-vips -o jsonpath={.status.conditions[*].type}
[05:40:51]   Still running... (30s elapsed)
[05:41:06] $ kubectl get jobs parsec-vips -o jsonpath={.status.conditions[*].type}
[05:41:06]   Still running... (46s elapsed)
[05:41:21] $ kubectl get jobs parsec-vips -o jsonpath={.status.conditions[*].type}
[05:41:22]   Still running... (61s elapsed)
[05:41:37] $ kubectl get jobs parsec-vips -o jsonpath={.status.conditions[*].type}
[05:41:37]   Still running... (76s elapsed)
[05:41:52] $ kubectl get jobs parsec-vips -o jsonpath={.status.conditions[*].type}
[05:41:52]   Still running... (92s elapsed)
[05:42:07] $ kubectl get jobs parsec-vips -o jsonpath={.status.conditions[*].type}
[05:42:07]   Still running... (107s elapsed)
[05:42:22] $ kubectl get jobs parsec-vips -o jsonpath={.status.conditions[*].type}
[05:42:23]   Still running... (122s elapsed)
[05:42:38] $ kubectl get jobs parsec-vips -o jsonpath={.status.conditions[*].type}
[05:42:38]   Still running... (137s elapsed)
[05:42:53] $ kubectl get jobs parsec-vips -o jsonpath={.status.conditions[*].type}
[05:42:53]   Still running... (153s elapsed)
[05:43:08] $ kubectl get jobs parsec-vips -o jsonpath={.status.conditions[*].type}
[05:43:09]   Still running... (168s elapsed)
[05:43:24] $ kubectl get jobs parsec-vips -o jsonpath={.status.conditions[*].type}
[05:43:24]   Still running... (183s elapsed)
[05:43:39] $ kubectl get jobs parsec-vips -o jsonpath={.status.conditions[*].type}
[05:43:39]   Still running... (199s elapsed)
[05:43:54] $ kubectl get jobs parsec-vips -o jsonpath={.status.conditions[*].type}
[05:43:54]   Still running... (214s elapsed)
[05:44:09] $ kubectl get jobs parsec-vips -o jsonpath={.status.conditions[*].type}
[05:44:10] Job 'parsec-vips' completed successfully (229s)
[05:44:10] $ kubectl get pods --selector=job-name=parsec-vips --output=jsonpath={.items[*].metadata.name}
[05:44:10] $ kubectl logs parsec-vips-f7g56
[05:44:10] Execution time: 210.9s
[05:44:10] Cleaning up jobs and pods...
[05:44:10] $ kubectl delete jobs --all
job.batch "parsec-vips" deleted from default namespace
[05:44:10] $ kubectl delete pods --all
pod "ibench-l2" deleted from default namespace
[05:44:51] Results saved to part2a-experiments/run2/results.csv
[05:44:51] 
Progress: 36/49 (Run 2)
[05:44:51] 
============================================================
[05:44:51]   Benchmark:    barnes
[05:44:51]   Interference: ibench-llc
[05:44:51] ============================================================
[05:44:51] Cleaning up jobs and pods...
[05:44:51] $ kubectl delete jobs --all
No resources found
[05:44:51] $ kubectl delete pods --all
No resources found
[05:45:02] Starting interference: ibench-llc
[05:45:02] $ kubectl create -f interference/part2a/ibench-llc.yaml
pod/ibench-llc created
[05:45:02] Waiting 30s for interference to stabilise...
[05:45:32] $ kubectl get pods -o wide
[05:45:32] Pods:
NAME         READY   STATUS    RESTARTS   AGE   IP            NODE                 NOMINATED NODE   READINESS GATES
ibench-llc   1/1     Running   0          30s   100.96.1.67   parsec-server-plp1   <none>           <none>

[05:45:32] Starting benchmark: barnes
[05:45:32] $ kubectl create -f parsec-benchmarks/part2a/parsec-barnes.yaml
job.batch/parsec-barnes created
[05:45:32] Waiting for job 'parsec-barnes' to complete...
[05:45:32] $ kubectl get jobs parsec-barnes -o jsonpath={.status.conditions[*].type}
[05:45:33]   Still running... (0s elapsed)
[05:45:48] $ kubectl get jobs parsec-barnes -o jsonpath={.status.conditions[*].type}
[05:45:48]   Still running... (15s elapsed)
[05:46:03] $ kubectl get jobs parsec-barnes -o jsonpath={.status.conditions[*].type}
[05:46:03]   Still running... (30s elapsed)
[05:46:18] $ kubectl get jobs parsec-barnes -o jsonpath={.status.conditions[*].type}
[05:46:18]   Still running... (46s elapsed)
[05:46:33] $ kubectl get jobs parsec-barnes -o jsonpath={.status.conditions[*].type}
[05:46:34]   Still running... (61s elapsed)
[05:46:49] $ kubectl get jobs parsec-barnes -o jsonpath={.status.conditions[*].type}
[05:46:49]   Still running... (76s elapsed)
[05:47:04] $ kubectl get jobs parsec-barnes -o jsonpath={.status.conditions[*].type}
[05:47:04]   Still running... (92s elapsed)
[05:47:19] $ kubectl get jobs parsec-barnes -o jsonpath={.status.conditions[*].type}
[05:47:20]   Still running... (107s elapsed)
[05:47:35] $ kubectl get jobs parsec-barnes -o jsonpath={.status.conditions[*].type}
[05:47:35]   Still running... (122s elapsed)
[05:47:50] $ kubectl get jobs parsec-barnes -o jsonpath={.status.conditions[*].type}
[05:47:50]   Still running... (137s elapsed)
[05:48:05] $ kubectl get jobs parsec-barnes -o jsonpath={.status.conditions[*].type}
[05:48:05]   Still running... (153s elapsed)
[05:48:20] $ kubectl get jobs parsec-barnes -o jsonpath={.status.conditions[*].type}
[05:48:21]   Still running... (168s elapsed)
[05:48:36] $ kubectl get jobs parsec-barnes -o jsonpath={.status.conditions[*].type}
[05:48:36]   Still running... (183s elapsed)
[05:48:51] $ kubectl get jobs parsec-barnes -o jsonpath={.status.conditions[*].type}
[05:48:51]   Still running... (199s elapsed)
[05:49:06] $ kubectl get jobs parsec-barnes -o jsonpath={.status.conditions[*].type}
[05:49:06]   Still running... (214s elapsed)
[05:49:21] $ kubectl get jobs parsec-barnes -o jsonpath={.status.conditions[*].type}
[05:49:22]   Still running... (229s elapsed)
[05:49:37] $ kubectl get jobs parsec-barnes -o jsonpath={.status.conditions[*].type}
[05:49:37]   Still running... (244s elapsed)
[05:49:52] $ kubectl get jobs parsec-barnes -o jsonpath={.status.conditions[*].type}
[05:49:52]   Still running... (260s elapsed)
[05:50:07] $ kubectl get jobs parsec-barnes -o jsonpath={.status.conditions[*].type}
[05:50:08]   Still running... (275s elapsed)
[05:50:23] $ kubectl get jobs parsec-barnes -o jsonpath={.status.conditions[*].type}
[05:50:23]   Still running... (290s elapsed)
[05:50:38] $ kubectl get jobs parsec-barnes -o jsonpath={.status.conditions[*].type}
[05:50:38]   Still running... (305s elapsed)
[05:50:53] $ kubectl get jobs parsec-barnes -o jsonpath={.status.conditions[*].type}
[05:50:53]   Still running... (321s elapsed)
[05:51:08] $ kubectl get jobs parsec-barnes -o jsonpath={.status.conditions[*].type}
[05:51:09]   Still running... (336s elapsed)
[05:51:24] $ kubectl get jobs parsec-barnes -o jsonpath={.status.conditions[*].type}
[05:51:24]   Still running... (351s elapsed)
[05:51:39] $ kubectl get jobs parsec-barnes -o jsonpath={.status.conditions[*].type}
[05:51:39]   Still running... (367s elapsed)
[05:51:54] $ kubectl get jobs parsec-barnes -o jsonpath={.status.conditions[*].type}
[05:51:55] Job 'parsec-barnes' completed successfully (382s)
[05:51:55] $ kubectl get pods --selector=job-name=parsec-barnes --output=jsonpath={.items[*].metadata.name}
[05:51:55] $ kubectl logs parsec-barnes-nl4zz
[05:51:55] Execution time: 365.4s
[05:51:55] Cleaning up jobs and pods...
[05:51:55] $ kubectl delete jobs --all
job.batch "parsec-barnes" deleted from default namespace
[05:51:55] $ kubectl delete pods --all
pod "ibench-llc" deleted from default namespace
[05:52:36] Results saved to part2a-experiments/run2/results.csv
[05:52:36] 
Progress: 37/49 (Run 2)
[05:52:36] 
============================================================
[05:52:36]   Benchmark:    blackscholes
[05:52:36]   Interference: ibench-llc
[05:52:36] ============================================================
[05:52:36] Cleaning up jobs and pods...
[05:52:36] $ kubectl delete jobs --all
No resources found
[05:52:36] $ kubectl delete pods --all
No resources found
[05:52:47] Starting interference: ibench-llc
[05:52:47] $ kubectl create -f interference/part2a/ibench-llc.yaml
pod/ibench-llc created
[05:52:47] Waiting 30s for interference to stabilise...
[05:53:17] $ kubectl get pods -o wide
[05:53:17] Pods:
NAME         READY   STATUS    RESTARTS   AGE   IP            NODE                 NOMINATED NODE   READINESS GATES
ibench-llc   1/1     Running   0          30s   100.96.1.69   parsec-server-plp1   <none>           <none>

[05:53:17] Starting benchmark: blackscholes
[05:53:17] $ kubectl create -f parsec-benchmarks/part2a/parsec-blackscholes.yaml
job.batch/parsec-blackscholes created
[05:53:17] Waiting for job 'parsec-blackscholes' to complete...
[05:53:17] $ kubectl get jobs parsec-blackscholes -o jsonpath={.status.conditions[*].type}
[05:53:17]   Still running... (0s elapsed)
[05:53:32] $ kubectl get jobs parsec-blackscholes -o jsonpath={.status.conditions[*].type}
[05:53:33] Job 'parsec-blackscholes' completed successfully (15s)
[05:53:33] $ kubectl get pods --selector=job-name=parsec-blackscholes --output=jsonpath={.items[*].metadata.name}
[05:53:33] $ kubectl logs parsec-blackscholes-8cd74
[05:53:33] Execution time: 1.3s
[05:53:33] Cleaning up jobs and pods...
[05:53:33] $ kubectl delete jobs --all
job.batch "parsec-blackscholes" deleted from default namespace
[05:53:33] $ kubectl delete pods --all
pod "ibench-llc" deleted from default namespace
[05:54:15] Results saved to part2a-experiments/run2/results.csv
[05:54:15] 
Progress: 38/49 (Run 2)
[05:54:15] 
============================================================
[05:54:15]   Benchmark:    canneal
[05:54:15]   Interference: ibench-llc
[05:54:15] ============================================================
[05:54:15] Cleaning up jobs and pods...
[05:54:15] $ kubectl delete jobs --all
No resources found
[05:54:15] $ kubectl delete pods --all
No resources found
[05:54:25] Starting interference: ibench-llc
[05:54:25] $ kubectl create -f interference/part2a/ibench-llc.yaml
pod/ibench-llc created
[05:54:25] Waiting 30s for interference to stabilise...
[05:54:55] $ kubectl get pods -o wide
[05:54:56] Pods:
NAME         READY   STATUS    RESTARTS   AGE   IP            NODE                 NOMINATED NODE   READINESS GATES
ibench-llc   1/1     Running   0          31s   100.96.1.71   parsec-server-plp1   <none>           <none>

[05:54:56] Starting benchmark: canneal
[05:54:56] $ kubectl create -f parsec-benchmarks/part2a/parsec-canneal.yaml
job.batch/parsec-canneal created
[05:54:56] Waiting for job 'parsec-canneal' to complete...
[05:54:56] $ kubectl get jobs parsec-canneal -o jsonpath={.status.conditions[*].type}
[05:54:56]   Still running... (0s elapsed)
[05:55:11] $ kubectl get jobs parsec-canneal -o jsonpath={.status.conditions[*].type}
[05:55:11]   Still running... (15s elapsed)
[05:55:26] $ kubectl get jobs parsec-canneal -o jsonpath={.status.conditions[*].type}
[05:55:26] Job 'parsec-canneal' completed successfully (30s)
[05:55:26] $ kubectl get pods --selector=job-name=parsec-canneal --output=jsonpath={.items[*].metadata.name}
[05:55:27] $ kubectl logs parsec-canneal-hmsrr
[05:55:27] Execution time: 20.6s
[05:55:27] Cleaning up jobs and pods...
[05:55:27] $ kubectl delete jobs --all
job.batch "parsec-canneal" deleted from default namespace
[05:55:27] $ kubectl delete pods --all
pod "ibench-llc" deleted from default namespace
[05:56:08] Results saved to part2a-experiments/run2/results.csv
[05:56:08] 
Progress: 39/49 (Run 2)
[05:56:08] 
============================================================
[05:56:08]   Benchmark:    freqmine
[05:56:08]   Interference: ibench-llc
[05:56:08] ============================================================
[05:56:08] Cleaning up jobs and pods...
[05:56:08] $ kubectl delete jobs --all
No resources found
[05:56:08] $ kubectl delete pods --all
No resources found
[05:56:18] Starting interference: ibench-llc
[05:56:18] $ kubectl create -f interference/part2a/ibench-llc.yaml
pod/ibench-llc created
[05:56:19] Waiting 30s for interference to stabilise...
[05:56:49] $ kubectl get pods -o wide
[05:56:49] Pods:
NAME         READY   STATUS    RESTARTS   AGE   IP            NODE                 NOMINATED NODE   READINESS GATES
ibench-llc   1/1     Running   0          30s   100.96.1.73   parsec-server-plp1   <none>           <none>

[05:56:49] Starting benchmark: freqmine
[05:56:49] $ kubectl create -f parsec-benchmarks/part2a/parsec-freqmine.yaml
job.batch/parsec-freqmine created
[05:56:49] Waiting for job 'parsec-freqmine' to complete...
[05:56:49] $ kubectl get jobs parsec-freqmine -o jsonpath={.status.conditions[*].type}
[05:56:49]   Still running... (0s elapsed)
[05:57:04] $ kubectl get jobs parsec-freqmine -o jsonpath={.status.conditions[*].type}
[05:57:05]   Still running... (15s elapsed)
[05:57:20] $ kubectl get jobs parsec-freqmine -o jsonpath={.status.conditions[*].type}
[05:57:20] Job 'parsec-freqmine' completed successfully (30s)
[05:57:20] $ kubectl get pods --selector=job-name=parsec-freqmine --output=jsonpath={.items[*].metadata.name}
[05:57:20] $ kubectl logs parsec-freqmine-qbjnq
[05:57:20] Execution time: 11.9s
[05:57:20] Cleaning up jobs and pods...
[05:57:20] $ kubectl delete jobs --all
job.batch "parsec-freqmine" deleted from default namespace
[05:57:20] $ kubectl delete pods --all
pod "ibench-llc" deleted from default namespace
[05:58:01] Results saved to part2a-experiments/run2/results.csv
[05:58:01] 
Progress: 40/49 (Run 2)
[05:58:01] 
============================================================
[05:58:01]   Benchmark:    radix
[05:58:01]   Interference: ibench-llc
[05:58:01] ============================================================
[05:58:01] Cleaning up jobs and pods...
[05:58:01] $ kubectl delete jobs --all
No resources found
[05:58:02] $ kubectl delete pods --all
No resources found
[05:58:12] Starting interference: ibench-llc
[05:58:12] $ kubectl create -f interference/part2a/ibench-llc.yaml
pod/ibench-llc created
[05:58:12] Waiting 30s for interference to stabilise...
[05:58:42] $ kubectl get pods -o wide
[05:58:42] Pods:
NAME         READY   STATUS    RESTARTS   AGE   IP            NODE                 NOMINATED NODE   READINESS GATES
ibench-llc   1/1     Running   0          31s   100.96.1.75   parsec-server-plp1   <none>           <none>

[05:58:43] Starting benchmark: radix
[05:58:43] $ kubectl create -f parsec-benchmarks/part2a/parsec-radix.yaml
job.batch/parsec-radix created
[05:58:43] Waiting for job 'parsec-radix' to complete...
[05:58:43] $ kubectl get jobs parsec-radix -o jsonpath={.status.conditions[*].type}
[05:58:43]   Still running... (0s elapsed)
[05:58:58] $ kubectl get jobs parsec-radix -o jsonpath={.status.conditions[*].type}
[05:58:58]   Still running... (15s elapsed)
[05:59:13] $ kubectl get jobs parsec-radix -o jsonpath={.status.conditions[*].type}
[05:59:13]   Still running... (30s elapsed)
[05:59:28] $ kubectl get jobs parsec-radix -o jsonpath={.status.conditions[*].type}
[05:59:29]   Still running... (46s elapsed)
[05:59:44] $ kubectl get jobs parsec-radix -o jsonpath={.status.conditions[*].type}
[05:59:44]   Still running... (61s elapsed)
[05:59:59] $ kubectl get jobs parsec-radix -o jsonpath={.status.conditions[*].type}
[05:59:59]   Still running... (76s elapsed)
[06:00:14] $ kubectl get jobs parsec-radix -o jsonpath={.status.conditions[*].type}
[06:00:15]   Still running... (92s elapsed)
[06:00:30] $ kubectl get jobs parsec-radix -o jsonpath={.status.conditions[*].type}
[06:00:30]   Still running... (107s elapsed)
[06:00:45] $ kubectl get jobs parsec-radix -o jsonpath={.status.conditions[*].type}
[06:00:45] Job 'parsec-radix' completed successfully (122s)
[06:00:45] $ kubectl get pods --selector=job-name=parsec-radix --output=jsonpath={.items[*].metadata.name}
[06:00:45] $ kubectl logs parsec-radix-smd4g
[06:00:45] Execution time: 102.3s
[06:00:45] Cleaning up jobs and pods...
[06:00:45] $ kubectl delete jobs --all
job.batch "parsec-radix" deleted from default namespace
[06:00:46] $ kubectl delete pods --all
pod "ibench-llc" deleted from default namespace
[06:01:26] Results saved to part2a-experiments/run2/results.csv
[06:01:26] 
Progress: 41/49 (Run 2)
[06:01:26] 
============================================================
[06:01:26]   Benchmark:    streamcluster
[06:01:26]   Interference: ibench-llc
[06:01:26] ============================================================
[06:01:26] Cleaning up jobs and pods...
[06:01:26] $ kubectl delete jobs --all
No resources found
[06:01:27] $ kubectl delete pods --all
No resources found
[06:01:37] Starting interference: ibench-llc
[06:01:37] $ kubectl create -f interference/part2a/ibench-llc.yaml
pod/ibench-llc created
[06:01:37] Waiting 30s for interference to stabilise...
[06:02:07] $ kubectl get pods -o wide
[06:02:08] Pods:
NAME         READY   STATUS    RESTARTS   AGE   IP            NODE                 NOMINATED NODE   READINESS GATES
ibench-llc   1/1     Running   0          31s   100.96.1.77   parsec-server-plp1   <none>           <none>

[06:02:08] Starting benchmark: streamcluster
[06:02:08] $ kubectl create -f parsec-benchmarks/part2a/parsec-streamcluster.yaml
job.batch/parsec-streamcluster created
[06:02:08] Waiting for job 'parsec-streamcluster' to complete...
[06:02:08] $ kubectl get jobs parsec-streamcluster -o jsonpath={.status.conditions[*].type}
[06:02:08]   Still running... (0s elapsed)
[06:02:23] $ kubectl get jobs parsec-streamcluster -o jsonpath={.status.conditions[*].type}
[06:02:23]   Still running... (15s elapsed)
[06:02:38] $ kubectl get jobs parsec-streamcluster -o jsonpath={.status.conditions[*].type}
[06:02:38] Job 'parsec-streamcluster' completed successfully (30s)
[06:02:38] $ kubectl get pods --selector=job-name=parsec-streamcluster --output=jsonpath={.items[*].metadata.name}
[06:02:39] $ kubectl logs parsec-streamcluster-4v8tn
[06:02:39] Execution time: 20.4s
[06:02:39] Cleaning up jobs and pods...
[06:02:39] $ kubectl delete jobs --all
job.batch "parsec-streamcluster" deleted from default namespace
[06:02:39] $ kubectl delete pods --all
pod "ibench-llc" deleted from default namespace
[06:03:20] Results saved to part2a-experiments/run2/results.csv
[06:03:20] 
Progress: 42/49 (Run 2)
[06:03:20] 
============================================================
[06:03:20]   Benchmark:    vips
[06:03:20]   Interference: ibench-llc
[06:03:20] ============================================================
[06:03:20] Cleaning up jobs and pods...
[06:03:20] $ kubectl delete jobs --all
No resources found
[06:03:20] $ kubectl delete pods --all
No resources found
[06:03:30] Starting interference: ibench-llc
[06:03:30] $ kubectl create -f interference/part2a/ibench-llc.yaml
pod/ibench-llc created
[06:03:31] Waiting 30s for interference to stabilise...
[06:04:01] $ kubectl get pods -o wide
[06:04:01] Pods:
NAME         READY   STATUS    RESTARTS   AGE   IP            NODE                 NOMINATED NODE   READINESS GATES
ibench-llc   1/1     Running   0          30s   100.96.1.79   parsec-server-plp1   <none>           <none>

[06:04:01] Starting benchmark: vips
[06:04:01] $ kubectl create -f parsec-benchmarks/part2a/parsec-vips.yaml
job.batch/parsec-vips created
[06:04:01] Waiting for job 'parsec-vips' to complete...
[06:04:01] $ kubectl get jobs parsec-vips -o jsonpath={.status.conditions[*].type}
[06:04:01]   Still running... (0s elapsed)
[06:04:16] $ kubectl get jobs parsec-vips -o jsonpath={.status.conditions[*].type}
[06:04:17]   Still running... (15s elapsed)
[06:04:32] $ kubectl get jobs parsec-vips -o jsonpath={.status.conditions[*].type}
[06:04:32]   Still running... (31s elapsed)
[06:04:47] $ kubectl get jobs parsec-vips -o jsonpath={.status.conditions[*].type}
[06:04:48]   Still running... (46s elapsed)
[06:05:03] $ kubectl get jobs parsec-vips -o jsonpath={.status.conditions[*].type}
[06:05:03]   Still running... (62s elapsed)
[06:05:18] $ kubectl get jobs parsec-vips -o jsonpath={.status.conditions[*].type}
[06:05:18]   Still running... (77s elapsed)
[06:05:33] $ kubectl get jobs parsec-vips -o jsonpath={.status.conditions[*].type}
[06:05:34]   Still running... (92s elapsed)
[06:05:49] $ kubectl get jobs parsec-vips -o jsonpath={.status.conditions[*].type}
[06:05:49]   Still running... (107s elapsed)
[06:06:04] $ kubectl get jobs parsec-vips -o jsonpath={.status.conditions[*].type}
[06:06:04]   Still running... (123s elapsed)
[06:06:19] $ kubectl get jobs parsec-vips -o jsonpath={.status.conditions[*].type}
[06:06:19]   Still running... (138s elapsed)
[06:06:34] $ kubectl get jobs parsec-vips -o jsonpath={.status.conditions[*].type}
[06:06:35]   Still running... (153s elapsed)
[06:06:50] $ kubectl get jobs parsec-vips -o jsonpath={.status.conditions[*].type}
[06:06:50]   Still running... (169s elapsed)
[06:07:05] $ kubectl get jobs parsec-vips -o jsonpath={.status.conditions[*].type}
[06:07:05]   Still running... (184s elapsed)
[06:07:20] $ kubectl get jobs parsec-vips -o jsonpath={.status.conditions[*].type}
[06:07:21]   Still running... (199s elapsed)
[06:07:36] $ kubectl get jobs parsec-vips -o jsonpath={.status.conditions[*].type}
[06:07:36]   Still running... (214s elapsed)
[06:07:51] $ kubectl get jobs parsec-vips -o jsonpath={.status.conditions[*].type}
[06:07:51]   Still running... (230s elapsed)
[06:08:06] $ kubectl get jobs parsec-vips -o jsonpath={.status.conditions[*].type}
[06:08:06]   Still running... (245s elapsed)
[06:08:21] $ kubectl get jobs parsec-vips -o jsonpath={.status.conditions[*].type}
[06:08:22]   Still running... (260s elapsed)
[06:08:37] $ kubectl get jobs parsec-vips -o jsonpath={.status.conditions[*].type}
[06:08:37] Job 'parsec-vips' completed successfully (275s)
[06:08:37] $ kubectl get pods --selector=job-name=parsec-vips --output=jsonpath={.items[*].metadata.name}
[06:08:37] $ kubectl logs parsec-vips-xgbtd
[06:08:37] Execution time: 236.4s
[06:08:37] Cleaning up jobs and pods...
[06:08:37] $ kubectl delete jobs --all
job.batch "parsec-vips" deleted from default namespace
[06:08:37] $ kubectl delete pods --all
pod "ibench-llc" deleted from default namespace
[06:09:19] Results saved to part2a-experiments/run2/results.csv
[06:09:19] 
Progress: 43/49 (Run 2)
[06:09:19] 
============================================================
[06:09:19]   Benchmark:    barnes
[06:09:19]   Interference: ibench-membw
[06:09:19] ============================================================
[06:09:19] Cleaning up jobs and pods...
[06:09:19] $ kubectl delete jobs --all
No resources found
[06:09:19] $ kubectl delete pods --all
No resources found
[06:09:29] Starting interference: ibench-membw
[06:09:29] $ kubectl create -f interference/part2a/ibench-membw.yaml
pod/ibench-membw created
[06:09:29] Waiting 30s for interference to stabilise...
[06:09:59] $ kubectl get pods -o wide
[06:10:00] Pods:
NAME           READY   STATUS    RESTARTS   AGE   IP            NODE                 NOMINATED NODE   READINESS GATES
ibench-membw   1/1     Running   0          31s   100.96.1.81   parsec-server-plp1   <none>           <none>

[06:10:00] Starting benchmark: barnes
[06:10:00] $ kubectl create -f parsec-benchmarks/part2a/parsec-barnes.yaml
job.batch/parsec-barnes created
[06:10:00] Waiting for job 'parsec-barnes' to complete...
[06:10:00] $ kubectl get jobs parsec-barnes -o jsonpath={.status.conditions[*].type}
[06:10:00]   Still running... (0s elapsed)
[06:10:15] $ kubectl get jobs parsec-barnes -o jsonpath={.status.conditions[*].type}
[06:10:15]   Still running... (15s elapsed)
[06:10:30] $ kubectl get jobs parsec-barnes -o jsonpath={.status.conditions[*].type}
[06:10:31]   Still running... (30s elapsed)
[06:10:46] $ kubectl get jobs parsec-barnes -o jsonpath={.status.conditions[*].type}
[06:10:46]   Still running... (46s elapsed)
[06:11:01] $ kubectl get jobs parsec-barnes -o jsonpath={.status.conditions[*].type}
[06:11:01]   Still running... (61s elapsed)
[06:11:16] $ kubectl get jobs parsec-barnes -o jsonpath={.status.conditions[*].type}
[06:11:16]   Still running... (76s elapsed)
[06:11:32] $ kubectl get jobs parsec-barnes -o jsonpath={.status.conditions[*].type}
[06:11:32]   Still running... (92s elapsed)
[06:11:47] $ kubectl get jobs parsec-barnes -o jsonpath={.status.conditions[*].type}
[06:11:47]   Still running... (107s elapsed)
[06:12:02] $ kubectl get jobs parsec-barnes -o jsonpath={.status.conditions[*].type}
[06:12:02]   Still running... (122s elapsed)
[06:12:17] $ kubectl get jobs parsec-barnes -o jsonpath={.status.conditions[*].type}
[06:12:18]   Still running... (137s elapsed)
[06:12:33] $ kubectl get jobs parsec-barnes -o jsonpath={.status.conditions[*].type}
[06:12:33]   Still running... (153s elapsed)
[06:12:48] $ kubectl get jobs parsec-barnes -o jsonpath={.status.conditions[*].type}
[06:12:48]   Still running... (168s elapsed)
[06:13:03] $ kubectl get jobs parsec-barnes -o jsonpath={.status.conditions[*].type}
[06:13:03]   Still running... (183s elapsed)
[06:13:18] $ kubectl get jobs parsec-barnes -o jsonpath={.status.conditions[*].type}
[06:13:19]   Still running... (199s elapsed)
[06:13:34] $ kubectl get jobs parsec-barnes -o jsonpath={.status.conditions[*].type}
[06:13:34]   Still running... (214s elapsed)
[06:13:49] $ kubectl get jobs parsec-barnes -o jsonpath={.status.conditions[*].type}
[06:13:49]   Still running... (229s elapsed)
[06:14:04] $ kubectl get jobs parsec-barnes -o jsonpath={.status.conditions[*].type}
[06:14:05]   Still running... (244s elapsed)
[06:14:20] $ kubectl get jobs parsec-barnes -o jsonpath={.status.conditions[*].type}
[06:14:20]   Still running... (260s elapsed)
[06:14:35] $ kubectl get jobs parsec-barnes -o jsonpath={.status.conditions[*].type}
[06:14:35]   Still running... (275s elapsed)
[06:14:50] $ kubectl get jobs parsec-barnes -o jsonpath={.status.conditions[*].type}
[06:14:51] Job 'parsec-barnes' completed successfully (290s)
[06:14:51] $ kubectl get pods --selector=job-name=parsec-barnes --output=jsonpath={.items[*].metadata.name}
[06:14:51] $ kubectl logs parsec-barnes-rzl97
[06:14:51] Execution time: 279.8s
[06:14:51] Cleaning up jobs and pods...
[06:14:51] $ kubectl delete jobs --all
job.batch "parsec-barnes" deleted from default namespace
[06:14:51] $ kubectl delete pods --all
pod "ibench-membw" deleted from default namespace
[06:15:32] Results saved to part2a-experiments/run2/results.csv
[06:15:32] 
Progress: 44/49 (Run 2)
[06:15:32] 
============================================================
[06:15:32]   Benchmark:    blackscholes
[06:15:32]   Interference: ibench-membw
[06:15:32] ============================================================
[06:15:32] Cleaning up jobs and pods...
[06:15:32] $ kubectl delete jobs --all
No resources found
[06:15:33] $ kubectl delete pods --all
No resources found
[06:15:43] Starting interference: ibench-membw
[06:15:43] $ kubectl create -f interference/part2a/ibench-membw.yaml
pod/ibench-membw created
[06:15:43] Waiting 30s for interference to stabilise...
[06:16:13] $ kubectl get pods -o wide
[06:16:13] Pods:
NAME           READY   STATUS    RESTARTS   AGE   IP            NODE                 NOMINATED NODE   READINESS GATES
ibench-membw   1/1     Running   0          30s   100.96.1.83   parsec-server-plp1   <none>           <none>

[06:16:13] Starting benchmark: blackscholes
[06:16:13] $ kubectl create -f parsec-benchmarks/part2a/parsec-blackscholes.yaml
job.batch/parsec-blackscholes created
[06:16:13] Waiting for job 'parsec-blackscholes' to complete...
[06:16:13] $ kubectl get jobs parsec-blackscholes -o jsonpath={.status.conditions[*].type}
[06:16:14]   Still running... (0s elapsed)
[06:16:29] $ kubectl get jobs parsec-blackscholes -o jsonpath={.status.conditions[*].type}
[06:16:29] Job 'parsec-blackscholes' completed successfully (15s)
[06:16:29] $ kubectl get pods --selector=job-name=parsec-blackscholes --output=jsonpath={.items[*].metadata.name}
[06:16:29] $ kubectl logs parsec-blackscholes-j4s7h
[06:16:29] Execution time: 1.2s
[06:16:29] Cleaning up jobs and pods...
[06:16:29] $ kubectl delete jobs --all
job.batch "parsec-blackscholes" deleted from default namespace
[06:16:29] $ kubectl delete pods --all
pod "ibench-membw" deleted from default namespace
[06:17:10] Results saved to part2a-experiments/run2/results.csv
[06:17:10] 
Progress: 45/49 (Run 2)
[06:17:10] 
============================================================
[06:17:10]   Benchmark:    canneal
[06:17:10]   Interference: ibench-membw
[06:17:10] ============================================================
[06:17:10] Cleaning up jobs and pods...
[06:17:10] $ kubectl delete jobs --all
No resources found
[06:17:11] $ kubectl delete pods --all
No resources found
[06:17:21] Starting interference: ibench-membw
[06:17:21] $ kubectl create -f interference/part2a/ibench-membw.yaml
pod/ibench-membw created
[06:17:21] Waiting 30s for interference to stabilise...
[06:17:51] $ kubectl get pods -o wide
[06:17:52] Pods:
NAME           READY   STATUS    RESTARTS   AGE   IP            NODE                 NOMINATED NODE   READINESS GATES
ibench-membw   1/1     Running   0          31s   100.96.1.85   parsec-server-plp1   <none>           <none>

[06:17:52] Starting benchmark: canneal
[06:17:52] $ kubectl create -f parsec-benchmarks/part2a/parsec-canneal.yaml
job.batch/parsec-canneal created
[06:17:52] Waiting for job 'parsec-canneal' to complete...
[06:17:52] $ kubectl get jobs parsec-canneal -o jsonpath={.status.conditions[*].type}
[06:17:52]   Still running... (0s elapsed)
[06:18:07] $ kubectl get jobs parsec-canneal -o jsonpath={.status.conditions[*].type}
[06:18:07]   Still running... (15s elapsed)
[06:18:22] $ kubectl get jobs parsec-canneal -o jsonpath={.status.conditions[*].type}
[06:18:22] Job 'parsec-canneal' completed successfully (30s)
[06:18:22] $ kubectl get pods --selector=job-name=parsec-canneal --output=jsonpath={.items[*].metadata.name}
[06:18:23] $ kubectl logs parsec-canneal-7nnd6
[06:18:23] Execution time: 14.7s
[06:18:23] Cleaning up jobs and pods...
[06:18:23] $ kubectl delete jobs --all
job.batch "parsec-canneal" deleted from default namespace
[06:18:23] $ kubectl delete pods --all
pod "ibench-membw" deleted from default namespace
[06:19:04] Results saved to part2a-experiments/run2/results.csv
[06:19:04] 
Progress: 46/49 (Run 2)
[06:19:04] 
============================================================
[06:19:04]   Benchmark:    freqmine
[06:19:04]   Interference: ibench-membw
[06:19:04] ============================================================
[06:19:04] Cleaning up jobs and pods...
[06:19:04] $ kubectl delete jobs --all
No resources found
[06:19:04] $ kubectl delete pods --all
No resources found
[06:19:14] Starting interference: ibench-membw
[06:19:14] $ kubectl create -f interference/part2a/ibench-membw.yaml
pod/ibench-membw created
[06:19:15] Waiting 30s for interference to stabilise...
[06:19:45] $ kubectl get pods -o wide
[06:19:45] Pods:
NAME           READY   STATUS    RESTARTS   AGE   IP            NODE                 NOMINATED NODE   READINESS GATES
ibench-membw   1/1     Running   0          30s   100.96.1.87   parsec-server-plp1   <none>           <none>

[06:19:45] Starting benchmark: freqmine
[06:19:45] $ kubectl create -f parsec-benchmarks/part2a/parsec-freqmine.yaml
job.batch/parsec-freqmine created
[06:19:45] Waiting for job 'parsec-freqmine' to complete...
[06:19:45] $ kubectl get jobs parsec-freqmine -o jsonpath={.status.conditions[*].type}
[06:19:45]   Still running... (0s elapsed)
[06:20:00] $ kubectl get jobs parsec-freqmine -o jsonpath={.status.conditions[*].type}
[06:20:01]   Still running... (15s elapsed)
[06:20:16] $ kubectl get jobs parsec-freqmine -o jsonpath={.status.conditions[*].type}
[06:20:16] Job 'parsec-freqmine' completed successfully (30s)
[06:20:16] $ kubectl get pods --selector=job-name=parsec-freqmine --output=jsonpath={.items[*].metadata.name}
[06:20:16] $ kubectl logs parsec-freqmine-t79lr
[06:20:16] Execution time: 10.6s
[06:20:16] Cleaning up jobs and pods...
[06:20:16] $ kubectl delete jobs --all
job.batch "parsec-freqmine" deleted from default namespace
[06:20:16] $ kubectl delete pods --all
pod "ibench-membw" deleted from default namespace
[06:20:57] Results saved to part2a-experiments/run2/results.csv
[06:20:57] 
Progress: 47/49 (Run 2)
[06:20:57] 
============================================================
[06:20:57]   Benchmark:    radix
[06:20:57]   Interference: ibench-membw
[06:20:57] ============================================================
[06:20:57] Cleaning up jobs and pods...
[06:20:57] $ kubectl delete jobs --all
No resources found
[06:20:57] $ kubectl delete pods --all
No resources found
[06:21:08] Starting interference: ibench-membw
[06:21:08] $ kubectl create -f interference/part2a/ibench-membw.yaml
pod/ibench-membw created
[06:21:08] Waiting 30s for interference to stabilise...
[06:21:38] $ kubectl get pods -o wide
[06:21:38] Pods:
NAME           READY   STATUS    RESTARTS   AGE   IP            NODE                 NOMINATED NODE   READINESS GATES
ibench-membw   1/1     Running   0          30s   100.96.1.89   parsec-server-plp1   <none>           <none>

[06:21:38] Starting benchmark: radix
[06:21:38] $ kubectl create -f parsec-benchmarks/part2a/parsec-radix.yaml
job.batch/parsec-radix created
[06:21:38] Waiting for job 'parsec-radix' to complete...
[06:21:38] $ kubectl get jobs parsec-radix -o jsonpath={.status.conditions[*].type}
[06:21:39]   Still running... (0s elapsed)
[06:21:54] $ kubectl get jobs parsec-radix -o jsonpath={.status.conditions[*].type}
[06:21:54]   Still running... (15s elapsed)
[06:22:09] $ kubectl get jobs parsec-radix -o jsonpath={.status.conditions[*].type}
[06:22:09]   Still running... (30s elapsed)
[06:22:24] $ kubectl get jobs parsec-radix -o jsonpath={.status.conditions[*].type}
[06:22:24]   Still running... (46s elapsed)
[06:22:39] $ kubectl get jobs parsec-radix -o jsonpath={.status.conditions[*].type}
[06:22:40]   Still running... (61s elapsed)
[06:22:55] $ kubectl get jobs parsec-radix -o jsonpath={.status.conditions[*].type}
[06:22:55]   Still running... (76s elapsed)
[06:23:10] $ kubectl get jobs parsec-radix -o jsonpath={.status.conditions[*].type}
[06:23:10] Job 'parsec-radix' completed successfully (92s)
[06:23:10] $ kubectl get pods --selector=job-name=parsec-radix --output=jsonpath={.items[*].metadata.name}
[06:23:10] $ kubectl logs parsec-radix-kzcph
[06:23:11] Execution time: 73.1s
[06:23:11] Cleaning up jobs and pods...
[06:23:11] $ kubectl delete jobs --all
job.batch "parsec-radix" deleted from default namespace
[06:23:11] $ kubectl delete pods --all
pod "ibench-membw" deleted from default namespace
[06:23:52] Results saved to part2a-experiments/run2/results.csv
[06:23:52] 
Progress: 48/49 (Run 2)
[06:23:52] 
============================================================
[06:23:52]   Benchmark:    streamcluster
[06:23:52]   Interference: ibench-membw
[06:23:52] ============================================================
[06:23:52] Cleaning up jobs and pods...
[06:23:52] $ kubectl delete jobs --all
No resources found
[06:23:52] $ kubectl delete pods --all
No resources found
[06:24:02] Starting interference: ibench-membw
[06:24:02] $ kubectl create -f interference/part2a/ibench-membw.yaml
pod/ibench-membw created
[06:24:03] Waiting 30s for interference to stabilise...
[06:24:33] $ kubectl get pods -o wide
[06:24:33] Pods:
NAME           READY   STATUS    RESTARTS   AGE   IP            NODE                 NOMINATED NODE   READINESS GATES
ibench-membw   1/1     Running   0          30s   100.96.1.91   parsec-server-plp1   <none>           <none>

[06:24:33] Starting benchmark: streamcluster
[06:24:33] $ kubectl create -f parsec-benchmarks/part2a/parsec-streamcluster.yaml
job.batch/parsec-streamcluster created
[06:24:33] Waiting for job 'parsec-streamcluster' to complete...
[06:24:33] $ kubectl get jobs parsec-streamcluster -o jsonpath={.status.conditions[*].type}
[06:24:33]   Still running... (0s elapsed)
[06:24:48] $ kubectl get jobs parsec-streamcluster -o jsonpath={.status.conditions[*].type}
[06:24:49]   Still running... (15s elapsed)
[06:25:04] $ kubectl get jobs parsec-streamcluster -o jsonpath={.status.conditions[*].type}
[06:25:04] Job 'parsec-streamcluster' completed successfully (30s)
[06:25:04] $ kubectl get pods --selector=job-name=parsec-streamcluster --output=jsonpath={.items[*].metadata.name}
[06:25:04] $ kubectl logs parsec-streamcluster-rfzhx
[06:25:04] Execution time: 14.4s
[06:25:04] Cleaning up jobs and pods...
[06:25:04] $ kubectl delete jobs --all
job.batch "parsec-streamcluster" deleted from default namespace
[06:25:04] $ kubectl delete pods --all
pod "ibench-membw" deleted from default namespace
[06:25:45] Results saved to part2a-experiments/run2/results.csv
[06:25:45] 
Progress: 49/49 (Run 2)
[06:25:45] 
============================================================
[06:25:45]   Benchmark:    vips
[06:25:45]   Interference: ibench-membw
[06:25:45] ============================================================
[06:25:45] Cleaning up jobs and pods...
[06:25:45] $ kubectl delete jobs --all
No resources found
[06:25:46] $ kubectl delete pods --all
No resources found
[06:25:56] Starting interference: ibench-membw
[06:25:56] $ kubectl create -f interference/part2a/ibench-membw.yaml
pod/ibench-membw created
[06:25:56] Waiting 30s for interference to stabilise...
[06:26:26] $ kubectl get pods -o wide
[06:26:27] Pods:
NAME           READY   STATUS    RESTARTS   AGE   IP            NODE                 NOMINATED NODE   READINESS GATES
ibench-membw   1/1     Running   0          31s   100.96.1.93   parsec-server-plp1   <none>           <none>

[06:26:27] Starting benchmark: vips
[06:26:27] $ kubectl create -f parsec-benchmarks/part2a/parsec-vips.yaml
job.batch/parsec-vips created
[06:26:27] Waiting for job 'parsec-vips' to complete...
[06:26:27] $ kubectl get jobs parsec-vips -o jsonpath={.status.conditions[*].type}
[06:26:27]   Still running... (0s elapsed)
[06:26:42] $ kubectl get jobs parsec-vips -o jsonpath={.status.conditions[*].type}
[06:26:42]   Still running... (15s elapsed)
[06:26:57] $ kubectl get jobs parsec-vips -o jsonpath={.status.conditions[*].type}
[06:26:57]   Still running... (30s elapsed)
[06:27:12] $ kubectl get jobs parsec-vips -o jsonpath={.status.conditions[*].type}
[06:27:13]   Still running... (46s elapsed)
[06:27:28] $ kubectl get jobs parsec-vips -o jsonpath={.status.conditions[*].type}
[06:27:28]   Still running... (61s elapsed)
[06:27:43] $ kubectl get jobs parsec-vips -o jsonpath={.status.conditions[*].type}
[06:27:43]   Still running... (76s elapsed)
[06:27:58] $ kubectl get jobs parsec-vips -o jsonpath={.status.conditions[*].type}
[06:27:59]   Still running... (92s elapsed)
[06:28:14] $ kubectl get jobs parsec-vips -o jsonpath={.status.conditions[*].type}
[06:28:14]   Still running... (107s elapsed)
[06:28:29] $ kubectl get jobs parsec-vips -o jsonpath={.status.conditions[*].type}
[06:28:29]   Still running... (122s elapsed)
[06:28:44] $ kubectl get jobs parsec-vips -o jsonpath={.status.conditions[*].type}
[06:28:44]   Still running... (137s elapsed)
[06:28:59] $ kubectl get jobs parsec-vips -o jsonpath={.status.conditions[*].type}
[06:29:00]   Still running... (153s elapsed)
[06:29:15] $ kubectl get jobs parsec-vips -o jsonpath={.status.conditions[*].type}
[06:29:15]   Still running... (168s elapsed)
[06:29:30] $ kubectl get jobs parsec-vips -o jsonpath={.status.conditions[*].type}
[06:29:30]   Still running... (183s elapsed)
[06:29:45] $ kubectl get jobs parsec-vips -o jsonpath={.status.conditions[*].type}
[06:29:46]   Still running... (199s elapsed)
[06:30:01] $ kubectl get jobs parsec-vips -o jsonpath={.status.conditions[*].type}
[06:30:01]   Still running... (214s elapsed)
[06:30:16] $ kubectl get jobs parsec-vips -o jsonpath={.status.conditions[*].type}
[06:30:16] Job 'parsec-vips' completed successfully (229s)
[06:30:16] $ kubectl get pods --selector=job-name=parsec-vips --output=jsonpath={.items[*].metadata.name}
[06:30:16] $ kubectl logs parsec-vips-qjhdl
[06:30:17] Execution time: 195.5s
[06:30:17] Cleaning up jobs and pods...
[06:30:17] $ kubectl delete jobs --all
job.batch "parsec-vips" deleted from default namespace
[06:30:17] $ kubectl delete pods --all
pod "ibench-membw" deleted from default namespace
[06:30:57] Results saved to part2a-experiments/run2/results.csv
[06:30:57] 
============================================================
[06:30:57] Run 2 done! Results in part2a-experiments/run2
[06:30:57] ============================================================
[06:30:57] 
Run 2 done, starting run 3...
[06:30:57] 
############################################################
[06:30:57]   Starting Run 3
[06:30:57] ############################################################
[06:30:57] Output directory: part2a-experiments/run3
[06:30:57] Total experiments: 7 × 7 = 49
[06:30:57] Labelling parsec node...
[06:30:57] $ kubectl get nodes -o wide
[06:30:58] Found parsec node: parsec-server-plp1
[06:30:58] $ kubectl label nodes parsec-server-plp1 cca-project-nodetype=parsec --overwrite
node/parsec-server-plp1 not labeled
[06:30:58] 
Progress: 1/49 (Run 3)
[06:30:58] 
============================================================
[06:30:58]   Benchmark:    barnes
[06:30:58]   Interference: baseline
[06:30:58] ============================================================
[06:30:58] Cleaning up jobs and pods...
[06:30:58] $ kubectl delete jobs --all
No resources found
[06:30:58] $ kubectl delete pods --all
No resources found
[06:31:08] No interference (baseline)
[06:31:08] Starting benchmark: barnes
[06:31:08] $ kubectl create -f parsec-benchmarks/part2a/parsec-barnes.yaml
job.batch/parsec-barnes created
[06:31:08] Waiting for job 'parsec-barnes' to complete...
[06:31:08] $ kubectl get jobs parsec-barnes -o jsonpath={.status.conditions[*].type}
[06:31:09]   Still running... (0s elapsed)
[06:31:24] $ kubectl get jobs parsec-barnes -o jsonpath={.status.conditions[*].type}
[06:31:24]   Still running... (15s elapsed)
[06:31:39] $ kubectl get jobs parsec-barnes -o jsonpath={.status.conditions[*].type}
[06:31:39]   Still running... (30s elapsed)
[06:31:54] $ kubectl get jobs parsec-barnes -o jsonpath={.status.conditions[*].type}
[06:31:54]   Still running... (46s elapsed)
[06:32:09] $ kubectl get jobs parsec-barnes -o jsonpath={.status.conditions[*].type}
[06:32:10]   Still running... (61s elapsed)
[06:32:25] $ kubectl get jobs parsec-barnes -o jsonpath={.status.conditions[*].type}
[06:32:25]   Still running... (76s elapsed)
[06:32:40] $ kubectl get jobs parsec-barnes -o jsonpath={.status.conditions[*].type}
[06:32:40]   Still running... (92s elapsed)
[06:32:55] $ kubectl get jobs parsec-barnes -o jsonpath={.status.conditions[*].type}
[06:32:56]   Still running... (107s elapsed)
[06:33:11] $ kubectl get jobs parsec-barnes -o jsonpath={.status.conditions[*].type}
[06:33:11]   Still running... (122s elapsed)
[06:33:26] $ kubectl get jobs parsec-barnes -o jsonpath={.status.conditions[*].type}
[06:33:26]   Still running... (138s elapsed)
[06:33:41] $ kubectl get jobs parsec-barnes -o jsonpath={.status.conditions[*].type}
[06:33:41]   Still running... (153s elapsed)
[06:33:56] $ kubectl get jobs parsec-barnes -o jsonpath={.status.conditions[*].type}
[06:33:57] Job 'parsec-barnes' completed successfully (168s)
[06:33:57] $ kubectl get pods --selector=job-name=parsec-barnes --output=jsonpath={.items[*].metadata.name}
[06:33:57] $ kubectl logs parsec-barnes-8hgm9
[06:33:57] Execution time: 157.5s
[06:33:57] Cleaning up jobs and pods...
[06:33:57] $ kubectl delete jobs --all
job.batch "parsec-barnes" deleted from default namespace
[06:33:57] $ kubectl delete pods --all
No resources found
[06:34:07] Results saved to part2a-experiments/run3/results.csv
[06:34:07] 
Progress: 2/49 (Run 3)
[06:34:07] 
============================================================
[06:34:07]   Benchmark:    blackscholes
[06:34:07]   Interference: baseline
[06:34:07] ============================================================
[06:34:07] Cleaning up jobs and pods...
[06:34:07] $ kubectl delete jobs --all
No resources found
[06:34:08] $ kubectl delete pods --all
No resources found
[06:34:18] No interference (baseline)
[06:34:18] Starting benchmark: blackscholes
[06:34:18] $ kubectl create -f parsec-benchmarks/part2a/parsec-blackscholes.yaml
job.batch/parsec-blackscholes created
[06:34:18] Waiting for job 'parsec-blackscholes' to complete...
[06:34:18] $ kubectl get jobs parsec-blackscholes -o jsonpath={.status.conditions[*].type}
[06:34:18]   Still running... (0s elapsed)
[06:34:33] $ kubectl get jobs parsec-blackscholes -o jsonpath={.status.conditions[*].type}
[06:34:33] Job 'parsec-blackscholes' completed successfully (15s)
[06:34:33] $ kubectl get pods --selector=job-name=parsec-blackscholes --output=jsonpath={.items[*].metadata.name}
[06:34:34] $ kubectl logs parsec-blackscholes-ldmsf
[06:34:34] Execution time: 0.9s
[06:34:34] Cleaning up jobs and pods...
[06:34:34] $ kubectl delete jobs --all
job.batch "parsec-blackscholes" deleted from default namespace
[06:34:34] $ kubectl delete pods --all
No resources found
[06:34:44] Results saved to part2a-experiments/run3/results.csv
[06:34:44] 
Progress: 3/49 (Run 3)
[06:34:44] 
============================================================
[06:34:44]   Benchmark:    canneal
[06:34:44]   Interference: baseline
[06:34:44] ============================================================
[06:34:44] Cleaning up jobs and pods...
[06:34:44] $ kubectl delete jobs --all
No resources found
[06:34:44] $ kubectl delete pods --all
No resources found
[06:34:54] No interference (baseline)
[06:34:54] Starting benchmark: canneal
[06:34:54] $ kubectl create -f parsec-benchmarks/part2a/parsec-canneal.yaml
job.batch/parsec-canneal created
[06:34:55] Waiting for job 'parsec-canneal' to complete...
[06:34:55] $ kubectl get jobs parsec-canneal -o jsonpath={.status.conditions[*].type}
[06:34:55]   Still running... (0s elapsed)
[06:35:10] $ kubectl get jobs parsec-canneal -o jsonpath={.status.conditions[*].type}
[06:35:10]   Still running... (15s elapsed)
[06:35:25] $ kubectl get jobs parsec-canneal -o jsonpath={.status.conditions[*].type}
[06:35:25] Job 'parsec-canneal' completed successfully (30s)
[06:35:25] $ kubectl get pods --selector=job-name=parsec-canneal --output=jsonpath={.items[*].metadata.name}
[06:35:26] $ kubectl logs parsec-canneal-mgpf2
[06:35:26] Execution time: 11.7s
[06:35:26] Cleaning up jobs and pods...
[06:35:26] $ kubectl delete jobs --all
job.batch "parsec-canneal" deleted from default namespace
[06:35:26] $ kubectl delete pods --all
No resources found
[06:35:36] Results saved to part2a-experiments/run3/results.csv
[06:35:36] 
Progress: 4/49 (Run 3)
[06:35:36] 
============================================================
[06:35:36]   Benchmark:    freqmine
[06:35:36]   Interference: baseline
[06:35:36] ============================================================
[06:35:36] Cleaning up jobs and pods...
[06:35:36] $ kubectl delete jobs --all
No resources found
[06:35:36] $ kubectl delete pods --all
No resources found
[06:35:46] No interference (baseline)
[06:35:46] Starting benchmark: freqmine
[06:35:46] $ kubectl create -f parsec-benchmarks/part2a/parsec-freqmine.yaml
job.batch/parsec-freqmine created
[06:35:47] Waiting for job 'parsec-freqmine' to complete...
[06:35:47] $ kubectl get jobs parsec-freqmine -o jsonpath={.status.conditions[*].type}
[06:35:47]   Still running... (0s elapsed)
[06:36:02] $ kubectl get jobs parsec-freqmine -o jsonpath={.status.conditions[*].type}
[06:36:02] Job 'parsec-freqmine' completed successfully (15s)
[06:36:02] $ kubectl get pods --selector=job-name=parsec-freqmine --output=jsonpath={.items[*].metadata.name}
[06:36:02] $ kubectl logs parsec-freqmine-n5n28
[06:36:02] Execution time: 6.7s
[06:36:02] Cleaning up jobs and pods...
[06:36:02] $ kubectl delete jobs --all
job.batch "parsec-freqmine" deleted from default namespace
[06:36:03] $ kubectl delete pods --all
No resources found
[06:36:13] Results saved to part2a-experiments/run3/results.csv
[06:36:13] 
Progress: 5/49 (Run 3)
[06:36:13] 
============================================================
[06:36:13]   Benchmark:    radix
[06:36:13]   Interference: baseline
[06:36:13] ============================================================
[06:36:13] Cleaning up jobs and pods...
[06:36:13] $ kubectl delete jobs --all
No resources found
[06:36:13] $ kubectl delete pods --all
No resources found
[06:36:23] No interference (baseline)
[06:36:23] Starting benchmark: radix
[06:36:23] $ kubectl create -f parsec-benchmarks/part2a/parsec-radix.yaml
job.batch/parsec-radix created
[06:36:23] Waiting for job 'parsec-radix' to complete...
[06:36:23] $ kubectl get jobs parsec-radix -o jsonpath={.status.conditions[*].type}
[06:36:23]   Still running... (0s elapsed)
[06:36:38] $ kubectl get jobs parsec-radix -o jsonpath={.status.conditions[*].type}
[06:36:39]   Still running... (15s elapsed)
[06:36:54] $ kubectl get jobs parsec-radix -o jsonpath={.status.conditions[*].type}
[06:36:54]   Still running... (30s elapsed)
[06:37:09] $ kubectl get jobs parsec-radix -o jsonpath={.status.conditions[*].type}
[06:37:09]   Still running... (46s elapsed)
[06:37:24] $ kubectl get jobs parsec-radix -o jsonpath={.status.conditions[*].type}
[06:37:25]   Still running... (61s elapsed)
[06:37:40] $ kubectl get jobs parsec-radix -o jsonpath={.status.conditions[*].type}
[06:37:40] Job 'parsec-radix' completed successfully (76s)
[06:37:40] $ kubectl get pods --selector=job-name=parsec-radix --output=jsonpath={.items[*].metadata.name}
[06:37:40] $ kubectl logs parsec-radix-tljlr
[06:37:40] Execution time: 63.4s
[06:37:40] Cleaning up jobs and pods...
[06:37:40] $ kubectl delete jobs --all
job.batch "parsec-radix" deleted from default namespace
[06:37:40] $ kubectl delete pods --all
No resources found
[06:37:50] Results saved to part2a-experiments/run3/results.csv
[06:37:50] 
Progress: 6/49 (Run 3)
[06:37:50] 
============================================================
[06:37:50]   Benchmark:    streamcluster
[06:37:50]   Interference: baseline
[06:37:50] ============================================================
[06:37:50] Cleaning up jobs and pods...
[06:37:50] $ kubectl delete jobs --all
No resources found
[06:37:51] $ kubectl delete pods --all
No resources found
[06:38:01] No interference (baseline)
[06:38:01] Starting benchmark: streamcluster
[06:38:01] $ kubectl create -f parsec-benchmarks/part2a/parsec-streamcluster.yaml
job.batch/parsec-streamcluster created
[06:38:01] Waiting for job 'parsec-streamcluster' to complete...
[06:38:01] $ kubectl get jobs parsec-streamcluster -o jsonpath={.status.conditions[*].type}
[06:38:01]   Still running... (0s elapsed)
[06:38:16] $ kubectl get jobs parsec-streamcluster -o jsonpath={.status.conditions[*].type}
[06:38:17]   Still running... (15s elapsed)
[06:38:32] $ kubectl get jobs parsec-streamcluster -o jsonpath={.status.conditions[*].type}
[06:38:32] Job 'parsec-streamcluster' completed successfully (30s)
[06:38:32] $ kubectl get pods --selector=job-name=parsec-streamcluster --output=jsonpath={.items[*].metadata.name}
[06:38:32] $ kubectl logs parsec-streamcluster-xbq64
[06:38:32] Execution time: 11.6s
[06:38:32] Cleaning up jobs and pods...
[06:38:32] $ kubectl delete jobs --all
job.batch "parsec-streamcluster" deleted from default namespace
[06:38:32] $ kubectl delete pods --all
No resources found
[06:38:42] Results saved to part2a-experiments/run3/results.csv
[06:38:42] 
Progress: 7/49 (Run 3)
[06:38:42] 
============================================================
[06:38:42]   Benchmark:    vips
[06:38:42]   Interference: baseline
[06:38:42] ============================================================
[06:38:42] Cleaning up jobs and pods...
[06:38:42] $ kubectl delete jobs --all
No resources found
[06:38:43] $ kubectl delete pods --all
No resources found
[06:38:53] No interference (baseline)
[06:38:53] Starting benchmark: vips
[06:38:53] $ kubectl create -f parsec-benchmarks/part2a/parsec-vips.yaml
job.batch/parsec-vips created
[06:38:53] Waiting for job 'parsec-vips' to complete...
[06:38:53] $ kubectl get jobs parsec-vips -o jsonpath={.status.conditions[*].type}
[06:38:53]   Still running... (0s elapsed)
[06:39:08] $ kubectl get jobs parsec-vips -o jsonpath={.status.conditions[*].type}
[06:39:09]   Still running... (15s elapsed)
[06:39:24] $ kubectl get jobs parsec-vips -o jsonpath={.status.conditions[*].type}
[06:39:24]   Still running... (30s elapsed)
[06:39:39] $ kubectl get jobs parsec-vips -o jsonpath={.status.conditions[*].type}
[06:39:39]   Still running... (46s elapsed)
[06:39:54] $ kubectl get jobs parsec-vips -o jsonpath={.status.conditions[*].type}
[06:39:54]   Still running... (61s elapsed)
[06:40:09] $ kubectl get jobs parsec-vips -o jsonpath={.status.conditions[*].type}
[06:40:10]   Still running... (76s elapsed)
[06:40:25] $ kubectl get jobs parsec-vips -o jsonpath={.status.conditions[*].type}
[06:40:25]   Still running... (92s elapsed)
[06:40:40] $ kubectl get jobs parsec-vips -o jsonpath={.status.conditions[*].type}
[06:40:40]   Still running... (107s elapsed)
[06:40:55] $ kubectl get jobs parsec-vips -o jsonpath={.status.conditions[*].type}
[06:40:56]   Still running... (122s elapsed)
[06:41:11] $ kubectl get jobs parsec-vips -o jsonpath={.status.conditions[*].type}
[06:41:11] Job 'parsec-vips' completed successfully (137s)
[06:41:11] $ kubectl get pods --selector=job-name=parsec-vips --output=jsonpath={.items[*].metadata.name}
[06:41:11] $ kubectl logs parsec-vips-wb82x
[06:41:11] Execution time: 115.3s
[06:41:11] Cleaning up jobs and pods...
[06:41:11] $ kubectl delete jobs --all
job.batch "parsec-vips" deleted from default namespace
[06:41:11] $ kubectl delete pods --all
No resources found
[06:41:21] Results saved to part2a-experiments/run3/results.csv
[06:41:21] 
Progress: 8/49 (Run 3)
[06:41:21] 
============================================================
[06:41:21]   Benchmark:    barnes
[06:41:21]   Interference: ibench-cpu
[06:41:21] ============================================================
[06:41:21] Cleaning up jobs and pods...
[06:41:21] $ kubectl delete jobs --all
No resources found
[06:41:22] $ kubectl delete pods --all
No resources found
[06:41:32] Starting interference: ibench-cpu
[06:41:32] $ kubectl create -f interference/part2a/ibench-cpu.yaml
pod/ibench-cpu created
[06:41:32] Waiting 30s for interference to stabilise...
[06:42:02] $ kubectl get pods -o wide
[06:42:02] Pods:
NAME         READY   STATUS    RESTARTS   AGE   IP             NODE                 NOMINATED NODE   READINESS GATES
ibench-cpu   1/1     Running   0          30s   100.96.1.102   parsec-server-plp1   <none>           <none>

[06:42:02] Starting benchmark: barnes
[06:42:02] $ kubectl create -f parsec-benchmarks/part2a/parsec-barnes.yaml
job.batch/parsec-barnes created
[06:42:03] Waiting for job 'parsec-barnes' to complete...
[06:42:03] $ kubectl get jobs parsec-barnes -o jsonpath={.status.conditions[*].type}
[06:42:03]   Still running... (0s elapsed)
[06:42:18] $ kubectl get jobs parsec-barnes -o jsonpath={.status.conditions[*].type}
[06:42:18]   Still running... (15s elapsed)
[06:42:33] $ kubectl get jobs parsec-barnes -o jsonpath={.status.conditions[*].type}
[06:42:33]   Still running... (30s elapsed)
[06:42:48] $ kubectl get jobs parsec-barnes -o jsonpath={.status.conditions[*].type}
[06:42:49]   Still running... (46s elapsed)
[06:43:04] $ kubectl get jobs parsec-barnes -o jsonpath={.status.conditions[*].type}
[06:43:04]   Still running... (61s elapsed)
[06:43:19] $ kubectl get jobs parsec-barnes -o jsonpath={.status.conditions[*].type}
[06:43:19]   Still running... (76s elapsed)
[06:43:34] $ kubectl get jobs parsec-barnes -o jsonpath={.status.conditions[*].type}
[06:43:34]   Still running... (92s elapsed)
[06:43:49] $ kubectl get jobs parsec-barnes -o jsonpath={.status.conditions[*].type}
[06:43:50]   Still running... (107s elapsed)
[06:44:05] $ kubectl get jobs parsec-barnes -o jsonpath={.status.conditions[*].type}
[06:44:05]   Still running... (122s elapsed)
[06:44:20] $ kubectl get jobs parsec-barnes -o jsonpath={.status.conditions[*].type}
[06:44:20]   Still running... (137s elapsed)
[06:44:35] $ kubectl get jobs parsec-barnes -o jsonpath={.status.conditions[*].type}
[06:44:36]   Still running... (153s elapsed)
[06:44:51] $ kubectl get jobs parsec-barnes -o jsonpath={.status.conditions[*].type}
[06:44:51]   Still running... (168s elapsed)
[06:45:06] $ kubectl get jobs parsec-barnes -o jsonpath={.status.conditions[*].type}
[06:45:06]   Still running... (183s elapsed)
[06:45:21] $ kubectl get jobs parsec-barnes -o jsonpath={.status.conditions[*].type}
[06:45:21]   Still running... (198s elapsed)
[06:45:36] $ kubectl get jobs parsec-barnes -o jsonpath={.status.conditions[*].type}
[06:45:37]   Still running... (214s elapsed)
[06:45:52] $ kubectl get jobs parsec-barnes -o jsonpath={.status.conditions[*].type}
[06:45:52] Job 'parsec-barnes' completed successfully (229s)
[06:45:52] $ kubectl get pods --selector=job-name=parsec-barnes --output=jsonpath={.items[*].metadata.name}
[06:45:52] $ kubectl logs parsec-barnes-68c6g
[06:45:52] Execution time: 223.5s
[06:45:52] Cleaning up jobs and pods...
[06:45:52] $ kubectl delete jobs --all
job.batch "parsec-barnes" deleted from default namespace
[06:45:52] $ kubectl delete pods --all
pod "ibench-cpu" deleted from default namespace
[06:46:34] Results saved to part2a-experiments/run3/results.csv
[06:46:34] 
Progress: 9/49 (Run 3)
[06:46:34] 
============================================================
[06:46:34]   Benchmark:    blackscholes
[06:46:34]   Interference: ibench-cpu
[06:46:34] ============================================================
[06:46:34] Cleaning up jobs and pods...
[06:46:34] $ kubectl delete jobs --all
No resources found
[06:46:34] $ kubectl delete pods --all
No resources found
[06:46:44] Starting interference: ibench-cpu
[06:46:44] $ kubectl create -f interference/part2a/ibench-cpu.yaml
pod/ibench-cpu created
[06:46:44] Waiting 30s for interference to stabilise...
[06:47:14] $ kubectl get pods -o wide
[06:47:15] Pods:
NAME         READY   STATUS    RESTARTS   AGE   IP             NODE                 NOMINATED NODE   READINESS GATES
ibench-cpu   1/1     Running   0          31s   100.96.1.104   parsec-server-plp1   <none>           <none>

[06:47:15] Starting benchmark: blackscholes
[06:47:15] $ kubectl create -f parsec-benchmarks/part2a/parsec-blackscholes.yaml
job.batch/parsec-blackscholes created
[06:47:15] Waiting for job 'parsec-blackscholes' to complete...
[06:47:15] $ kubectl get jobs parsec-blackscholes -o jsonpath={.status.conditions[*].type}
[06:47:15]   Still running... (0s elapsed)
[06:47:30] $ kubectl get jobs parsec-blackscholes -o jsonpath={.status.conditions[*].type}
[06:47:30] Job 'parsec-blackscholes' completed successfully (15s)
[06:47:30] $ kubectl get pods --selector=job-name=parsec-blackscholes --output=jsonpath={.items[*].metadata.name}
[06:47:30] $ kubectl logs parsec-blackscholes-qbhxh
[06:47:31] Execution time: 1.1s
[06:47:31] Cleaning up jobs and pods...
[06:47:31] $ kubectl delete jobs --all
job.batch "parsec-blackscholes" deleted from default namespace
[06:47:31] $ kubectl delete pods --all
pod "ibench-cpu" deleted from default namespace
[06:48:12] Results saved to part2a-experiments/run3/results.csv
[06:48:12] 
Progress: 10/49 (Run 3)
[06:48:12] 
============================================================
[06:48:12]   Benchmark:    canneal
[06:48:12]   Interference: ibench-cpu
[06:48:12] ============================================================
[06:48:12] Cleaning up jobs and pods...
[06:48:12] $ kubectl delete jobs --all
No resources found
[06:48:12] $ kubectl delete pods --all
No resources found
[06:48:22] Starting interference: ibench-cpu
[06:48:22] $ kubectl create -f interference/part2a/ibench-cpu.yaml
pod/ibench-cpu created
[06:48:22] Waiting 30s for interference to stabilise...
[06:48:52] $ kubectl get pods -o wide
[06:48:53] Pods:
NAME         READY   STATUS    RESTARTS   AGE   IP             NODE                 NOMINATED NODE   READINESS GATES
ibench-cpu   1/1     Running   0          31s   100.96.1.106   parsec-server-plp1   <none>           <none>

[06:48:53] Starting benchmark: canneal
[06:48:53] $ kubectl create -f parsec-benchmarks/part2a/parsec-canneal.yaml
job.batch/parsec-canneal created
[06:48:53] Waiting for job 'parsec-canneal' to complete...
[06:48:53] $ kubectl get jobs parsec-canneal -o jsonpath={.status.conditions[*].type}
[06:48:53]   Still running... (0s elapsed)
[06:49:08] $ kubectl get jobs parsec-canneal -o jsonpath={.status.conditions[*].type}
[06:49:08]   Still running... (15s elapsed)
[06:49:23] $ kubectl get jobs parsec-canneal -o jsonpath={.status.conditions[*].type}
[06:49:24] Job 'parsec-canneal' completed successfully (30s)
[06:49:24] $ kubectl get pods --selector=job-name=parsec-canneal --output=jsonpath={.items[*].metadata.name}
[06:49:24] $ kubectl logs parsec-canneal-j44p6
[06:49:24] Execution time: 12.8s
[06:49:24] Cleaning up jobs and pods...
[06:49:24] $ kubectl delete jobs --all
job.batch "parsec-canneal" deleted from default namespace
[06:49:24] $ kubectl delete pods --all
pod "ibench-cpu" deleted from default namespace
[06:50:05] Results saved to part2a-experiments/run3/results.csv
[06:50:05] 
Progress: 11/49 (Run 3)
[06:50:05] 
============================================================
[06:50:05]   Benchmark:    freqmine
[06:50:05]   Interference: ibench-cpu
[06:50:05] ============================================================
[06:50:05] Cleaning up jobs and pods...
[06:50:05] $ kubectl delete jobs --all
No resources found
[06:50:05] $ kubectl delete pods --all
No resources found
[06:50:15] Starting interference: ibench-cpu
[06:50:15] $ kubectl create -f interference/part2a/ibench-cpu.yaml
pod/ibench-cpu created
[06:50:16] Waiting 30s for interference to stabilise...
[06:50:46] $ kubectl get pods -o wide
[06:50:46] Pods:
NAME         READY   STATUS    RESTARTS   AGE   IP             NODE                 NOMINATED NODE   READINESS GATES
ibench-cpu   1/1     Running   0          30s   100.96.1.108   parsec-server-plp1   <none>           <none>

[06:50:46] Starting benchmark: freqmine
[06:50:46] $ kubectl create -f parsec-benchmarks/part2a/parsec-freqmine.yaml
job.batch/parsec-freqmine created
[06:50:46] Waiting for job 'parsec-freqmine' to complete...
[06:50:46] $ kubectl get jobs parsec-freqmine -o jsonpath={.status.conditions[*].type}
[06:50:46]   Still running... (0s elapsed)
[06:51:01] $ kubectl get jobs parsec-freqmine -o jsonpath={.status.conditions[*].type}
[06:51:02]   Still running... (15s elapsed)
[06:51:17] $ kubectl get jobs parsec-freqmine -o jsonpath={.status.conditions[*].type}
[06:51:17] Job 'parsec-freqmine' completed successfully (30s)
[06:51:17] $ kubectl get pods --selector=job-name=parsec-freqmine --output=jsonpath={.items[*].metadata.name}
[06:51:17] $ kubectl logs parsec-freqmine-jvbqv
[06:51:17] Execution time: 13.3s
[06:51:17] Cleaning up jobs and pods...
[06:51:17] $ kubectl delete jobs --all
job.batch "parsec-freqmine" deleted from default namespace
[06:51:17] $ kubectl delete pods --all
pod "ibench-cpu" deleted from default namespace
[06:51:58] Results saved to part2a-experiments/run3/results.csv
[06:51:58] 
Progress: 12/49 (Run 3)
[06:51:58] 
============================================================
[06:51:58]   Benchmark:    radix
[06:51:58]   Interference: ibench-cpu
[06:51:58] ============================================================
[06:51:58] Cleaning up jobs and pods...
[06:51:58] $ kubectl delete jobs --all
No resources found
[06:51:59] $ kubectl delete pods --all
No resources found
[06:52:09] Starting interference: ibench-cpu
[06:52:09] $ kubectl create -f interference/part2a/ibench-cpu.yaml
pod/ibench-cpu created
[06:52:09] Waiting 30s for interference to stabilise...
[06:52:39] $ kubectl get pods -o wide
[06:52:39] Pods:
NAME         READY   STATUS    RESTARTS   AGE   IP             NODE                 NOMINATED NODE   READINESS GATES
ibench-cpu   1/1     Running   0          30s   100.96.1.110   parsec-server-plp1   <none>           <none>

[06:52:39] Starting benchmark: radix
[06:52:39] $ kubectl create -f parsec-benchmarks/part2a/parsec-radix.yaml
job.batch/parsec-radix created
[06:52:40] Waiting for job 'parsec-radix' to complete...
[06:52:40] $ kubectl get jobs parsec-radix -o jsonpath={.status.conditions[*].type}
[06:52:40]   Still running... (0s elapsed)
[06:52:55] $ kubectl get jobs parsec-radix -o jsonpath={.status.conditions[*].type}
[06:52:55]   Still running... (15s elapsed)
[06:53:10] $ kubectl get jobs parsec-radix -o jsonpath={.status.conditions[*].type}
[06:53:10]   Still running... (30s elapsed)
[06:53:25] $ kubectl get jobs parsec-radix -o jsonpath={.status.conditions[*].type}
[06:53:25]   Still running... (46s elapsed)
[06:53:40] $ kubectl get jobs parsec-radix -o jsonpath={.status.conditions[*].type}
[06:53:41]   Still running... (61s elapsed)
[06:53:56] $ kubectl get jobs parsec-radix -o jsonpath={.status.conditions[*].type}
[06:53:56]   Still running... (76s elapsed)
[06:54:11] $ kubectl get jobs parsec-radix -o jsonpath={.status.conditions[*].type}
[06:54:11] Job 'parsec-radix' completed successfully (92s)
[06:54:11] $ kubectl get pods --selector=job-name=parsec-radix --output=jsonpath={.items[*].metadata.name}
[06:54:11] $ kubectl logs parsec-radix-t8rqx
[06:54:12] Execution time: 75.2s
[06:54:12] Cleaning up jobs and pods...
[06:54:12] $ kubectl delete jobs --all
job.batch "parsec-radix" deleted from default namespace
[06:54:12] $ kubectl delete pods --all
pod "ibench-cpu" deleted from default namespace
[06:54:53] Results saved to part2a-experiments/run3/results.csv
[06:54:53] 
Progress: 13/49 (Run 3)
[06:54:53] 
============================================================
[06:54:53]   Benchmark:    streamcluster
[06:54:53]   Interference: ibench-cpu
[06:54:53] ============================================================
[06:54:53] Cleaning up jobs and pods...
[06:54:53] $ kubectl delete jobs --all
No resources found
[06:54:53] $ kubectl delete pods --all
No resources found
[06:55:03] Starting interference: ibench-cpu
[06:55:03] $ kubectl create -f interference/part2a/ibench-cpu.yaml
pod/ibench-cpu created
[06:55:04] Waiting 30s for interference to stabilise...
[06:55:34] $ kubectl get pods -o wide
[06:55:34] Pods:
NAME         READY   STATUS    RESTARTS   AGE   IP             NODE                 NOMINATED NODE   READINESS GATES
ibench-cpu   1/1     Running   0          30s   100.96.1.112   parsec-server-plp1   <none>           <none>

[06:55:34] Starting benchmark: streamcluster
[06:55:34] $ kubectl create -f parsec-benchmarks/part2a/parsec-streamcluster.yaml
job.batch/parsec-streamcluster created
[06:55:34] Waiting for job 'parsec-streamcluster' to complete...
[06:55:34] $ kubectl get jobs parsec-streamcluster -o jsonpath={.status.conditions[*].type}
[06:55:34]   Still running... (0s elapsed)
[06:55:49] $ kubectl get jobs parsec-streamcluster -o jsonpath={.status.conditions[*].type}
[06:55:50]   Still running... (15s elapsed)
[06:56:05] $ kubectl get jobs parsec-streamcluster -o jsonpath={.status.conditions[*].type}
[06:56:05] Job 'parsec-streamcluster' completed successfully (30s)
[06:56:05] $ kubectl get pods --selector=job-name=parsec-streamcluster --output=jsonpath={.items[*].metadata.name}
[06:56:05] $ kubectl logs parsec-streamcluster-87s9p
[06:56:05] Execution time: 14.8s
[06:56:05] Cleaning up jobs and pods...
[06:56:05] $ kubectl delete jobs --all
job.batch "parsec-streamcluster" deleted from default namespace
[06:56:05] $ kubectl delete pods --all
pod "ibench-cpu" deleted from default namespace
[06:56:46] Results saved to part2a-experiments/run3/results.csv
[06:56:46] 
Progress: 14/49 (Run 3)
[06:56:46] 
============================================================
[06:56:46]   Benchmark:    vips
[06:56:46]   Interference: ibench-cpu
[06:56:46] ============================================================
[06:56:46] Cleaning up jobs and pods...
[06:56:46] $ kubectl delete jobs --all
No resources found
[06:56:46] $ kubectl delete pods --all
No resources found
[06:56:57] Starting interference: ibench-cpu
[06:56:57] $ kubectl create -f interference/part2a/ibench-cpu.yaml
pod/ibench-cpu created
[06:56:57] Waiting 30s for interference to stabilise...
[06:57:27] $ kubectl get pods -o wide
[06:57:27] Pods:
NAME         READY   STATUS    RESTARTS   AGE   IP             NODE                 NOMINATED NODE   READINESS GATES
ibench-cpu   1/1     Running   0          30s   100.96.1.114   parsec-server-plp1   <none>           <none>

[06:57:27] Starting benchmark: vips
[06:57:27] $ kubectl create -f parsec-benchmarks/part2a/parsec-vips.yaml
job.batch/parsec-vips created
[06:57:27] Waiting for job 'parsec-vips' to complete...
[06:57:27] $ kubectl get jobs parsec-vips -o jsonpath={.status.conditions[*].type}
[06:57:28]   Still running... (0s elapsed)
[06:57:43] $ kubectl get jobs parsec-vips -o jsonpath={.status.conditions[*].type}
[06:57:43]   Still running... (15s elapsed)
[06:57:58] $ kubectl get jobs parsec-vips -o jsonpath={.status.conditions[*].type}
[06:57:58]   Still running... (30s elapsed)
[06:58:13] $ kubectl get jobs parsec-vips -o jsonpath={.status.conditions[*].type}
[06:58:13]   Still running... (46s elapsed)
[06:58:28] $ kubectl get jobs parsec-vips -o jsonpath={.status.conditions[*].type}
[06:58:29]   Still running... (61s elapsed)
[06:58:44] $ kubectl get jobs parsec-vips -o jsonpath={.status.conditions[*].type}
[06:58:44]   Still running... (76s elapsed)
[06:58:59] $ kubectl get jobs parsec-vips -o jsonpath={.status.conditions[*].type}
[06:58:59]   Still running... (92s elapsed)
[06:59:14] $ kubectl get jobs parsec-vips -o jsonpath={.status.conditions[*].type}
[06:59:15]   Still running... (107s elapsed)
[06:59:30] $ kubectl get jobs parsec-vips -o jsonpath={.status.conditions[*].type}
[06:59:30]   Still running... (122s elapsed)
[06:59:45] $ kubectl get jobs parsec-vips -o jsonpath={.status.conditions[*].type}
[06:59:45]   Still running... (137s elapsed)
[07:00:00] $ kubectl get jobs parsec-vips -o jsonpath={.status.conditions[*].type}
[07:00:00]   Still running... (153s elapsed)
[07:00:15] $ kubectl get jobs parsec-vips -o jsonpath={.status.conditions[*].type}
[07:00:16]   Still running... (168s elapsed)
[07:00:31] $ kubectl get jobs parsec-vips -o jsonpath={.status.conditions[*].type}
[07:00:31]   Still running... (183s elapsed)
[07:00:46] $ kubectl get jobs parsec-vips -o jsonpath={.status.conditions[*].type}
[07:00:46]   Still running... (199s elapsed)
[07:01:01] $ kubectl get jobs parsec-vips -o jsonpath={.status.conditions[*].type}
[07:01:02] Job 'parsec-vips' completed successfully (214s)
[07:01:02] $ kubectl get pods --selector=job-name=parsec-vips --output=jsonpath={.items[*].metadata.name}
[07:01:02] $ kubectl logs parsec-vips-6pjsl
[07:01:02] Execution time: 195.6s
[07:01:02] Cleaning up jobs and pods...
[07:01:02] $ kubectl delete jobs --all
job.batch "parsec-vips" deleted from default namespace
[07:01:02] $ kubectl delete pods --all
pod "ibench-cpu" deleted from default namespace
[07:01:43] Results saved to part2a-experiments/run3/results.csv
[07:01:43] 
Progress: 15/49 (Run 3)
[07:01:43] 
============================================================
[07:01:43]   Benchmark:    barnes
[07:01:43]   Interference: ibench-l1d
[07:01:43] ============================================================
[07:01:43] Cleaning up jobs and pods...
[07:01:43] $ kubectl delete jobs --all
No resources found
[07:01:43] $ kubectl delete pods --all
No resources found
[07:01:54] Starting interference: ibench-l1d
[07:01:54] $ kubectl create -f interference/part2a/ibench-l1d.yaml
pod/ibench-l1d created
[07:01:54] Waiting 30s for interference to stabilise...
[07:02:24] $ kubectl get pods -o wide
[07:02:24] Pods:
NAME         READY   STATUS    RESTARTS   AGE   IP             NODE                 NOMINATED NODE   READINESS GATES
ibench-l1d   1/1     Running   0          30s   100.96.1.116   parsec-server-plp1   <none>           <none>

[07:02:24] Starting benchmark: barnes
[07:02:24] $ kubectl create -f parsec-benchmarks/part2a/parsec-barnes.yaml
job.batch/parsec-barnes created
[07:02:24] Waiting for job 'parsec-barnes' to complete...
[07:02:24] $ kubectl get jobs parsec-barnes -o jsonpath={.status.conditions[*].type}
[07:02:25]   Still running... (0s elapsed)
[07:02:40] $ kubectl get jobs parsec-barnes -o jsonpath={.status.conditions[*].type}
[07:02:40]   Still running... (15s elapsed)
[07:02:55] $ kubectl get jobs parsec-barnes -o jsonpath={.status.conditions[*].type}
[07:02:55]   Still running... (30s elapsed)
[07:03:10] $ kubectl get jobs parsec-barnes -o jsonpath={.status.conditions[*].type}
[07:03:10]   Still running... (46s elapsed)
[07:03:25] $ kubectl get jobs parsec-barnes -o jsonpath={.status.conditions[*].type}
[07:03:26]   Still running... (61s elapsed)
[07:03:41] $ kubectl get jobs parsec-barnes -o jsonpath={.status.conditions[*].type}
[07:03:41]   Still running... (76s elapsed)
[07:03:56] $ kubectl get jobs parsec-barnes -o jsonpath={.status.conditions[*].type}
[07:03:56]   Still running... (92s elapsed)
[07:04:11] $ kubectl get jobs parsec-barnes -o jsonpath={.status.conditions[*].type}
[07:04:12]   Still running... (107s elapsed)
[07:04:27] $ kubectl get jobs parsec-barnes -o jsonpath={.status.conditions[*].type}
[07:04:27]   Still running... (122s elapsed)
[07:04:42] $ kubectl get jobs parsec-barnes -o jsonpath={.status.conditions[*].type}
[07:04:42]   Still running... (137s elapsed)
[07:04:57] $ kubectl get jobs parsec-barnes -o jsonpath={.status.conditions[*].type}
[07:04:57]   Still running... (153s elapsed)
[07:05:13] $ kubectl get jobs parsec-barnes -o jsonpath={.status.conditions[*].type}
[07:05:13]   Still running... (168s elapsed)
[07:05:28] $ kubectl get jobs parsec-barnes -o jsonpath={.status.conditions[*].type}
[07:05:28]   Still running... (183s elapsed)
[07:05:43] $ kubectl get jobs parsec-barnes -o jsonpath={.status.conditions[*].type}
[07:05:43]   Still running... (199s elapsed)
[07:05:58] $ kubectl get jobs parsec-barnes -o jsonpath={.status.conditions[*].type}
[07:05:59]   Still running... (214s elapsed)
[07:06:14] $ kubectl get jobs parsec-barnes -o jsonpath={.status.conditions[*].type}
[07:06:14]   Still running... (229s elapsed)
[07:06:29] $ kubectl get jobs parsec-barnes -o jsonpath={.status.conditions[*].type}
[07:06:29]   Still running... (245s elapsed)
[07:06:44] $ kubectl get jobs parsec-barnes -o jsonpath={.status.conditions[*].type}
[07:06:45]   Still running... (260s elapsed)
[07:07:00] $ kubectl get jobs parsec-barnes -o jsonpath={.status.conditions[*].type}
[07:07:00]   Still running... (275s elapsed)
[07:07:15] $ kubectl get jobs parsec-barnes -o jsonpath={.status.conditions[*].type}
[07:07:15] Job 'parsec-barnes' completed successfully (290s)
[07:07:15] $ kubectl get pods --selector=job-name=parsec-barnes --output=jsonpath={.items[*].metadata.name}
[07:07:15] $ kubectl logs parsec-barnes-x7jpx
[07:07:15] Execution time: 271.3s
[07:07:15] Cleaning up jobs and pods...
[07:07:15] $ kubectl delete jobs --all
job.batch "parsec-barnes" deleted from default namespace
[07:07:16] $ kubectl delete pods --all
pod "ibench-l1d" deleted from default namespace
[07:07:56] Results saved to part2a-experiments/run3/results.csv
[07:07:56] 
Progress: 16/49 (Run 3)
[07:07:56] 
============================================================
[07:07:56]   Benchmark:    blackscholes
[07:07:56]   Interference: ibench-l1d
[07:07:56] ============================================================
[07:07:56] Cleaning up jobs and pods...
[07:07:56] $ kubectl delete jobs --all
No resources found
[07:07:57] $ kubectl delete pods --all
No resources found
[07:08:07] Starting interference: ibench-l1d
[07:08:07] $ kubectl create -f interference/part2a/ibench-l1d.yaml
pod/ibench-l1d created
[07:08:07] Waiting 30s for interference to stabilise...
[07:08:37] $ kubectl get pods -o wide
[07:08:38] Pods:
NAME         READY   STATUS    RESTARTS   AGE   IP             NODE                 NOMINATED NODE   READINESS GATES
ibench-l1d   1/1     Running   0          31s   100.96.1.118   parsec-server-plp1   <none>           <none>

[07:08:38] Starting benchmark: blackscholes
[07:08:38] $ kubectl create -f parsec-benchmarks/part2a/parsec-blackscholes.yaml
job.batch/parsec-blackscholes created
[07:08:38] Waiting for job 'parsec-blackscholes' to complete...
[07:08:38] $ kubectl get jobs parsec-blackscholes -o jsonpath={.status.conditions[*].type}
[07:08:38]   Still running... (0s elapsed)
[07:08:53] $ kubectl get jobs parsec-blackscholes -o jsonpath={.status.conditions[*].type}
[07:08:53] Job 'parsec-blackscholes' completed successfully (15s)
[07:08:53] $ kubectl get pods --selector=job-name=parsec-blackscholes --output=jsonpath={.items[*].metadata.name}
[07:08:53] $ kubectl logs parsec-blackscholes-v6jft
[07:08:53] Execution time: 1.2s
[07:08:53] Cleaning up jobs and pods...
[07:08:53] $ kubectl delete jobs --all
job.batch "parsec-blackscholes" deleted from default namespace
[07:08:54] $ kubectl delete pods --all
pod "ibench-l1d" deleted from default namespace
[07:09:35] Results saved to part2a-experiments/run3/results.csv
[07:09:35] 
Progress: 17/49 (Run 3)
[07:09:35] 
============================================================
[07:09:35]   Benchmark:    canneal
[07:09:35]   Interference: ibench-l1d
[07:09:35] ============================================================
[07:09:35] Cleaning up jobs and pods...
[07:09:35] $ kubectl delete jobs --all
No resources found
[07:09:35] $ kubectl delete pods --all
No resources found
[07:09:45] Starting interference: ibench-l1d
[07:09:45] $ kubectl create -f interference/part2a/ibench-l1d.yaml
pod/ibench-l1d created
[07:09:46] Waiting 30s for interference to stabilise...
[07:10:16] $ kubectl get pods -o wide
[07:10:16] Pods:
NAME         READY   STATUS    RESTARTS   AGE   IP             NODE                 NOMINATED NODE   READINESS GATES
ibench-l1d   1/1     Running   0          30s   100.96.1.120   parsec-server-plp1   <none>           <none>

[07:10:16] Starting benchmark: canneal
[07:10:16] $ kubectl create -f parsec-benchmarks/part2a/parsec-canneal.yaml
job.batch/parsec-canneal created
[07:10:16] Waiting for job 'parsec-canneal' to complete...
[07:10:16] $ kubectl get jobs parsec-canneal -o jsonpath={.status.conditions[*].type}
[07:10:16]   Still running... (0s elapsed)
[07:10:31] $ kubectl get jobs parsec-canneal -o jsonpath={.status.conditions[*].type}
[07:10:31]   Still running... (15s elapsed)
[07:10:46] $ kubectl get jobs parsec-canneal -o jsonpath={.status.conditions[*].type}
[07:10:47] Job 'parsec-canneal' completed successfully (30s)
[07:10:47] $ kubectl get pods --selector=job-name=parsec-canneal --output=jsonpath={.items[*].metadata.name}
[07:10:47] $ kubectl logs parsec-canneal-cdgk9
[07:10:47] Execution time: 16.5s
[07:10:47] Cleaning up jobs and pods...
[07:10:47] $ kubectl delete jobs --all
job.batch "parsec-canneal" deleted from default namespace
[07:10:47] $ kubectl delete pods --all
pod "ibench-l1d" deleted from default namespace
[07:11:28] Results saved to part2a-experiments/run3/results.csv
[07:11:28] 
Progress: 18/49 (Run 3)
[07:11:28] 
============================================================
[07:11:28]   Benchmark:    freqmine
[07:11:28]   Interference: ibench-l1d
[07:11:28] ============================================================
[07:11:28] Cleaning up jobs and pods...
[07:11:28] $ kubectl delete jobs --all
No resources found
[07:11:28] $ kubectl delete pods --all
No resources found
[07:11:39] Starting interference: ibench-l1d
[07:11:39] $ kubectl create -f interference/part2a/ibench-l1d.yaml
pod/ibench-l1d created
[07:11:39] Waiting 30s for interference to stabilise...
[07:12:09] $ kubectl get pods -o wide
[07:12:09] Pods:
NAME         READY   STATUS    RESTARTS   AGE   IP             NODE                 NOMINATED NODE   READINESS GATES
ibench-l1d   1/1     Running   0          30s   100.96.1.122   parsec-server-plp1   <none>           <none>

[07:12:09] Starting benchmark: freqmine
[07:12:09] $ kubectl create -f parsec-benchmarks/part2a/parsec-freqmine.yaml
job.batch/parsec-freqmine created
[07:12:09] Waiting for job 'parsec-freqmine' to complete...
[07:12:09] $ kubectl get jobs parsec-freqmine -o jsonpath={.status.conditions[*].type}
[07:12:09]   Still running... (0s elapsed)
[07:12:24] $ kubectl get jobs parsec-freqmine -o jsonpath={.status.conditions[*].type}
[07:12:25]   Still running... (15s elapsed)
[07:12:40] $ kubectl get jobs parsec-freqmine -o jsonpath={.status.conditions[*].type}
[07:12:40] Job 'parsec-freqmine' completed successfully (30s)
[07:12:40] $ kubectl get pods --selector=job-name=parsec-freqmine --output=jsonpath={.items[*].metadata.name}
[07:12:40] $ kubectl logs parsec-freqmine-7n8j6
[07:12:40] Execution time: 17.1s
[07:12:40] Cleaning up jobs and pods...
[07:12:40] $ kubectl delete jobs --all
job.batch "parsec-freqmine" deleted from default namespace
[07:12:40] $ kubectl delete pods --all
pod "ibench-l1d" deleted from default namespace
[07:13:22] Results saved to part2a-experiments/run3/results.csv
[07:13:22] 
Progress: 19/49 (Run 3)
[07:13:22] 
============================================================
[07:13:22]   Benchmark:    radix
[07:13:22]   Interference: ibench-l1d
[07:13:22] ============================================================
[07:13:22] Cleaning up jobs and pods...
[07:13:22] $ kubectl delete jobs --all
No resources found
[07:13:22] $ kubectl delete pods --all
No resources found
[07:13:32] Starting interference: ibench-l1d
[07:13:32] $ kubectl create -f interference/part2a/ibench-l1d.yaml
pod/ibench-l1d created
[07:13:32] Waiting 30s for interference to stabilise...
[07:14:02] $ kubectl get pods -o wide
[07:14:03] Pods:
NAME         READY   STATUS    RESTARTS   AGE   IP             NODE                 NOMINATED NODE   READINESS GATES
ibench-l1d   1/1     Running   0          31s   100.96.1.124   parsec-server-plp1   <none>           <none>

[07:14:03] Starting benchmark: radix
[07:14:03] $ kubectl create -f parsec-benchmarks/part2a/parsec-radix.yaml
job.batch/parsec-radix created
[07:14:03] Waiting for job 'parsec-radix' to complete...
[07:14:03] $ kubectl get jobs parsec-radix -o jsonpath={.status.conditions[*].type}
[07:14:03]   Still running... (0s elapsed)
[07:14:18] $ kubectl get jobs parsec-radix -o jsonpath={.status.conditions[*].type}
[07:14:18]   Still running... (15s elapsed)
[07:14:33] $ kubectl get jobs parsec-radix -o jsonpath={.status.conditions[*].type}
[07:14:33]   Still running... (30s elapsed)
[07:14:48] $ kubectl get jobs parsec-radix -o jsonpath={.status.conditions[*].type}
[07:14:49]   Still running... (46s elapsed)
[07:15:04] $ kubectl get jobs parsec-radix -o jsonpath={.status.conditions[*].type}
[07:15:04]   Still running... (61s elapsed)
[07:15:19] $ kubectl get jobs parsec-radix -o jsonpath={.status.conditions[*].type}
[07:15:19]   Still running... (76s elapsed)
[07:15:34] $ kubectl get jobs parsec-radix -o jsonpath={.status.conditions[*].type}
[07:15:35]   Still running... (92s elapsed)
[07:15:50] $ kubectl get jobs parsec-radix -o jsonpath={.status.conditions[*].type}
[07:15:50] Job 'parsec-radix' completed successfully (107s)
[07:15:50] $ kubectl get pods --selector=job-name=parsec-radix --output=jsonpath={.items[*].metadata.name}
[07:15:50] $ kubectl logs parsec-radix-k7cl5
[07:15:50] Execution time: 89.6s
[07:15:50] Cleaning up jobs and pods...
[07:15:50] $ kubectl delete jobs --all
job.batch "parsec-radix" deleted from default namespace
[07:15:50] $ kubectl delete pods --all
pod "ibench-l1d" deleted from default namespace
[07:16:31] Results saved to part2a-experiments/run3/results.csv
[07:16:31] 
Progress: 20/49 (Run 3)
[07:16:31] 
============================================================
[07:16:31]   Benchmark:    streamcluster
[07:16:31]   Interference: ibench-l1d
[07:16:31] ============================================================
[07:16:31] Cleaning up jobs and pods...
[07:16:31] $ kubectl delete jobs --all
No resources found
[07:16:31] $ kubectl delete pods --all
No resources found
[07:16:42] Starting interference: ibench-l1d
[07:16:42] $ kubectl create -f interference/part2a/ibench-l1d.yaml
pod/ibench-l1d created
[07:16:42] Waiting 30s for interference to stabilise...
[07:17:12] $ kubectl get pods -o wide
[07:17:12] Pods:
NAME         READY   STATUS    RESTARTS   AGE   IP             NODE                 NOMINATED NODE   READINESS GATES
ibench-l1d   1/1     Running   0          30s   100.96.1.126   parsec-server-plp1   <none>           <none>

[07:17:12] Starting benchmark: streamcluster
[07:17:12] $ kubectl create -f parsec-benchmarks/part2a/parsec-streamcluster.yaml
job.batch/parsec-streamcluster created
[07:17:12] Waiting for job 'parsec-streamcluster' to complete...
[07:17:12] $ kubectl get jobs parsec-streamcluster -o jsonpath={.status.conditions[*].type}
[07:17:12]   Still running... (0s elapsed)
[07:17:27] $ kubectl get jobs parsec-streamcluster -o jsonpath={.status.conditions[*].type}
[07:17:28]   Still running... (15s elapsed)
[07:17:43] $ kubectl get jobs parsec-streamcluster -o jsonpath={.status.conditions[*].type}
[07:17:43] Job 'parsec-streamcluster' completed successfully (30s)
[07:17:43] $ kubectl get pods --selector=job-name=parsec-streamcluster --output=jsonpath={.items[*].metadata.name}
[07:17:43] $ kubectl logs parsec-streamcluster-nkxnl
[07:17:43] Execution time: 15.8s
[07:17:43] Cleaning up jobs and pods...
[07:17:43] $ kubectl delete jobs --all
job.batch "parsec-streamcluster" deleted from default namespace
[07:17:43] $ kubectl delete pods --all
pod "ibench-l1d" deleted from default namespace
[07:18:24] Results saved to part2a-experiments/run3/results.csv
[07:18:24] 
Progress: 21/49 (Run 3)
[07:18:24] 
============================================================
[07:18:24]   Benchmark:    vips
[07:18:24]   Interference: ibench-l1d
[07:18:24] ============================================================
[07:18:24] Cleaning up jobs and pods...
[07:18:24] $ kubectl delete jobs --all
No resources found
[07:18:25] $ kubectl delete pods --all
No resources found
[07:18:35] Starting interference: ibench-l1d
[07:18:35] $ kubectl create -f interference/part2a/ibench-l1d.yaml
pod/ibench-l1d created
[07:18:35] Waiting 30s for interference to stabilise...
[07:19:05] $ kubectl get pods -o wide
[07:19:06] Pods:
NAME         READY   STATUS    RESTARTS   AGE   IP             NODE                 NOMINATED NODE   READINESS GATES
ibench-l1d   1/1     Running   0          31s   100.96.1.128   parsec-server-plp1   <none>           <none>

[07:19:06] Starting benchmark: vips
[07:19:06] $ kubectl create -f parsec-benchmarks/part2a/parsec-vips.yaml
job.batch/parsec-vips created
[07:19:06] Waiting for job 'parsec-vips' to complete...
[07:19:06] $ kubectl get jobs parsec-vips -o jsonpath={.status.conditions[*].type}
[07:19:06]   Still running... (0s elapsed)
[07:19:21] $ kubectl get jobs parsec-vips -o jsonpath={.status.conditions[*].type}
[07:19:21]   Still running... (15s elapsed)
[07:19:36] $ kubectl get jobs parsec-vips -o jsonpath={.status.conditions[*].type}
[07:19:36]   Still running... (30s elapsed)
[07:19:51] $ kubectl get jobs parsec-vips -o jsonpath={.status.conditions[*].type}
[07:19:52]   Still running... (46s elapsed)
[07:20:07] $ kubectl get jobs parsec-vips -o jsonpath={.status.conditions[*].type}
[07:20:07]   Still running... (61s elapsed)
[07:20:22] $ kubectl get jobs parsec-vips -o jsonpath={.status.conditions[*].type}
[07:20:22]   Still running... (76s elapsed)
[07:20:37] $ kubectl get jobs parsec-vips -o jsonpath={.status.conditions[*].type}
[07:20:38]   Still running... (92s elapsed)
[07:20:53] $ kubectl get jobs parsec-vips -o jsonpath={.status.conditions[*].type}
[07:20:53]   Still running... (107s elapsed)
[07:21:08] $ kubectl get jobs parsec-vips -o jsonpath={.status.conditions[*].type}
[07:21:08]   Still running... (122s elapsed)
[07:21:23] $ kubectl get jobs parsec-vips -o jsonpath={.status.conditions[*].type}
[07:21:24]   Still running... (137s elapsed)
[07:21:39] $ kubectl get jobs parsec-vips -o jsonpath={.status.conditions[*].type}
[07:21:39]   Still running... (153s elapsed)
[07:21:54] $ kubectl get jobs parsec-vips -o jsonpath={.status.conditions[*].type}
[07:21:54]   Still running... (168s elapsed)
[07:22:09] $ kubectl get jobs parsec-vips -o jsonpath={.status.conditions[*].type}
[07:22:09]   Still running... (183s elapsed)
[07:22:24] $ kubectl get jobs parsec-vips -o jsonpath={.status.conditions[*].type}
[07:22:25]   Still running... (199s elapsed)
[07:22:40] $ kubectl get jobs parsec-vips -o jsonpath={.status.conditions[*].type}
[07:22:40]   Still running... (214s elapsed)
[07:22:55] $ kubectl get jobs parsec-vips -o jsonpath={.status.conditions[*].type}
[07:22:55]   Still running... (229s elapsed)
[07:23:10] $ kubectl get jobs parsec-vips -o jsonpath={.status.conditions[*].type}
[07:23:10]   Still running... (244s elapsed)
[07:23:25] $ kubectl get jobs parsec-vips -o jsonpath={.status.conditions[*].type}
[07:23:26] Job 'parsec-vips' completed successfully (260s)
[07:23:26] $ kubectl get pods --selector=job-name=parsec-vips --output=jsonpath={.items[*].metadata.name}
[07:23:26] $ kubectl logs parsec-vips-4869n
[07:23:26] Execution time: 233.7s
[07:23:26] Cleaning up jobs and pods...
[07:23:26] $ kubectl delete jobs --all
job.batch "parsec-vips" deleted from default namespace
[07:23:26] $ kubectl delete pods --all
pod "ibench-l1d" deleted from default namespace
[07:24:07] Results saved to part2a-experiments/run3/results.csv
[07:24:07] 
Progress: 22/49 (Run 3)
[07:24:07] 
============================================================
[07:24:07]   Benchmark:    barnes
[07:24:07]   Interference: ibench-l1i
[07:24:07] ============================================================
[07:24:07] Cleaning up jobs and pods...
[07:24:07] $ kubectl delete jobs --all
No resources found
[07:24:07] $ kubectl delete pods --all
No resources found
[07:24:18] Starting interference: ibench-l1i
[07:24:18] $ kubectl create -f interference/part2a/ibench-l1i.yaml
pod/ibench-l1i created
[07:24:18] Waiting 30s for interference to stabilise...
[07:24:48] $ kubectl get pods -o wide
[07:24:48] Pods:
NAME         READY   STATUS    RESTARTS   AGE   IP             NODE                 NOMINATED NODE   READINESS GATES
ibench-l1i   1/1     Running   0          30s   100.96.1.130   parsec-server-plp1   <none>           <none>

[07:24:48] Starting benchmark: barnes
[07:24:48] $ kubectl create -f parsec-benchmarks/part2a/parsec-barnes.yaml
job.batch/parsec-barnes created
[07:24:48] Waiting for job 'parsec-barnes' to complete...
[07:24:48] $ kubectl get jobs parsec-barnes -o jsonpath={.status.conditions[*].type}
[07:24:48]   Still running... (0s elapsed)
[07:25:03] $ kubectl get jobs parsec-barnes -o jsonpath={.status.conditions[*].type}
[07:25:04]   Still running... (15s elapsed)
[07:25:19] $ kubectl get jobs parsec-barnes -o jsonpath={.status.conditions[*].type}
[07:25:19]   Still running... (30s elapsed)
[07:25:34] $ kubectl get jobs parsec-barnes -o jsonpath={.status.conditions[*].type}
[07:25:34]   Still running... (46s elapsed)
[07:25:49] $ kubectl get jobs parsec-barnes -o jsonpath={.status.conditions[*].type}
[07:25:50]   Still running... (61s elapsed)
[07:26:05] $ kubectl get jobs parsec-barnes -o jsonpath={.status.conditions[*].type}
[07:26:05]   Still running... (76s elapsed)
[07:26:20] $ kubectl get jobs parsec-barnes -o jsonpath={.status.conditions[*].type}
[07:26:20]   Still running... (92s elapsed)
[07:26:35] $ kubectl get jobs parsec-barnes -o jsonpath={.status.conditions[*].type}
[07:26:35]   Still running... (107s elapsed)
[07:26:50] $ kubectl get jobs parsec-barnes -o jsonpath={.status.conditions[*].type}
[07:26:51]   Still running... (122s elapsed)
[07:27:06] $ kubectl get jobs parsec-barnes -o jsonpath={.status.conditions[*].type}
[07:27:06]   Still running... (137s elapsed)
[07:27:21] $ kubectl get jobs parsec-barnes -o jsonpath={.status.conditions[*].type}
[07:27:21]   Still running... (153s elapsed)
[07:27:36] $ kubectl get jobs parsec-barnes -o jsonpath={.status.conditions[*].type}
[07:27:37]   Still running... (168s elapsed)
[07:27:52] $ kubectl get jobs parsec-barnes -o jsonpath={.status.conditions[*].type}
[07:27:52]   Still running... (183s elapsed)
[07:28:07] $ kubectl get jobs parsec-barnes -o jsonpath={.status.conditions[*].type}
[07:28:07]   Still running... (199s elapsed)
[07:28:22] $ kubectl get jobs parsec-barnes -o jsonpath={.status.conditions[*].type}
[07:28:23]   Still running... (214s elapsed)
[07:28:38] $ kubectl get jobs parsec-barnes -o jsonpath={.status.conditions[*].type}
[07:28:38]   Still running... (229s elapsed)
[07:28:53] $ kubectl get jobs parsec-barnes -o jsonpath={.status.conditions[*].type}
[07:28:53]   Still running... (244s elapsed)
[07:29:08] $ kubectl get jobs parsec-barnes -o jsonpath={.status.conditions[*].type}
[07:29:08]   Still running... (260s elapsed)
[07:29:23] $ kubectl get jobs parsec-barnes -o jsonpath={.status.conditions[*].type}
[07:29:24]   Still running... (275s elapsed)
[07:29:39] $ kubectl get jobs parsec-barnes -o jsonpath={.status.conditions[*].type}
[07:29:39]   Still running... (290s elapsed)
[07:29:54] $ kubectl get jobs parsec-barnes -o jsonpath={.status.conditions[*].type}
[07:29:54]   Still running... (306s elapsed)
[07:30:09] $ kubectl get jobs parsec-barnes -o jsonpath={.status.conditions[*].type}
[07:30:10] Job 'parsec-barnes' completed successfully (321s)
[07:30:10] $ kubectl get pods --selector=job-name=parsec-barnes --output=jsonpath={.items[*].metadata.name}
[07:30:10] $ kubectl logs parsec-barnes-4lnbh
[07:30:10] Execution time: 313.9s
[07:30:10] Cleaning up jobs and pods...
[07:30:10] $ kubectl delete jobs --all
job.batch "parsec-barnes" deleted from default namespace
[07:30:10] $ kubectl delete pods --all
pod "ibench-l1i" deleted from default namespace
[07:30:51] Results saved to part2a-experiments/run3/results.csv
[07:30:51] 
Progress: 23/49 (Run 3)
[07:30:51] 
============================================================
[07:30:51]   Benchmark:    blackscholes
[07:30:51]   Interference: ibench-l1i
[07:30:51] ============================================================
[07:30:51] Cleaning up jobs and pods...
[07:30:51] $ kubectl delete jobs --all
No resources found
[07:30:52] $ kubectl delete pods --all
No resources found
[07:31:02] Starting interference: ibench-l1i
[07:31:02] $ kubectl create -f interference/part2a/ibench-l1i.yaml
pod/ibench-l1i created
[07:31:02] Waiting 30s for interference to stabilise...
[07:31:32] $ kubectl get pods -o wide
[07:31:32] Pods:
NAME         READY   STATUS    RESTARTS   AGE   IP             NODE                 NOMINATED NODE   READINESS GATES
ibench-l1i   1/1     Running   0          30s   100.96.1.132   parsec-server-plp1   <none>           <none>

[07:31:32] Starting benchmark: blackscholes
[07:31:32] $ kubectl create -f parsec-benchmarks/part2a/parsec-blackscholes.yaml
job.batch/parsec-blackscholes created
[07:31:33] Waiting for job 'parsec-blackscholes' to complete...
[07:31:33] $ kubectl get jobs parsec-blackscholes -o jsonpath={.status.conditions[*].type}
[07:31:33]   Still running... (0s elapsed)
[07:31:48] $ kubectl get jobs parsec-blackscholes -o jsonpath={.status.conditions[*].type}
[07:31:48] Job 'parsec-blackscholes' completed successfully (15s)
[07:31:48] $ kubectl get pods --selector=job-name=parsec-blackscholes --output=jsonpath={.items[*].metadata.name}
[07:31:48] $ kubectl logs parsec-blackscholes-p85vh
[07:31:48] Execution time: 1.6s
[07:31:48] Cleaning up jobs and pods...
[07:31:48] $ kubectl delete jobs --all
job.batch "parsec-blackscholes" deleted from default namespace
[07:31:48] $ kubectl delete pods --all
pod "ibench-l1i" deleted from default namespace
[07:32:30] Results saved to part2a-experiments/run3/results.csv
[07:32:30] 
Progress: 24/49 (Run 3)
[07:32:30] 
============================================================
[07:32:30]   Benchmark:    canneal
[07:32:30]   Interference: ibench-l1i
[07:32:30] ============================================================
[07:32:30] Cleaning up jobs and pods...
[07:32:30] $ kubectl delete jobs --all
No resources found
[07:32:30] $ kubectl delete pods --all
No resources found
[07:32:40] Starting interference: ibench-l1i
[07:32:40] $ kubectl create -f interference/part2a/ibench-l1i.yaml
pod/ibench-l1i created
[07:32:41] Waiting 30s for interference to stabilise...
[07:33:11] $ kubectl get pods -o wide
[07:33:11] Pods:
NAME         READY   STATUS    RESTARTS   AGE   IP             NODE                 NOMINATED NODE   READINESS GATES
ibench-l1i   1/1     Running   0          31s   100.96.1.134   parsec-server-plp1   <none>           <none>

[07:33:11] Starting benchmark: canneal
[07:33:11] $ kubectl create -f parsec-benchmarks/part2a/parsec-canneal.yaml
job.batch/parsec-canneal created
[07:33:11] Waiting for job 'parsec-canneal' to complete...
[07:33:11] $ kubectl get jobs parsec-canneal -o jsonpath={.status.conditions[*].type}
[07:33:11]   Still running... (0s elapsed)
[07:33:26] $ kubectl get jobs parsec-canneal -o jsonpath={.status.conditions[*].type}
[07:33:26]   Still running... (15s elapsed)
[07:33:41] $ kubectl get jobs parsec-canneal -o jsonpath={.status.conditions[*].type}
[07:33:42] Job 'parsec-canneal' completed successfully (30s)
[07:33:42] $ kubectl get pods --selector=job-name=parsec-canneal --output=jsonpath={.items[*].metadata.name}
[07:33:42] $ kubectl logs parsec-canneal-f4tsj
[07:33:42] Execution time: 15.6s
[07:33:42] Cleaning up jobs and pods...
[07:33:42] $ kubectl delete jobs --all
job.batch "parsec-canneal" deleted from default namespace
[07:33:42] $ kubectl delete pods --all
pod "ibench-l1i" deleted from default namespace
[07:34:23] Results saved to part2a-experiments/run3/results.csv
[07:34:23] 
Progress: 25/49 (Run 3)
[07:34:23] 
============================================================
[07:34:23]   Benchmark:    freqmine
[07:34:23]   Interference: ibench-l1i
[07:34:23] ============================================================
[07:34:23] Cleaning up jobs and pods...
[07:34:23] $ kubectl delete jobs --all
No resources found
[07:34:23] $ kubectl delete pods --all
No resources found
[07:34:34] Starting interference: ibench-l1i
[07:34:34] $ kubectl create -f interference/part2a/ibench-l1i.yaml
pod/ibench-l1i created
[07:34:34] Waiting 30s for interference to stabilise...
[07:35:04] $ kubectl get pods -o wide
[07:35:04] Pods:
NAME         READY   STATUS    RESTARTS   AGE   IP             NODE                 NOMINATED NODE   READINESS GATES
ibench-l1i   1/1     Running   0          30s   100.96.1.136   parsec-server-plp1   <none>           <none>

[07:35:04] Starting benchmark: freqmine
[07:35:04] $ kubectl create -f parsec-benchmarks/part2a/parsec-freqmine.yaml
job.batch/parsec-freqmine created
[07:35:04] Waiting for job 'parsec-freqmine' to complete...
[07:35:04] $ kubectl get jobs parsec-freqmine -o jsonpath={.status.conditions[*].type}
[07:35:05]   Still running... (0s elapsed)
[07:35:20] $ kubectl get jobs parsec-freqmine -o jsonpath={.status.conditions[*].type}
[07:35:20]   Still running... (15s elapsed)
[07:35:35] $ kubectl get jobs parsec-freqmine -o jsonpath={.status.conditions[*].type}
[07:35:35] Job 'parsec-freqmine' completed successfully (30s)
[07:35:35] $ kubectl get pods --selector=job-name=parsec-freqmine --output=jsonpath={.items[*].metadata.name}
[07:35:35] $ kubectl logs parsec-freqmine-7j6xx
[07:35:35] Execution time: 14.3s
[07:35:35] Cleaning up jobs and pods...
[07:35:35] $ kubectl delete jobs --all
job.batch "parsec-freqmine" deleted from default namespace
[07:35:36] $ kubectl delete pods --all
pod "ibench-l1i" deleted from default namespace
[07:36:17] Results saved to part2a-experiments/run3/results.csv
[07:36:17] 
Progress: 26/49 (Run 3)
[07:36:17] 
============================================================
[07:36:17]   Benchmark:    radix
[07:36:17]   Interference: ibench-l1i
[07:36:17] ============================================================
[07:36:17] Cleaning up jobs and pods...
[07:36:17] $ kubectl delete jobs --all
No resources found
[07:36:17] $ kubectl delete pods --all
No resources found
[07:36:27] Starting interference: ibench-l1i
[07:36:27] $ kubectl create -f interference/part2a/ibench-l1i.yaml
pod/ibench-l1i created
[07:36:27] Waiting 30s for interference to stabilise...
[07:36:57] $ kubectl get pods -o wide
[07:36:58] Pods:
NAME         READY   STATUS    RESTARTS   AGE   IP             NODE                 NOMINATED NODE   READINESS GATES
ibench-l1i   1/1     Running   0          31s   100.96.1.138   parsec-server-plp1   <none>           <none>

[07:36:58] Starting benchmark: radix
[07:36:58] $ kubectl create -f parsec-benchmarks/part2a/parsec-radix.yaml
job.batch/parsec-radix created
[07:36:58] Waiting for job 'parsec-radix' to complete...
[07:36:58] $ kubectl get jobs parsec-radix -o jsonpath={.status.conditions[*].type}
[07:36:58]   Still running... (0s elapsed)
[07:37:13] $ kubectl get jobs parsec-radix -o jsonpath={.status.conditions[*].type}
[07:37:13]   Still running... (15s elapsed)
[07:37:28] $ kubectl get jobs parsec-radix -o jsonpath={.status.conditions[*].type}
[07:37:29]   Still running... (30s elapsed)
[07:37:44] $ kubectl get jobs parsec-radix -o jsonpath={.status.conditions[*].type}
[07:37:44]   Still running... (46s elapsed)
[07:37:59] $ kubectl get jobs parsec-radix -o jsonpath={.status.conditions[*].type}
[07:37:59]   Still running... (61s elapsed)
[07:38:14] $ kubectl get jobs parsec-radix -o jsonpath={.status.conditions[*].type}
[07:38:14]   Still running... (76s elapsed)
[07:38:29] $ kubectl get jobs parsec-radix -o jsonpath={.status.conditions[*].type}
[07:38:30] Job 'parsec-radix' completed successfully (92s)
[07:38:30] $ kubectl get pods --selector=job-name=parsec-radix --output=jsonpath={.items[*].metadata.name}
[07:38:30] $ kubectl logs parsec-radix-84vkw
[07:38:30] Execution time: 75.7s
[07:38:30] Cleaning up jobs and pods...
[07:38:30] $ kubectl delete jobs --all
job.batch "parsec-radix" deleted from default namespace
[07:38:30] $ kubectl delete pods --all
pod "ibench-l1i" deleted from default namespace
[07:39:11] Results saved to part2a-experiments/run3/results.csv
[07:39:11] 
Progress: 27/49 (Run 3)
[07:39:11] 
============================================================
[07:39:11]   Benchmark:    streamcluster
[07:39:11]   Interference: ibench-l1i
[07:39:11] ============================================================
[07:39:11] Cleaning up jobs and pods...
[07:39:11] $ kubectl delete jobs --all
No resources found
[07:39:11] $ kubectl delete pods --all
No resources found
[07:39:22] Starting interference: ibench-l1i
[07:39:22] $ kubectl create -f interference/part2a/ibench-l1i.yaml
pod/ibench-l1i created
[07:39:22] Waiting 30s for interference to stabilise...
[07:39:52] $ kubectl get pods -o wide
[07:39:52] Pods:
NAME         READY   STATUS    RESTARTS   AGE   IP             NODE                 NOMINATED NODE   READINESS GATES
ibench-l1i   1/1     Running   0          30s   100.96.1.140   parsec-server-plp1   <none>           <none>

[07:39:52] Starting benchmark: streamcluster
[07:39:52] $ kubectl create -f parsec-benchmarks/part2a/parsec-streamcluster.yaml
job.batch/parsec-streamcluster created
[07:39:52] Waiting for job 'parsec-streamcluster' to complete...
[07:39:52] $ kubectl get jobs parsec-streamcluster -o jsonpath={.status.conditions[*].type}
[07:39:52]   Still running... (0s elapsed)
[07:40:07] $ kubectl get jobs parsec-streamcluster -o jsonpath={.status.conditions[*].type}
[07:40:08]   Still running... (15s elapsed)
[07:40:23] $ kubectl get jobs parsec-streamcluster -o jsonpath={.status.conditions[*].type}
[07:40:23] Job 'parsec-streamcluster' completed successfully (30s)
[07:40:23] $ kubectl get pods --selector=job-name=parsec-streamcluster --output=jsonpath={.items[*].metadata.name}
[07:40:23] $ kubectl logs parsec-streamcluster-kxlzh
[07:40:23] Execution time: 17.2s
[07:40:23] Cleaning up jobs and pods...
[07:40:23] $ kubectl delete jobs --all
job.batch "parsec-streamcluster" deleted from default namespace
[07:40:23] $ kubectl delete pods --all
pod "ibench-l1i" deleted from default namespace
[07:41:04] Results saved to part2a-experiments/run3/results.csv
[07:41:04] 
Progress: 28/49 (Run 3)
[07:41:04] 
============================================================
[07:41:04]   Benchmark:    vips
[07:41:04]   Interference: ibench-l1i
[07:41:04] ============================================================
[07:41:04] Cleaning up jobs and pods...
[07:41:04] $ kubectl delete jobs --all
No resources found
[07:41:05] $ kubectl delete pods --all
No resources found
[07:41:15] Starting interference: ibench-l1i
[07:41:15] $ kubectl create -f interference/part2a/ibench-l1i.yaml
pod/ibench-l1i created
[07:41:15] Waiting 30s for interference to stabilise...
[07:41:45] $ kubectl get pods -o wide
[07:41:46] Pods:
NAME         READY   STATUS    RESTARTS   AGE   IP             NODE                 NOMINATED NODE   READINESS GATES
ibench-l1i   1/1     Running   0          31s   100.96.1.142   parsec-server-plp1   <none>           <none>

[07:41:46] Starting benchmark: vips
[07:41:46] $ kubectl create -f parsec-benchmarks/part2a/parsec-vips.yaml
job.batch/parsec-vips created
[07:41:46] Waiting for job 'parsec-vips' to complete...
[07:41:46] $ kubectl get jobs parsec-vips -o jsonpath={.status.conditions[*].type}
[07:41:46]   Still running... (0s elapsed)
[07:42:01] $ kubectl get jobs parsec-vips -o jsonpath={.status.conditions[*].type}
[07:42:01]   Still running... (15s elapsed)
[07:42:16] $ kubectl get jobs parsec-vips -o jsonpath={.status.conditions[*].type}
[07:42:17]   Still running... (30s elapsed)
[07:42:32] $ kubectl get jobs parsec-vips -o jsonpath={.status.conditions[*].type}
[07:42:32]   Still running... (46s elapsed)
[07:42:47] $ kubectl get jobs parsec-vips -o jsonpath={.status.conditions[*].type}
[07:42:47]   Still running... (61s elapsed)
[07:43:02] $ kubectl get jobs parsec-vips -o jsonpath={.status.conditions[*].type}
[07:43:02]   Still running... (76s elapsed)
[07:43:17] $ kubectl get jobs parsec-vips -o jsonpath={.status.conditions[*].type}
[07:43:18]   Still running... (92s elapsed)
[07:43:33] $ kubectl get jobs parsec-vips -o jsonpath={.status.conditions[*].type}
[07:43:33]   Still running... (107s elapsed)
[07:43:48] $ kubectl get jobs parsec-vips -o jsonpath={.status.conditions[*].type}
[07:43:48]   Still running... (122s elapsed)
[07:44:03] $ kubectl get jobs parsec-vips -o jsonpath={.status.conditions[*].type}
[07:44:04]   Still running... (137s elapsed)
[07:44:19] $ kubectl get jobs parsec-vips -o jsonpath={.status.conditions[*].type}
[07:44:19]   Still running... (153s elapsed)
[07:44:34] $ kubectl get jobs parsec-vips -o jsonpath={.status.conditions[*].type}
[07:44:34]   Still running... (168s elapsed)
[07:44:49] $ kubectl get jobs parsec-vips -o jsonpath={.status.conditions[*].type}
[07:44:49]   Still running... (183s elapsed)
[07:45:04] $ kubectl get jobs parsec-vips -o jsonpath={.status.conditions[*].type}
[07:45:05]   Still running... (199s elapsed)
[07:45:20] $ kubectl get jobs parsec-vips -o jsonpath={.status.conditions[*].type}
[07:45:20]   Still running... (214s elapsed)
[07:45:35] $ kubectl get jobs parsec-vips -o jsonpath={.status.conditions[*].type}
[07:45:35]   Still running... (229s elapsed)
[07:45:50] $ kubectl get jobs parsec-vips -o jsonpath={.status.conditions[*].type}
[07:45:50] Job 'parsec-vips' completed successfully (244s)
[07:45:50] $ kubectl get pods --selector=job-name=parsec-vips --output=jsonpath={.items[*].metadata.name}
[07:45:51] $ kubectl logs parsec-vips-zl9zv
[07:45:51] Execution time: 212.8s
[07:45:51] Cleaning up jobs and pods...
[07:45:51] $ kubectl delete jobs --all
job.batch "parsec-vips" deleted from default namespace
[07:45:51] $ kubectl delete pods --all
pod "ibench-l1i" deleted from default namespace
[07:46:32] Results saved to part2a-experiments/run3/results.csv
[07:46:32] 
Progress: 29/49 (Run 3)
[07:46:32] 
============================================================
[07:46:32]   Benchmark:    barnes
[07:46:32]   Interference: ibench-l2
[07:46:32] ============================================================
[07:46:32] Cleaning up jobs and pods...
[07:46:32] $ kubectl delete jobs --all
No resources found
[07:46:32] $ kubectl delete pods --all
No resources found
[07:46:42] Starting interference: ibench-l2
[07:46:42] $ kubectl create -f interference/part2a/ibench-l2.yaml
pod/ibench-l2 created
[07:46:42] Waiting 30s for interference to stabilise...
[07:47:12] $ kubectl get pods -o wide
[07:47:13] Pods:
NAME        READY   STATUS    RESTARTS   AGE   IP             NODE                 NOMINATED NODE   READINESS GATES
ibench-l2   1/1     Running   0          31s   100.96.1.144   parsec-server-plp1   <none>           <none>

[07:47:13] Starting benchmark: barnes
[07:47:13] $ kubectl create -f parsec-benchmarks/part2a/parsec-barnes.yaml
job.batch/parsec-barnes created
[07:47:13] Waiting for job 'parsec-barnes' to complete...
[07:47:13] $ kubectl get jobs parsec-barnes -o jsonpath={.status.conditions[*].type}
[07:47:13]   Still running... (0s elapsed)
[07:47:28] $ kubectl get jobs parsec-barnes -o jsonpath={.status.conditions[*].type}
[07:47:28]   Still running... (15s elapsed)
[07:47:43] $ kubectl get jobs parsec-barnes -o jsonpath={.status.conditions[*].type}
[07:47:44]   Still running... (30s elapsed)
[07:47:59] $ kubectl get jobs parsec-barnes -o jsonpath={.status.conditions[*].type}
[07:47:59]   Still running... (46s elapsed)
[07:48:14] $ kubectl get jobs parsec-barnes -o jsonpath={.status.conditions[*].type}
[07:48:14]   Still running... (61s elapsed)
[07:48:29] $ kubectl get jobs parsec-barnes -o jsonpath={.status.conditions[*].type}
[07:48:29]   Still running... (76s elapsed)
[07:48:44] $ kubectl get jobs parsec-barnes -o jsonpath={.status.conditions[*].type}
[07:48:45]   Still running... (92s elapsed)
[07:49:00] $ kubectl get jobs parsec-barnes -o jsonpath={.status.conditions[*].type}
[07:49:00]   Still running... (107s elapsed)
[07:49:15] $ kubectl get jobs parsec-barnes -o jsonpath={.status.conditions[*].type}
[07:49:15]   Still running... (122s elapsed)
[07:49:30] $ kubectl get jobs parsec-barnes -o jsonpath={.status.conditions[*].type}
[07:49:31]   Still running... (137s elapsed)
[07:49:46] $ kubectl get jobs parsec-barnes -o jsonpath={.status.conditions[*].type}
[07:49:46]   Still running... (153s elapsed)
[07:50:01] $ kubectl get jobs parsec-barnes -o jsonpath={.status.conditions[*].type}
[07:50:01]   Still running... (168s elapsed)
[07:50:16] $ kubectl get jobs parsec-barnes -o jsonpath={.status.conditions[*].type}
[07:50:16]   Still running... (183s elapsed)
[07:50:31] $ kubectl get jobs parsec-barnes -o jsonpath={.status.conditions[*].type}
[07:50:32]   Still running... (199s elapsed)
[07:50:47] $ kubectl get jobs parsec-barnes -o jsonpath={.status.conditions[*].type}
[07:50:47]   Still running... (214s elapsed)
[07:51:02] $ kubectl get jobs parsec-barnes -o jsonpath={.status.conditions[*].type}
[07:51:02]   Still running... (229s elapsed)
[07:51:17] $ kubectl get jobs parsec-barnes -o jsonpath={.status.conditions[*].type}
[07:51:18]   Still running... (244s elapsed)
[07:51:33] $ kubectl get jobs parsec-barnes -o jsonpath={.status.conditions[*].type}
[07:51:33]   Still running... (260s elapsed)
[07:51:48] $ kubectl get jobs parsec-barnes -o jsonpath={.status.conditions[*].type}
[07:51:48] Job 'parsec-barnes' completed successfully (275s)
[07:51:48] $ kubectl get pods --selector=job-name=parsec-barnes --output=jsonpath={.items[*].metadata.name}
[07:51:48] $ kubectl logs parsec-barnes-hfpjh
[07:51:48] Execution time: 268.6s
[07:51:48] Cleaning up jobs and pods...
[07:51:48] $ kubectl delete jobs --all
job.batch "parsec-barnes" deleted from default namespace
[07:51:49] $ kubectl delete pods --all
pod "ibench-l2" deleted from default namespace
[07:52:30] Results saved to part2a-experiments/run3/results.csv
[07:52:30] 
Progress: 30/49 (Run 3)
[07:52:30] 
============================================================
[07:52:30]   Benchmark:    blackscholes
[07:52:30]   Interference: ibench-l2
[07:52:30] ============================================================
[07:52:30] Cleaning up jobs and pods...
[07:52:30] $ kubectl delete jobs --all
No resources found
[07:52:30] $ kubectl delete pods --all
No resources found
[07:52:40] Starting interference: ibench-l2
[07:52:40] $ kubectl create -f interference/part2a/ibench-l2.yaml
pod/ibench-l2 created
[07:52:41] Waiting 30s for interference to stabilise...
[07:53:11] $ kubectl get pods -o wide
[07:53:11] Pods:
NAME        READY   STATUS    RESTARTS   AGE   IP             NODE                 NOMINATED NODE   READINESS GATES
ibench-l2   1/1     Running   0          30s   100.96.1.146   parsec-server-plp1   <none>           <none>

[07:53:11] Starting benchmark: blackscholes
[07:53:11] $ kubectl create -f parsec-benchmarks/part2a/parsec-blackscholes.yaml
job.batch/parsec-blackscholes created
[07:53:11] Waiting for job 'parsec-blackscholes' to complete...
[07:53:11] $ kubectl get jobs parsec-blackscholes -o jsonpath={.status.conditions[*].type}
[07:53:11]   Still running... (0s elapsed)
[07:53:26] $ kubectl get jobs parsec-blackscholes -o jsonpath={.status.conditions[*].type}
[07:53:27] Job 'parsec-blackscholes' completed successfully (15s)
[07:53:27] $ kubectl get pods --selector=job-name=parsec-blackscholes --output=jsonpath={.items[*].metadata.name}
[07:53:27] $ kubectl logs parsec-blackscholes-2t6rq
[07:53:27] Execution time: 1.2s
[07:53:27] Cleaning up jobs and pods...
[07:53:27] $ kubectl delete jobs --all
job.batch "parsec-blackscholes" deleted from default namespace
[07:53:27] $ kubectl delete pods --all
pod "ibench-l2" deleted from default namespace
[07:54:08] Results saved to part2a-experiments/run3/results.csv
[07:54:08] 
Progress: 31/49 (Run 3)
[07:54:08] 
============================================================
[07:54:08]   Benchmark:    canneal
[07:54:08]   Interference: ibench-l2
[07:54:08] ============================================================
[07:54:08] Cleaning up jobs and pods...
[07:54:08] $ kubectl delete jobs --all
No resources found
[07:54:09] $ kubectl delete pods --all
No resources found
[07:54:19] Starting interference: ibench-l2
[07:54:19] $ kubectl create -f interference/part2a/ibench-l2.yaml
pod/ibench-l2 created
[07:54:19] Waiting 30s for interference to stabilise...
[07:54:49] $ kubectl get pods -o wide
[07:54:49] Pods:
NAME        READY   STATUS    RESTARTS   AGE   IP             NODE                 NOMINATED NODE   READINESS GATES
ibench-l2   1/1     Running   0          30s   100.96.1.148   parsec-server-plp1   <none>           <none>

[07:54:49] Starting benchmark: canneal
[07:54:49] $ kubectl create -f parsec-benchmarks/part2a/parsec-canneal.yaml
job.batch/parsec-canneal created
[07:54:49] Waiting for job 'parsec-canneal' to complete...
[07:54:49] $ kubectl get jobs parsec-canneal -o jsonpath={.status.conditions[*].type}
[07:54:50]   Still running... (0s elapsed)
[07:55:05] $ kubectl get jobs parsec-canneal -o jsonpath={.status.conditions[*].type}
[07:55:05]   Still running... (15s elapsed)
[07:55:20] $ kubectl get jobs parsec-canneal -o jsonpath={.status.conditions[*].type}
[07:55:20] Job 'parsec-canneal' completed successfully (30s)
[07:55:20] $ kubectl get pods --selector=job-name=parsec-canneal --output=jsonpath={.items[*].metadata.name}
[07:55:20] $ kubectl logs parsec-canneal-mjss7
[07:55:20] Execution time: 17.3s
[07:55:20] Cleaning up jobs and pods...
[07:55:20] $ kubectl delete jobs --all
job.batch "parsec-canneal" deleted from default namespace
[07:55:21] $ kubectl delete pods --all
pod "ibench-l2" deleted from default namespace
[07:56:02] Results saved to part2a-experiments/run3/results.csv
[07:56:02] 
Progress: 32/49 (Run 3)
[07:56:02] 
============================================================
[07:56:02]   Benchmark:    freqmine
[07:56:02]   Interference: ibench-l2
[07:56:02] ============================================================
[07:56:02] Cleaning up jobs and pods...
[07:56:02] $ kubectl delete jobs --all
No resources found
[07:56:02] $ kubectl delete pods --all
No resources found
[07:56:12] Starting interference: ibench-l2
[07:56:12] $ kubectl create -f interference/part2a/ibench-l2.yaml
pod/ibench-l2 created
[07:56:12] Waiting 30s for interference to stabilise...
[07:56:42] $ kubectl get pods -o wide
[07:56:43] Pods:
NAME        READY   STATUS    RESTARTS   AGE   IP             NODE                 NOMINATED NODE   READINESS GATES
ibench-l2   1/1     Running   0          31s   100.96.1.150   parsec-server-plp1   <none>           <none>

[07:56:43] Starting benchmark: freqmine
[07:56:43] $ kubectl create -f parsec-benchmarks/part2a/parsec-freqmine.yaml
job.batch/parsec-freqmine created
[07:56:43] Waiting for job 'parsec-freqmine' to complete...
[07:56:43] $ kubectl get jobs parsec-freqmine -o jsonpath={.status.conditions[*].type}
[07:56:43]   Still running... (0s elapsed)
[07:56:58] $ kubectl get jobs parsec-freqmine -o jsonpath={.status.conditions[*].type}
[07:56:58] Job 'parsec-freqmine' completed successfully (15s)
[07:56:58] $ kubectl get pods --selector=job-name=parsec-freqmine --output=jsonpath={.items[*].metadata.name}
[07:56:58] $ kubectl logs parsec-freqmine-bmtrq
[07:56:59] Execution time: 8.8s
[07:56:59] Cleaning up jobs and pods...
[07:56:59] $ kubectl delete jobs --all
job.batch "parsec-freqmine" deleted from default namespace
[07:56:59] $ kubectl delete pods --all
pod "ibench-l2" deleted from default namespace
[07:57:40] Results saved to part2a-experiments/run3/results.csv
[07:57:40] 
Progress: 33/49 (Run 3)
[07:57:40] 
============================================================
[07:57:40]   Benchmark:    radix
[07:57:40]   Interference: ibench-l2
[07:57:40] ============================================================
[07:57:40] Cleaning up jobs and pods...
[07:57:40] $ kubectl delete jobs --all
No resources found
[07:57:40] $ kubectl delete pods --all
No resources found
[07:57:50] Starting interference: ibench-l2
[07:57:50] $ kubectl create -f interference/part2a/ibench-l2.yaml
pod/ibench-l2 created
[07:57:51] Waiting 30s for interference to stabilise...
[07:58:21] $ kubectl get pods -o wide
[07:58:21] Pods:
NAME        READY   STATUS    RESTARTS   AGE   IP             NODE                 NOMINATED NODE   READINESS GATES
ibench-l2   1/1     Running   0          30s   100.96.1.152   parsec-server-plp1   <none>           <none>

[07:58:21] Starting benchmark: radix
[07:58:21] $ kubectl create -f parsec-benchmarks/part2a/parsec-radix.yaml
job.batch/parsec-radix created
[07:58:21] Waiting for job 'parsec-radix' to complete...
[07:58:21] $ kubectl get jobs parsec-radix -o jsonpath={.status.conditions[*].type}
[07:58:21]   Still running... (0s elapsed)
[07:58:36] $ kubectl get jobs parsec-radix -o jsonpath={.status.conditions[*].type}
[07:58:37]   Still running... (15s elapsed)
[07:58:52] $ kubectl get jobs parsec-radix -o jsonpath={.status.conditions[*].type}
[07:58:52]   Still running... (30s elapsed)
[07:59:07] $ kubectl get jobs parsec-radix -o jsonpath={.status.conditions[*].type}
[07:59:07]   Still running... (46s elapsed)
[07:59:22] $ kubectl get jobs parsec-radix -o jsonpath={.status.conditions[*].type}
[07:59:22]   Still running... (61s elapsed)
[07:59:37] $ kubectl get jobs parsec-radix -o jsonpath={.status.conditions[*].type}
[07:59:38]   Still running... (76s elapsed)
[07:59:53] $ kubectl get jobs parsec-radix -o jsonpath={.status.conditions[*].type}
[07:59:53] Job 'parsec-radix' completed successfully (92s)
[07:59:53] $ kubectl get pods --selector=job-name=parsec-radix --output=jsonpath={.items[*].metadata.name}
[07:59:53] $ kubectl logs parsec-radix-zcxtg
[07:59:53] Execution time: 79.9s
[07:59:53] Cleaning up jobs and pods...
[07:59:53] $ kubectl delete jobs --all
job.batch "parsec-radix" deleted from default namespace
[07:59:54] $ kubectl delete pods --all
pod "ibench-l2" deleted from default namespace
[08:00:35] Results saved to part2a-experiments/run3/results.csv
[08:00:35] 
Progress: 34/49 (Run 3)
[08:00:35] 
============================================================
[08:00:35]   Benchmark:    streamcluster
[08:00:35]   Interference: ibench-l2
[08:00:35] ============================================================
[08:00:35] Cleaning up jobs and pods...
[08:00:35] $ kubectl delete jobs --all
No resources found
[08:00:35] $ kubectl delete pods --all
No resources found
[08:00:45] Starting interference: ibench-l2
[08:00:45] $ kubectl create -f interference/part2a/ibench-l2.yaml
pod/ibench-l2 created
[08:00:45] Waiting 30s for interference to stabilise...
[08:01:15] $ kubectl get pods -o wide
[08:01:16] Pods:
NAME        READY   STATUS    RESTARTS   AGE   IP             NODE                 NOMINATED NODE   READINESS GATES
ibench-l2   1/1     Running   0          31s   100.96.1.154   parsec-server-plp1   <none>           <none>

[08:01:16] Starting benchmark: streamcluster
[08:01:16] $ kubectl create -f parsec-benchmarks/part2a/parsec-streamcluster.yaml
job.batch/parsec-streamcluster created
[08:01:16] Waiting for job 'parsec-streamcluster' to complete...
[08:01:16] $ kubectl get jobs parsec-streamcluster -o jsonpath={.status.conditions[*].type}
[08:01:16]   Still running... (0s elapsed)
[08:01:31] $ kubectl get jobs parsec-streamcluster -o jsonpath={.status.conditions[*].type}
[08:01:31]   Still running... (15s elapsed)
[08:01:46] $ kubectl get jobs parsec-streamcluster -o jsonpath={.status.conditions[*].type}
[08:01:46] Job 'parsec-streamcluster' completed successfully (30s)
[08:01:46] $ kubectl get pods --selector=job-name=parsec-streamcluster --output=jsonpath={.items[*].metadata.name}
[08:01:47] $ kubectl logs parsec-streamcluster-5svr9
[08:01:47] Execution time: 20.0s
[08:01:47] Cleaning up jobs and pods...
[08:01:47] $ kubectl delete jobs --all
job.batch "parsec-streamcluster" deleted from default namespace
[08:01:47] $ kubectl delete pods --all
pod "ibench-l2" deleted from default namespace
[08:02:28] Results saved to part2a-experiments/run3/results.csv
[08:02:28] 
Progress: 35/49 (Run 3)
[08:02:28] 
============================================================
[08:02:28]   Benchmark:    vips
[08:02:28]   Interference: ibench-l2
[08:02:28] ============================================================
[08:02:28] Cleaning up jobs and pods...
[08:02:28] $ kubectl delete jobs --all
No resources found
[08:02:28] $ kubectl delete pods --all
No resources found
[08:02:38] Starting interference: ibench-l2
[08:02:38] $ kubectl create -f interference/part2a/ibench-l2.yaml
pod/ibench-l2 created
[08:02:39] Waiting 30s for interference to stabilise...
[08:03:09] $ kubectl get pods -o wide
[08:03:09] Pods:
NAME        READY   STATUS    RESTARTS   AGE   IP             NODE                 NOMINATED NODE   READINESS GATES
ibench-l2   1/1     Running   0          30s   100.96.1.156   parsec-server-plp1   <none>           <none>

[08:03:09] Starting benchmark: vips
[08:03:09] $ kubectl create -f parsec-benchmarks/part2a/parsec-vips.yaml
job.batch/parsec-vips created
[08:03:09] Waiting for job 'parsec-vips' to complete...
[08:03:09] $ kubectl get jobs parsec-vips -o jsonpath={.status.conditions[*].type}
[08:03:09]   Still running... (0s elapsed)
[08:03:24] $ kubectl get jobs parsec-vips -o jsonpath={.status.conditions[*].type}
[08:03:25]   Still running... (15s elapsed)
[08:03:40] $ kubectl get jobs parsec-vips -o jsonpath={.status.conditions[*].type}
[08:03:40]   Still running... (30s elapsed)
[08:03:55] $ kubectl get jobs parsec-vips -o jsonpath={.status.conditions[*].type}
[08:03:55]   Still running... (46s elapsed)
[08:04:10] $ kubectl get jobs parsec-vips -o jsonpath={.status.conditions[*].type}
[08:04:10]   Still running... (61s elapsed)
[08:04:25] $ kubectl get jobs parsec-vips -o jsonpath={.status.conditions[*].type}
[08:04:26]   Still running... (76s elapsed)
[08:04:41] $ kubectl get jobs parsec-vips -o jsonpath={.status.conditions[*].type}
[08:04:41]   Still running... (92s elapsed)
[08:04:56] $ kubectl get jobs parsec-vips -o jsonpath={.status.conditions[*].type}
[08:04:56]   Still running... (107s elapsed)
[08:05:11] $ kubectl get jobs parsec-vips -o jsonpath={.status.conditions[*].type}
[08:05:12]   Still running... (122s elapsed)
[08:05:27] $ kubectl get jobs parsec-vips -o jsonpath={.status.conditions[*].type}
[08:05:27]   Still running... (137s elapsed)
[08:05:42] $ kubectl get jobs parsec-vips -o jsonpath={.status.conditions[*].type}
[08:05:42]   Still running... (153s elapsed)
[08:05:57] $ kubectl get jobs parsec-vips -o jsonpath={.status.conditions[*].type}
[08:05:57]   Still running... (168s elapsed)
[08:06:12] $ kubectl get jobs parsec-vips -o jsonpath={.status.conditions[*].type}
[08:06:13]   Still running... (183s elapsed)
[08:06:28] $ kubectl get jobs parsec-vips -o jsonpath={.status.conditions[*].type}
[08:06:28]   Still running... (199s elapsed)
[08:06:43] $ kubectl get jobs parsec-vips -o jsonpath={.status.conditions[*].type}
[08:06:43]   Still running... (214s elapsed)
[08:06:58] $ kubectl get jobs parsec-vips -o jsonpath={.status.conditions[*].type}
[08:06:59]   Still running... (229s elapsed)
[08:07:14] $ kubectl get jobs parsec-vips -o jsonpath={.status.conditions[*].type}
[08:07:14]   Still running... (244s elapsed)
[08:07:29] $ kubectl get jobs parsec-vips -o jsonpath={.status.conditions[*].type}
[08:07:29] Job 'parsec-vips' completed successfully (260s)
[08:07:29] $ kubectl get pods --selector=job-name=parsec-vips --output=jsonpath={.items[*].metadata.name}
[08:07:29] $ kubectl logs parsec-vips-48t95
[08:07:29] Execution time: 237.0s
[08:07:29] Cleaning up jobs and pods...
[08:07:29] $ kubectl delete jobs --all
job.batch "parsec-vips" deleted from default namespace
[08:07:30] $ kubectl delete pods --all
pod "ibench-l2" deleted from default namespace
[08:08:10] Results saved to part2a-experiments/run3/results.csv
[08:08:10] 
Progress: 36/49 (Run 3)
[08:08:10] 
============================================================
[08:08:10]   Benchmark:    barnes
[08:08:10]   Interference: ibench-llc
[08:08:10] ============================================================
[08:08:10] Cleaning up jobs and pods...
[08:08:10] $ kubectl delete jobs --all
No resources found
[08:08:11] $ kubectl delete pods --all
No resources found
[08:08:21] Starting interference: ibench-llc
[08:08:21] $ kubectl create -f interference/part2a/ibench-llc.yaml
pod/ibench-llc created
[08:08:21] Waiting 30s for interference to stabilise...
[08:08:51] $ kubectl get pods -o wide
[08:08:51] Pods:
NAME         READY   STATUS    RESTARTS   AGE   IP             NODE                 NOMINATED NODE   READINESS GATES
ibench-llc   1/1     Running   0          30s   100.96.1.158   parsec-server-plp1   <none>           <none>

[08:08:51] Starting benchmark: barnes
[08:08:51] $ kubectl create -f parsec-benchmarks/part2a/parsec-barnes.yaml
job.batch/parsec-barnes created
[08:08:51] Waiting for job 'parsec-barnes' to complete...
[08:08:51] $ kubectl get jobs parsec-barnes -o jsonpath={.status.conditions[*].type}
[08:08:52]   Still running... (0s elapsed)
[08:09:07] $ kubectl get jobs parsec-barnes -o jsonpath={.status.conditions[*].type}
[08:09:07]   Still running... (15s elapsed)
[08:09:22] $ kubectl get jobs parsec-barnes -o jsonpath={.status.conditions[*].type}
[08:09:22]   Still running... (30s elapsed)
[08:09:37] $ kubectl get jobs parsec-barnes -o jsonpath={.status.conditions[*].type}
[08:09:37]   Still running... (46s elapsed)
[08:09:52] $ kubectl get jobs parsec-barnes -o jsonpath={.status.conditions[*].type}
[08:09:53]   Still running... (61s elapsed)
[08:10:08] $ kubectl get jobs parsec-barnes -o jsonpath={.status.conditions[*].type}
[08:10:08]   Still running... (76s elapsed)
[08:10:23] $ kubectl get jobs parsec-barnes -o jsonpath={.status.conditions[*].type}
[08:10:23]   Still running... (92s elapsed)
[08:10:38] $ kubectl get jobs parsec-barnes -o jsonpath={.status.conditions[*].type}
[08:10:39]   Still running... (107s elapsed)
[08:10:54] $ kubectl get jobs parsec-barnes -o jsonpath={.status.conditions[*].type}
[08:10:54]   Still running... (122s elapsed)
[08:11:09] $ kubectl get jobs parsec-barnes -o jsonpath={.status.conditions[*].type}
[08:11:09]   Still running... (137s elapsed)
[08:11:24] $ kubectl get jobs parsec-barnes -o jsonpath={.status.conditions[*].type}
[08:11:24]   Still running... (153s elapsed)
[08:11:39] $ kubectl get jobs parsec-barnes -o jsonpath={.status.conditions[*].type}
[08:11:40]   Still running... (168s elapsed)
[08:11:55] $ kubectl get jobs parsec-barnes -o jsonpath={.status.conditions[*].type}
[08:11:55]   Still running... (183s elapsed)
[08:12:10] $ kubectl get jobs parsec-barnes -o jsonpath={.status.conditions[*].type}
[08:12:10]   Still running... (198s elapsed)
[08:12:25] $ kubectl get jobs parsec-barnes -o jsonpath={.status.conditions[*].type}
[08:12:26]   Still running... (214s elapsed)
[08:12:41] $ kubectl get jobs parsec-barnes -o jsonpath={.status.conditions[*].type}
[08:12:41]   Still running... (229s elapsed)
[08:12:56] $ kubectl get jobs parsec-barnes -o jsonpath={.status.conditions[*].type}
[08:12:56]   Still running... (244s elapsed)
[08:13:11] $ kubectl get jobs parsec-barnes -o jsonpath={.status.conditions[*].type}
[08:13:11]   Still running... (260s elapsed)
[08:13:26] $ kubectl get jobs parsec-barnes -o jsonpath={.status.conditions[*].type}
[08:13:27]   Still running... (275s elapsed)
[08:13:42] $ kubectl get jobs parsec-barnes -o jsonpath={.status.conditions[*].type}
[08:13:42]   Still running... (290s elapsed)
[08:13:57] $ kubectl get jobs parsec-barnes -o jsonpath={.status.conditions[*].type}
[08:13:57]   Still running... (305s elapsed)
[08:14:12] $ kubectl get jobs parsec-barnes -o jsonpath={.status.conditions[*].type}
[08:14:13]   Still running... (321s elapsed)
[08:14:28] $ kubectl get jobs parsec-barnes -o jsonpath={.status.conditions[*].type}
[08:14:28]   Still running... (336s elapsed)
[08:14:43] $ kubectl get jobs parsec-barnes -o jsonpath={.status.conditions[*].type}
[08:14:43]   Still running... (351s elapsed)
[08:14:58] $ kubectl get jobs parsec-barnes -o jsonpath={.status.conditions[*].type}
[08:14:58]   Still running... (367s elapsed)
[08:15:13] $ kubectl get jobs parsec-barnes -o jsonpath={.status.conditions[*].type}
[08:15:14] Job 'parsec-barnes' completed successfully (382s)
[08:15:14] $ kubectl get pods --selector=job-name=parsec-barnes --output=jsonpath={.items[*].metadata.name}
[08:15:14] $ kubectl logs parsec-barnes-gdvcg
[08:15:14] Execution time: 372.0s
[08:15:14] Cleaning up jobs and pods...
[08:15:14] $ kubectl delete jobs --all
job.batch "parsec-barnes" deleted from default namespace
[08:15:14] $ kubectl delete pods --all
pod "ibench-llc" deleted from default namespace
[08:15:55] Results saved to part2a-experiments/run3/results.csv
[08:15:55] 
Progress: 37/49 (Run 3)
[08:15:55] 
============================================================
[08:15:55]   Benchmark:    blackscholes
[08:15:55]   Interference: ibench-llc
[08:15:55] ============================================================
[08:15:55] Cleaning up jobs and pods...
[08:15:55] $ kubectl delete jobs --all
No resources found
[08:15:56] $ kubectl delete pods --all
No resources found
[08:16:06] Starting interference: ibench-llc
[08:16:06] $ kubectl create -f interference/part2a/ibench-llc.yaml
pod/ibench-llc created
[08:16:06] Waiting 30s for interference to stabilise...
[08:16:36] $ kubectl get pods -o wide
[08:16:36] Pods:
NAME         READY   STATUS    RESTARTS   AGE   IP             NODE                 NOMINATED NODE   READINESS GATES
ibench-llc   1/1     Running   0          30s   100.96.1.160   parsec-server-plp1   <none>           <none>

[08:16:36] Starting benchmark: blackscholes
[08:16:36] $ kubectl create -f parsec-benchmarks/part2a/parsec-blackscholes.yaml
job.batch/parsec-blackscholes created
[08:16:36] Waiting for job 'parsec-blackscholes' to complete...
[08:16:36] $ kubectl get jobs parsec-blackscholes -o jsonpath={.status.conditions[*].type}
[08:16:37]   Still running... (0s elapsed)
[08:16:52] $ kubectl get jobs parsec-blackscholes -o jsonpath={.status.conditions[*].type}
[08:16:52] Job 'parsec-blackscholes' completed successfully (15s)
[08:16:52] $ kubectl get pods --selector=job-name=parsec-blackscholes --output=jsonpath={.items[*].metadata.name}
[08:16:52] $ kubectl logs parsec-blackscholes-l46k7
[08:16:52] Execution time: 1.2s
[08:16:52] Cleaning up jobs and pods...
[08:16:52] $ kubectl delete jobs --all
job.batch "parsec-blackscholes" deleted from default namespace
[08:16:52] $ kubectl delete pods --all
pod "ibench-llc" deleted from default namespace
[08:17:34] Results saved to part2a-experiments/run3/results.csv
[08:17:34] 
Progress: 38/49 (Run 3)
[08:17:34] 
============================================================
[08:17:34]   Benchmark:    canneal
[08:17:34]   Interference: ibench-llc
[08:17:34] ============================================================
[08:17:34] Cleaning up jobs and pods...
[08:17:34] $ kubectl delete jobs --all
No resources found
[08:17:34] $ kubectl delete pods --all
No resources found
[08:17:44] Starting interference: ibench-llc
[08:17:44] $ kubectl create -f interference/part2a/ibench-llc.yaml
pod/ibench-llc created
[08:17:44] Waiting 30s for interference to stabilise...
[08:18:14] $ kubectl get pods -o wide
[08:18:15] Pods:
NAME         READY   STATUS    RESTARTS   AGE   IP             NODE                 NOMINATED NODE   READINESS GATES
ibench-llc   1/1     Running   0          31s   100.96.1.162   parsec-server-plp1   <none>           <none>

[08:18:15] Starting benchmark: canneal
[08:18:15] $ kubectl create -f parsec-benchmarks/part2a/parsec-canneal.yaml
job.batch/parsec-canneal created
[08:18:15] Waiting for job 'parsec-canneal' to complete...
[08:18:15] $ kubectl get jobs parsec-canneal -o jsonpath={.status.conditions[*].type}
[08:18:15]   Still running... (0s elapsed)
[08:18:30] $ kubectl get jobs parsec-canneal -o jsonpath={.status.conditions[*].type}
[08:18:30]   Still running... (15s elapsed)
[08:18:45] $ kubectl get jobs parsec-canneal -o jsonpath={.status.conditions[*].type}
[08:18:46] Job 'parsec-canneal' completed successfully (30s)
[08:18:46] $ kubectl get pods --selector=job-name=parsec-canneal --output=jsonpath={.items[*].metadata.name}
[08:18:46] $ kubectl logs parsec-canneal-vkfbt
[08:18:46] Execution time: 21.5s
[08:18:46] Cleaning up jobs and pods...
[08:18:46] $ kubectl delete jobs --all
job.batch "parsec-canneal" deleted from default namespace
[08:18:46] $ kubectl delete pods --all
pod "ibench-llc" deleted from default namespace
[08:19:27] Results saved to part2a-experiments/run3/results.csv
[08:19:27] 
Progress: 39/49 (Run 3)
[08:19:27] 
============================================================
[08:19:27]   Benchmark:    freqmine
[08:19:27]   Interference: ibench-llc
[08:19:27] ============================================================
[08:19:27] Cleaning up jobs and pods...
[08:19:27] $ kubectl delete jobs --all
No resources found
[08:19:28] $ kubectl delete pods --all
No resources found
[08:19:38] Starting interference: ibench-llc
[08:19:38] $ kubectl create -f interference/part2a/ibench-llc.yaml
pod/ibench-llc created
[08:19:38] Waiting 30s for interference to stabilise...
[08:20:08] $ kubectl get pods -o wide
[08:20:08] Pods:
NAME         READY   STATUS    RESTARTS   AGE   IP             NODE                 NOMINATED NODE   READINESS GATES
ibench-llc   1/1     Running   0          30s   100.96.1.164   parsec-server-plp1   <none>           <none>

[08:20:08] Starting benchmark: freqmine
[08:20:08] $ kubectl create -f parsec-benchmarks/part2a/parsec-freqmine.yaml
job.batch/parsec-freqmine created
[08:20:08] Waiting for job 'parsec-freqmine' to complete...
[08:20:08] $ kubectl get jobs parsec-freqmine -o jsonpath={.status.conditions[*].type}
[08:20:09]   Still running... (0s elapsed)
[08:20:24] $ kubectl get jobs parsec-freqmine -o jsonpath={.status.conditions[*].type}
[08:20:24]   Still running... (15s elapsed)
[08:20:39] $ kubectl get jobs parsec-freqmine -o jsonpath={.status.conditions[*].type}
[08:20:39] Job 'parsec-freqmine' completed successfully (30s)
[08:20:39] $ kubectl get pods --selector=job-name=parsec-freqmine --output=jsonpath={.items[*].metadata.name}
[08:20:39] $ kubectl logs parsec-freqmine-bz59w
[08:20:39] Execution time: 11.9s
[08:20:39] Cleaning up jobs and pods...
[08:20:39] $ kubectl delete jobs --all
job.batch "parsec-freqmine" deleted from default namespace
[08:20:40] $ kubectl delete pods --all
pod "ibench-llc" deleted from default namespace
[08:21:21] Results saved to part2a-experiments/run3/results.csv
[08:21:21] 
Progress: 40/49 (Run 3)
[08:21:21] 
============================================================
[08:21:21]   Benchmark:    radix
[08:21:21]   Interference: ibench-llc
[08:21:21] ============================================================
[08:21:21] Cleaning up jobs and pods...
[08:21:21] $ kubectl delete jobs --all
No resources found
[08:21:21] $ kubectl delete pods --all
No resources found
[08:21:31] Starting interference: ibench-llc
[08:21:31] $ kubectl create -f interference/part2a/ibench-llc.yaml
pod/ibench-llc created
[08:21:31] Waiting 30s for interference to stabilise...
[08:22:01] $ kubectl get pods -o wide
[08:22:02] Pods:
NAME         READY   STATUS    RESTARTS   AGE   IP             NODE                 NOMINATED NODE   READINESS GATES
ibench-llc   1/1     Running   0          31s   100.96.1.166   parsec-server-plp1   <none>           <none>

[08:22:02] Starting benchmark: radix
[08:22:02] $ kubectl create -f parsec-benchmarks/part2a/parsec-radix.yaml
job.batch/parsec-radix created
[08:22:02] Waiting for job 'parsec-radix' to complete...
[08:22:02] $ kubectl get jobs parsec-radix -o jsonpath={.status.conditions[*].type}
[08:22:02]   Still running... (0s elapsed)
[08:22:17] $ kubectl get jobs parsec-radix -o jsonpath={.status.conditions[*].type}
[08:22:17]   Still running... (15s elapsed)
[08:22:32] $ kubectl get jobs parsec-radix -o jsonpath={.status.conditions[*].type}
[08:22:33]   Still running... (30s elapsed)
[08:22:48] $ kubectl get jobs parsec-radix -o jsonpath={.status.conditions[*].type}
[08:22:48]   Still running... (46s elapsed)
[08:23:03] $ kubectl get jobs parsec-radix -o jsonpath={.status.conditions[*].type}
[08:23:03]   Still running... (61s elapsed)
[08:23:16] $ kubectl get jobs parsec-radix -o jsonpath={.status.conditions[*].type}
[08:23:16]   Still running... (74s elapsed)
[08:23:31] $ kubectl get jobs parsec-radix -o jsonpath={.status.conditions[*].type}
[08:23:31]   Still running... (89s elapsed)
[08:23:46] $ kubectl get jobs parsec-radix -o jsonpath={.status.conditions[*].type}
[08:23:47] Job 'parsec-radix' completed successfully (105s)
[08:23:47] $ kubectl get pods --selector=job-name=parsec-radix --output=jsonpath={.items[*].metadata.name}
[08:23:47] $ kubectl logs parsec-radix-slkr8
[08:23:47] Execution time: 100.2s
[08:23:47] Cleaning up jobs and pods...
[08:23:47] $ kubectl delete jobs --all
job.batch "parsec-radix" deleted from default namespace
[08:23:47] $ kubectl delete pods --all
pod "ibench-llc" deleted from default namespace
[08:24:28] Results saved to part2a-experiments/run3/results.csv
[08:24:28] 
Progress: 41/49 (Run 3)
[08:24:28] 
============================================================
[08:24:28]   Benchmark:    streamcluster
[08:24:28]   Interference: ibench-llc
[08:24:28] ============================================================
[08:24:28] Cleaning up jobs and pods...
[08:24:28] $ kubectl delete jobs --all
No resources found
[08:24:29] $ kubectl delete pods --all
No resources found
[08:24:39] Starting interference: ibench-llc
[08:24:39] $ kubectl create -f interference/part2a/ibench-llc.yaml
pod/ibench-llc created
[08:24:39] Waiting 30s for interference to stabilise...
[08:25:09] $ kubectl get pods -o wide
[08:25:09] Pods:
NAME         READY   STATUS    RESTARTS   AGE   IP             NODE                 NOMINATED NODE   READINESS GATES
ibench-llc   1/1     Running   0          31s   100.96.1.168   parsec-server-plp1   <none>           <none>

[08:25:09] Starting benchmark: streamcluster
[08:25:09] $ kubectl create -f parsec-benchmarks/part2a/parsec-streamcluster.yaml
job.batch/parsec-streamcluster created
[08:25:09] Waiting for job 'parsec-streamcluster' to complete...
[08:25:09] $ kubectl get jobs parsec-streamcluster -o jsonpath={.status.conditions[*].type}
[08:25:10]   Still running... (0s elapsed)
[08:25:25] $ kubectl get jobs parsec-streamcluster -o jsonpath={.status.conditions[*].type}
[08:25:25]   Still running... (15s elapsed)
[08:25:40] $ kubectl get jobs parsec-streamcluster -o jsonpath={.status.conditions[*].type}
[08:25:40] Job 'parsec-streamcluster' completed successfully (30s)
[08:25:40] $ kubectl get pods --selector=job-name=parsec-streamcluster --output=jsonpath={.items[*].metadata.name}
[08:25:40] $ kubectl logs parsec-streamcluster-h9bqb
[08:25:40] Execution time: 19.8s
[08:25:40] Cleaning up jobs and pods...
[08:25:40] $ kubectl delete jobs --all
job.batch "parsec-streamcluster" deleted from default namespace
[08:25:41] $ kubectl delete pods --all
pod "ibench-llc" deleted from default namespace
[08:26:22] Results saved to part2a-experiments/run3/results.csv
[08:26:22] 
Progress: 42/49 (Run 3)
[08:26:22] 
============================================================
[08:26:22]   Benchmark:    vips
[08:26:22]   Interference: ibench-llc
[08:26:22] ============================================================
[08:26:22] Cleaning up jobs and pods...
[08:26:22] $ kubectl delete jobs --all
No resources found
[08:26:22] $ kubectl delete pods --all
No resources found
[08:26:32] Starting interference: ibench-llc
[08:26:32] $ kubectl create -f interference/part2a/ibench-llc.yaml
pod/ibench-llc created
[08:26:32] Waiting 30s for interference to stabilise...
[08:27:02] $ kubectl get pods -o wide
[08:27:03] Pods:
NAME         READY   STATUS    RESTARTS   AGE   IP             NODE                 NOMINATED NODE   READINESS GATES
ibench-llc   1/1     Running   0          30s   100.96.1.170   parsec-server-plp1   <none>           <none>

[08:27:03] Starting benchmark: vips
[08:27:03] $ kubectl create -f parsec-benchmarks/part2a/parsec-vips.yaml
job.batch/parsec-vips created
[08:27:03] Waiting for job 'parsec-vips' to complete...
[08:27:03] $ kubectl get jobs parsec-vips -o jsonpath={.status.conditions[*].type}
[08:27:03]   Still running... (0s elapsed)
[08:27:18] $ kubectl get jobs parsec-vips -o jsonpath={.status.conditions[*].type}
[08:27:18]   Still running... (15s elapsed)
[08:27:33] $ kubectl get jobs parsec-vips -o jsonpath={.status.conditions[*].type}
[08:27:34]   Still running... (30s elapsed)
[08:27:49] $ kubectl get jobs parsec-vips -o jsonpath={.status.conditions[*].type}
[08:27:49]   Still running... (46s elapsed)
[08:28:04] $ kubectl get jobs parsec-vips -o jsonpath={.status.conditions[*].type}
[08:28:04]   Still running... (61s elapsed)
[08:28:19] $ kubectl get jobs parsec-vips -o jsonpath={.status.conditions[*].type}
[08:28:19]   Still running... (76s elapsed)
[08:28:34] $ kubectl get jobs parsec-vips -o jsonpath={.status.conditions[*].type}
[08:28:35]   Still running... (92s elapsed)
[08:28:50] $ kubectl get jobs parsec-vips -o jsonpath={.status.conditions[*].type}
[08:28:50]   Still running... (107s elapsed)
[08:29:05] $ kubectl get jobs parsec-vips -o jsonpath={.status.conditions[*].type}
[08:29:05]   Still running... (122s elapsed)
[08:29:20] $ kubectl get jobs parsec-vips -o jsonpath={.status.conditions[*].type}
[08:29:21]   Still running... (137s elapsed)
[08:29:36] $ kubectl get jobs parsec-vips -o jsonpath={.status.conditions[*].type}
[08:29:36]   Still running... (153s elapsed)
[08:29:51] $ kubectl get jobs parsec-vips -o jsonpath={.status.conditions[*].type}
[08:29:51]   Still running... (168s elapsed)
[08:30:06] $ kubectl get jobs parsec-vips -o jsonpath={.status.conditions[*].type}
[08:30:06]   Still running... (183s elapsed)
[08:30:21] $ kubectl get jobs parsec-vips -o jsonpath={.status.conditions[*].type}
[08:30:22]   Still running... (198s elapsed)
[08:30:37] $ kubectl get jobs parsec-vips -o jsonpath={.status.conditions[*].type}
[08:30:37]   Still running... (214s elapsed)
[08:30:52] $ kubectl get jobs parsec-vips -o jsonpath={.status.conditions[*].type}
[08:30:52]   Still running... (229s elapsed)
[08:31:07] $ kubectl get jobs parsec-vips -o jsonpath={.status.conditions[*].type}
[08:31:08]   Still running... (244s elapsed)
[08:31:23] $ kubectl get jobs parsec-vips -o jsonpath={.status.conditions[*].type}
[08:31:23] Job 'parsec-vips' completed successfully (260s)
[08:31:23] $ kubectl get pods --selector=job-name=parsec-vips --output=jsonpath={.items[*].metadata.name}
[08:31:23] $ kubectl logs parsec-vips-8q7rx
[08:31:23] Execution time: 219.3s
[08:31:23] Cleaning up jobs and pods...
[08:31:23] $ kubectl delete jobs --all
job.batch "parsec-vips" deleted from default namespace
[08:31:23] $ kubectl delete pods --all
pod "ibench-llc" deleted from default namespace
[08:32:04] Results saved to part2a-experiments/run3/results.csv
[08:32:04] 
Progress: 43/49 (Run 3)
[08:32:04] 
============================================================
[08:32:04]   Benchmark:    barnes
[08:32:04]   Interference: ibench-membw
[08:32:04] ============================================================
[08:32:04] Cleaning up jobs and pods...
[08:32:04] $ kubectl delete jobs --all
No resources found
[08:32:04] $ kubectl delete pods --all
No resources found
[08:32:15] Starting interference: ibench-membw
[08:32:15] $ kubectl create -f interference/part2a/ibench-membw.yaml
pod/ibench-membw created
[08:32:15] Waiting 30s for interference to stabilise...
[08:32:45] $ kubectl get pods -o wide
[08:32:45] Pods:
NAME           READY   STATUS    RESTARTS   AGE   IP             NODE                 NOMINATED NODE   READINESS GATES
ibench-membw   1/1     Running   0          30s   100.96.1.172   parsec-server-plp1   <none>           <none>

[08:32:45] Starting benchmark: barnes
[08:32:45] $ kubectl create -f parsec-benchmarks/part2a/parsec-barnes.yaml
job.batch/parsec-barnes created
[08:32:45] Waiting for job 'parsec-barnes' to complete...
[08:32:45] $ kubectl get jobs parsec-barnes -o jsonpath={.status.conditions[*].type}
[08:32:46]   Still running... (0s elapsed)
[08:33:01] $ kubectl get jobs parsec-barnes -o jsonpath={.status.conditions[*].type}
[08:33:01]   Still running... (15s elapsed)
[08:33:16] $ kubectl get jobs parsec-barnes -o jsonpath={.status.conditions[*].type}
[08:33:16]   Still running... (30s elapsed)
[08:33:31] $ kubectl get jobs parsec-barnes -o jsonpath={.status.conditions[*].type}
[08:33:31]   Still running... (46s elapsed)
[08:33:46] $ kubectl get jobs parsec-barnes -o jsonpath={.status.conditions[*].type}
[08:33:47]   Still running... (61s elapsed)
[08:34:02] $ kubectl get jobs parsec-barnes -o jsonpath={.status.conditions[*].type}
[08:34:02]   Still running... (76s elapsed)
[08:34:17] $ kubectl get jobs parsec-barnes -o jsonpath={.status.conditions[*].type}
[08:34:17]   Still running... (91s elapsed)
[08:34:32] $ kubectl get jobs parsec-barnes -o jsonpath={.status.conditions[*].type}
[08:34:32]   Still running... (107s elapsed)
[08:34:47] $ kubectl get jobs parsec-barnes -o jsonpath={.status.conditions[*].type}
[08:34:48]   Still running... (122s elapsed)
[08:35:03] $ kubectl get jobs parsec-barnes -o jsonpath={.status.conditions[*].type}
[08:35:03]   Still running... (137s elapsed)
[08:35:18] $ kubectl get jobs parsec-barnes -o jsonpath={.status.conditions[*].type}
[08:35:18]   Still running... (153s elapsed)
[08:35:33] $ kubectl get jobs parsec-barnes -o jsonpath={.status.conditions[*].type}
[08:35:34]   Still running... (168s elapsed)
[08:35:49] $ kubectl get jobs parsec-barnes -o jsonpath={.status.conditions[*].type}
[08:35:49]   Still running... (183s elapsed)
[08:36:04] $ kubectl get jobs parsec-barnes -o jsonpath={.status.conditions[*].type}
[08:36:04]   Still running... (198s elapsed)
[08:36:19] $ kubectl get jobs parsec-barnes -o jsonpath={.status.conditions[*].type}
[08:36:19]   Still running... (214s elapsed)
[08:36:34] $ kubectl get jobs parsec-barnes -o jsonpath={.status.conditions[*].type}
[08:36:35]   Still running... (229s elapsed)
[08:36:50] $ kubectl get jobs parsec-barnes -o jsonpath={.status.conditions[*].type}
[08:36:50]   Still running... (244s elapsed)
[08:37:05] $ kubectl get jobs parsec-barnes -o jsonpath={.status.conditions[*].type}
[08:37:05]   Still running... (260s elapsed)
[08:37:20] $ kubectl get jobs parsec-barnes -o jsonpath={.status.conditions[*].type}
[08:37:21] Job 'parsec-barnes' completed successfully (275s)
[08:37:21] $ kubectl get pods --selector=job-name=parsec-barnes --output=jsonpath={.items[*].metadata.name}
[08:37:21] $ kubectl logs parsec-barnes-kn64l
[08:37:21] Execution time: 255.8s
[08:37:21] Cleaning up jobs and pods...
[08:37:21] $ kubectl delete jobs --all
job.batch "parsec-barnes" deleted from default namespace
[08:37:21] $ kubectl delete pods --all
pod "ibench-membw" deleted from default namespace
[08:38:03] Results saved to part2a-experiments/run3/results.csv
[08:38:03] 
Progress: 44/49 (Run 3)
[08:38:03] 
============================================================
[08:38:03]   Benchmark:    blackscholes
[08:38:03]   Interference: ibench-membw
[08:38:03] ============================================================
[08:38:03] Cleaning up jobs and pods...
[08:38:03] $ kubectl delete jobs --all
No resources found
[08:38:03] $ kubectl delete pods --all
No resources found
[08:38:13] Starting interference: ibench-membw
[08:38:13] $ kubectl create -f interference/part2a/ibench-membw.yaml
pod/ibench-membw created
[08:38:13] Waiting 30s for interference to stabilise...
[08:38:43] $ kubectl get pods -o wide
[08:38:44] Pods:
NAME           READY   STATUS    RESTARTS   AGE   IP             NODE                 NOMINATED NODE   READINESS GATES
ibench-membw   1/1     Running   0          30s   100.96.1.174   parsec-server-plp1   <none>           <none>

[08:38:44] Starting benchmark: blackscholes
[08:38:44] $ kubectl create -f parsec-benchmarks/part2a/parsec-blackscholes.yaml
job.batch/parsec-blackscholes created
[08:38:44] Waiting for job 'parsec-blackscholes' to complete...
[08:38:44] $ kubectl get jobs parsec-blackscholes -o jsonpath={.status.conditions[*].type}
[08:38:44]   Still running... (0s elapsed)
[08:38:59] $ kubectl get jobs parsec-blackscholes -o jsonpath={.status.conditions[*].type}
[08:38:59] Job 'parsec-blackscholes' completed successfully (15s)
[08:38:59] $ kubectl get pods --selector=job-name=parsec-blackscholes --output=jsonpath={.items[*].metadata.name}
[08:38:59] $ kubectl logs parsec-blackscholes-bnjr5
[08:39:00] Execution time: 1.1s
[08:39:00] Cleaning up jobs and pods...
[08:39:00] $ kubectl delete jobs --all
job.batch "parsec-blackscholes" deleted from default namespace
[08:39:00] $ kubectl delete pods --all
pod "ibench-membw" deleted from default namespace
[08:39:41] Results saved to part2a-experiments/run3/results.csv
[08:39:41] 
Progress: 45/49 (Run 3)
[08:39:41] 
============================================================
[08:39:41]   Benchmark:    canneal
[08:39:41]   Interference: ibench-membw
[08:39:41] ============================================================
[08:39:41] Cleaning up jobs and pods...
[08:39:41] $ kubectl delete jobs --all
No resources found
[08:39:41] $ kubectl delete pods --all
No resources found
[08:39:51] Starting interference: ibench-membw
[08:39:51] $ kubectl create -f interference/part2a/ibench-membw.yaml
pod/ibench-membw created
[08:39:52] Waiting 30s for interference to stabilise...
[08:40:22] $ kubectl get pods -o wide
[08:40:22] Pods:
NAME           READY   STATUS    RESTARTS   AGE   IP             NODE                 NOMINATED NODE   READINESS GATES
ibench-membw   1/1     Running   0          30s   100.96.1.176   parsec-server-plp1   <none>           <none>

[08:40:22] Starting benchmark: canneal
[08:40:22] $ kubectl create -f parsec-benchmarks/part2a/parsec-canneal.yaml
job.batch/parsec-canneal created
[08:40:22] Waiting for job 'parsec-canneal' to complete...
[08:40:22] $ kubectl get jobs parsec-canneal -o jsonpath={.status.conditions[*].type}
[08:40:22]   Still running... (0s elapsed)
[08:40:37] $ kubectl get jobs parsec-canneal -o jsonpath={.status.conditions[*].type}
[08:40:37]   Still running... (15s elapsed)
[08:40:52] $ kubectl get jobs parsec-canneal -o jsonpath={.status.conditions[*].type}
[08:40:53] Job 'parsec-canneal' completed successfully (30s)
[08:40:53] $ kubectl get pods --selector=job-name=parsec-canneal --output=jsonpath={.items[*].metadata.name}
[08:40:53] $ kubectl logs parsec-canneal-ft7dg
[08:40:53] Execution time: 15.7s
[08:40:53] Cleaning up jobs and pods...
[08:40:53] $ kubectl delete jobs --all
job.batch "parsec-canneal" deleted from default namespace
[08:40:53] $ kubectl delete pods --all
pod "ibench-membw" deleted from default namespace
[08:41:34] Results saved to part2a-experiments/run3/results.csv
[08:41:34] 
Progress: 46/49 (Run 3)
[08:41:34] 
============================================================
[08:41:34]   Benchmark:    freqmine
[08:41:34]   Interference: ibench-membw
[08:41:34] ============================================================
[08:41:34] Cleaning up jobs and pods...
[08:41:34] $ kubectl delete jobs --all
No resources found
[08:41:34] $ kubectl delete pods --all
No resources found
[08:41:45] Starting interference: ibench-membw
[08:41:45] $ kubectl create -f interference/part2a/ibench-membw.yaml
pod/ibench-membw created
[08:41:45] Waiting 30s for interference to stabilise...
[08:42:15] $ kubectl get pods -o wide
[08:42:15] Pods:
NAME           READY   STATUS    RESTARTS   AGE   IP             NODE                 NOMINATED NODE   READINESS GATES
ibench-membw   1/1     Running   0          30s   100.96.1.178   parsec-server-plp1   <none>           <none>

[08:42:15] Starting benchmark: freqmine
[08:42:15] $ kubectl create -f parsec-benchmarks/part2a/parsec-freqmine.yaml
job.batch/parsec-freqmine created
[08:42:15] Waiting for job 'parsec-freqmine' to complete...
[08:42:15] $ kubectl get jobs parsec-freqmine -o jsonpath={.status.conditions[*].type}
[08:42:16]   Still running... (0s elapsed)
[08:42:31] $ kubectl get jobs parsec-freqmine -o jsonpath={.status.conditions[*].type}
[08:42:31]   Still running... (15s elapsed)
[08:42:46] $ kubectl get jobs parsec-freqmine -o jsonpath={.status.conditions[*].type}
[08:42:46] Job 'parsec-freqmine' completed successfully (31s)
[08:42:46] $ kubectl get pods --selector=job-name=parsec-freqmine --output=jsonpath={.items[*].metadata.name}
[08:42:46] $ kubectl logs parsec-freqmine-q7rr9
[08:42:47] Execution time: 10.4s
[08:42:47] Cleaning up jobs and pods...
[08:42:47] $ kubectl delete jobs --all
job.batch "parsec-freqmine" deleted from default namespace
[08:42:47] $ kubectl delete pods --all
pod "ibench-membw" deleted from default namespace
[08:43:28] Results saved to part2a-experiments/run3/results.csv
[08:43:28] 
Progress: 47/49 (Run 3)
[08:43:28] 
============================================================
[08:43:28]   Benchmark:    radix
[08:43:28]   Interference: ibench-membw
[08:43:28] ============================================================
[08:43:28] Cleaning up jobs and pods...
[08:43:28] $ kubectl delete jobs --all
No resources found
[08:43:28] $ kubectl delete pods --all
No resources found
[08:43:38] Starting interference: ibench-membw
[08:43:38] $ kubectl create -f interference/part2a/ibench-membw.yaml
pod/ibench-membw created
[08:43:38] Waiting 30s for interference to stabilise...
[08:44:08] $ kubectl get pods -o wide
[08:44:09] Pods:
NAME           READY   STATUS    RESTARTS   AGE   IP             NODE                 NOMINATED NODE   READINESS GATES
ibench-membw   1/1     Running   0          30s   100.96.1.180   parsec-server-plp1   <none>           <none>

[08:44:09] Starting benchmark: radix
[08:44:09] $ kubectl create -f parsec-benchmarks/part2a/parsec-radix.yaml
job.batch/parsec-radix created
[08:44:09] Waiting for job 'parsec-radix' to complete...
[08:44:09] $ kubectl get jobs parsec-radix -o jsonpath={.status.conditions[*].type}
[08:44:09]   Still running... (0s elapsed)
[08:44:24] $ kubectl get jobs parsec-radix -o jsonpath={.status.conditions[*].type}
[08:44:24]   Still running... (15s elapsed)
[08:44:39] $ kubectl get jobs parsec-radix -o jsonpath={.status.conditions[*].type}
[08:44:39]   Still running... (30s elapsed)
[08:44:54] $ kubectl get jobs parsec-radix -o jsonpath={.status.conditions[*].type}
[08:44:55]   Still running... (46s elapsed)
[08:45:10] $ kubectl get jobs parsec-radix -o jsonpath={.status.conditions[*].type}
[08:45:10]   Still running... (61s elapsed)
[08:45:25] $ kubectl get jobs parsec-radix -o jsonpath={.status.conditions[*].type}
[08:45:25]   Still running... (76s elapsed)
[08:45:40] $ kubectl get jobs parsec-radix -o jsonpath={.status.conditions[*].type}
[08:45:41]   Still running... (92s elapsed)
[08:45:56] $ kubectl get jobs parsec-radix -o jsonpath={.status.conditions[*].type}
[08:45:56] Job 'parsec-radix' completed successfully (107s)
[08:45:56] $ kubectl get pods --selector=job-name=parsec-radix --output=jsonpath={.items[*].metadata.name}
[08:45:56] $ kubectl logs parsec-radix-8xwrz
[08:45:56] Execution time: 91.2s
[08:45:56] Cleaning up jobs and pods...
[08:45:56] $ kubectl delete jobs --all
job.batch "parsec-radix" deleted from default namespace
[08:45:56] $ kubectl delete pods --all
pod "ibench-membw" deleted from default namespace
[08:46:37] Results saved to part2a-experiments/run3/results.csv
[08:46:37] 
Progress: 48/49 (Run 3)
[08:46:37] 
============================================================
[08:46:37]   Benchmark:    streamcluster
[08:46:37]   Interference: ibench-membw
[08:46:37] ============================================================
[08:46:37] Cleaning up jobs and pods...
[08:46:37] $ kubectl delete jobs --all
No resources found
[08:46:38] $ kubectl delete pods --all
No resources found
[08:46:48] Starting interference: ibench-membw
[08:46:48] $ kubectl create -f interference/part2a/ibench-membw.yaml
pod/ibench-membw created
[08:46:48] Waiting 30s for interference to stabilise...
[08:47:18] $ kubectl get pods -o wide
[08:47:18] Pods:
NAME           READY   STATUS    RESTARTS   AGE   IP             NODE                 NOMINATED NODE   READINESS GATES
ibench-membw   1/1     Running   0          31s   100.96.1.182   parsec-server-plp1   <none>           <none>

[08:47:18] Starting benchmark: streamcluster
[08:47:18] $ kubectl create -f parsec-benchmarks/part2a/parsec-streamcluster.yaml
job.batch/parsec-streamcluster created
[08:47:19] Waiting for job 'parsec-streamcluster' to complete...
[08:47:19] $ kubectl get jobs parsec-streamcluster -o jsonpath={.status.conditions[*].type}
[08:47:19]   Still running... (0s elapsed)
[08:47:34] $ kubectl get jobs parsec-streamcluster -o jsonpath={.status.conditions[*].type}
[08:47:34]   Still running... (15s elapsed)
[08:47:49] $ kubectl get jobs parsec-streamcluster -o jsonpath={.status.conditions[*].type}
[08:47:49] Job 'parsec-streamcluster' completed successfully (30s)
[08:47:49] $ kubectl get pods --selector=job-name=parsec-streamcluster --output=jsonpath={.items[*].metadata.name}
[08:47:49] $ kubectl logs parsec-streamcluster-szws9
[08:47:50] Execution time: 14.7s
[08:47:50] Cleaning up jobs and pods...
[08:47:50] $ kubectl delete jobs --all
job.batch "parsec-streamcluster" deleted from default namespace
[08:47:50] $ kubectl delete pods --all
pod "ibench-membw" deleted from default namespace
[08:48:31] Results saved to part2a-experiments/run3/results.csv
[08:48:31] 
Progress: 49/49 (Run 3)
[08:48:31] 
============================================================
[08:48:31]   Benchmark:    vips
[08:48:31]   Interference: ibench-membw
[08:48:31] ============================================================
[08:48:31] Cleaning up jobs and pods...
[08:48:31] $ kubectl delete jobs --all
No resources found
[08:48:31] $ kubectl delete pods --all
No resources found
[08:48:41] Starting interference: ibench-membw
[08:48:41] $ kubectl create -f interference/part2a/ibench-membw.yaml
pod/ibench-membw created
[08:48:41] Waiting 30s for interference to stabilise...
[08:49:11] $ kubectl get pods -o wide
[08:49:12] Pods:
NAME           READY   STATUS    RESTARTS   AGE   IP             NODE                 NOMINATED NODE   READINESS GATES
ibench-membw   1/1     Running   0          30s   100.96.1.184   parsec-server-plp1   <none>           <none>

[08:49:12] Starting benchmark: vips
[08:49:12] $ kubectl create -f parsec-benchmarks/part2a/parsec-vips.yaml
job.batch/parsec-vips created
[08:49:12] Waiting for job 'parsec-vips' to complete...
[08:49:12] $ kubectl get jobs parsec-vips -o jsonpath={.status.conditions[*].type}
[08:49:12]   Still running... (0s elapsed)
[08:49:27] $ kubectl get jobs parsec-vips -o jsonpath={.status.conditions[*].type}
[08:49:27]   Still running... (15s elapsed)
[08:49:42] $ kubectl get jobs parsec-vips -o jsonpath={.status.conditions[*].type}
[08:49:43]   Still running... (30s elapsed)
[08:49:58] $ kubectl get jobs parsec-vips -o jsonpath={.status.conditions[*].type}
[08:49:58]   Still running... (46s elapsed)
[08:50:13] $ kubectl get jobs parsec-vips -o jsonpath={.status.conditions[*].type}
[08:50:13]   Still running... (61s elapsed)
[08:50:28] $ kubectl get jobs parsec-vips -o jsonpath={.status.conditions[*].type}
[08:50:28]   Still running... (76s elapsed)
[08:50:43] $ kubectl get jobs parsec-vips -o jsonpath={.status.conditions[*].type}
[08:50:44]   Still running... (92s elapsed)
[08:50:59] $ kubectl get jobs parsec-vips -o jsonpath={.status.conditions[*].type}
[08:50:59]   Still running... (107s elapsed)
[08:51:14] $ kubectl get jobs parsec-vips -o jsonpath={.status.conditions[*].type}
[08:51:14]   Still running... (122s elapsed)
[08:51:29] $ kubectl get jobs parsec-vips -o jsonpath={.status.conditions[*].type}
[08:51:30]   Still running... (137s elapsed)
[08:51:45] $ kubectl get jobs parsec-vips -o jsonpath={.status.conditions[*].type}
[08:51:45]   Still running... (153s elapsed)
[08:52:00] $ kubectl get jobs parsec-vips -o jsonpath={.status.conditions[*].type}
[08:52:00]   Still running... (168s elapsed)
[08:52:15] $ kubectl get jobs parsec-vips -o jsonpath={.status.conditions[*].type}
[08:52:15]   Still running... (183s elapsed)
[08:52:30] $ kubectl get jobs parsec-vips -o jsonpath={.status.conditions[*].type}
[08:52:31]   Still running... (199s elapsed)
[08:52:46] $ kubectl get jobs parsec-vips -o jsonpath={.status.conditions[*].type}
[08:52:46]   Still running... (214s elapsed)
[08:53:01] $ kubectl get jobs parsec-vips -o jsonpath={.status.conditions[*].type}
[08:53:01] Job 'parsec-vips' completed successfully (229s)
[08:53:01] $ kubectl get pods --selector=job-name=parsec-vips --output=jsonpath={.items[*].metadata.name}
[08:53:01] $ kubectl logs parsec-vips-h5spf
[08:53:02] Execution time: 193.0s
[08:53:02] Cleaning up jobs and pods...
[08:53:02] $ kubectl delete jobs --all
job.batch "parsec-vips" deleted from default namespace
[08:53:02] $ kubectl delete pods --all
pod "ibench-membw" deleted from default namespace
[08:53:43] Results saved to part2a-experiments/run3/results.csv
[08:53:43] 
============================================================
[08:53:43] Run 3 done! Results in part2a-experiments/run3
[08:53:43] ============================================================
[08:53:43] Deleting cluster...
[08:53:43] $ kops delete cluster part2a.k8s.local --yes
I0504 08:53:44.423273   42143 delete_cluster.go:143] Looking for cloud resources to delete
I0504 08:53:45.006402   42143 gce.go:97] Scanning zones: [europe-west1-b europe-west1-d europe-west1-c]
TYPE			NAME							ID
Address			api-europe-west1-part2a-k8s-local			api-europe-west1-part2a-k8s-local
Address			api-part2a-k8s-local					api-part2a-k8s-local
BackendService		api-part2a-k8s-local					api-part2a-k8s-local
Disk			a-etcd-events-part2a-k8s-local				a-etcd-events-part2a-k8s-local
Disk			a-etcd-main-part2a-k8s-local				a-etcd-main-part2a-k8s-local
FirewallRule		https-api-ipv6-part2a-k8s-local				https-api-ipv6-part2a-k8s-local
FirewallRule		https-api-part2a-k8s-local				https-api-part2a-k8s-local
FirewallRule		kops-controller-ipv6-part2a-k8s-local			kops-controller-ipv6-part2a-k8s-local
FirewallRule		kops-controller-part2a-k8s-local			kops-controller-part2a-k8s-local
FirewallRule		lb-health-checks-part2a-k8s-local			lb-health-checks-part2a-k8s-local
FirewallRule		master-to-master-part2a-k8s-local			master-to-master-part2a-k8s-local
FirewallRule		master-to-node-part2a-k8s-local				master-to-node-part2a-k8s-local
FirewallRule		node-to-master-part2a-k8s-local				node-to-master-part2a-k8s-local
FirewallRule		node-to-node-part2a-k8s-local				node-to-node-part2a-k8s-local
FirewallRule		nodeport-external-to-node-ipv6-part2a-k8s-local		nodeport-external-to-node-ipv6-part2a-k8s-local
FirewallRule		nodeport-external-to-node-part2a-k8s-local		nodeport-external-to-node-part2a-k8s-local
FirewallRule		pod-cidrs-to-node-ipv6-part2a-k8s-local			pod-cidrs-to-node-ipv6-part2a-k8s-local
FirewallRule		pod-cidrs-to-node-part2a-k8s-local			pod-cidrs-to-node-part2a-k8s-local
FirewallRule		ssh-external-to-master-ipv6-part2a-k8s-local		ssh-external-to-master-ipv6-part2a-k8s-local
FirewallRule		ssh-external-to-master-part2a-k8s-local			ssh-external-to-master-part2a-k8s-local
FirewallRule		ssh-external-to-node-ipv6-part2a-k8s-local		ssh-external-to-node-ipv6-part2a-k8s-local
FirewallRule		ssh-external-to-node-part2a-k8s-local			ssh-external-to-node-part2a-k8s-local
ForwardingRule		api-europe-west1-part2a-k8s-local			api-europe-west1-part2a-k8s-local
ForwardingRule		api-part2a-k8s-local					api-part2a-k8s-local
ForwardingRule		kops-controller-europe-west1-part2a-k8s-local		kops-controller-europe-west1-part2a-k8s-local
HTTP HealthCheck	api-part2a-k8s-local					api-part2a-k8s-local
HealthCheck		api-part2a-k8s-local					api-part2a-k8s-local
Instance		master-europe-west1-b-2bs7				europe-west1-b/master-europe-west1-b-2bs7
Instance		parsec-server-plp1					europe-west1-b/parsec-server-plp1
InstanceGroupManager	b-master-europe-west1-b-part2a-k8s-local		europe-west1-b/b-master-europe-west1-b-part2a-k8s-local
InstanceGroupManager	b-parsec-server-part2a-k8s-local			europe-west1-b/b-parsec-server-part2a-k8s-local
InstanceTemplate	master-europe-west1-b-par-itvn9c-1777859761		master-europe-west1-b-par-itvn9c-1777859761
InstanceTemplate	parsec-server-part2a-k8s-local-1777859761		parsec-server-part2a-k8s-local-1777859761
Network			part2a-k8s-local					part2a-k8s-local
Route			part2a-k8s-local-b38b4142-9731-4e92-8eab-1666803cd222	part2a-k8s-local-b38b4142-9731-4e92-8eab-1666803cd222
Route			part2a-k8s-local-edff2c46-eb30-4a07-981c-d9ac3f6ba620	part2a-k8s-local-edff2c46-eb30-4a07-981c-d9ac3f6ba620
Subnet			europe-west1-part2a-k8s-local				europe-west1-part2a-k8s-local
TargetPool		api-part2a-k8s-local					api-part2a-k8s-local

Address:api-europe-west1-part2a-k8s-local	error deleting resources, will retry: error deleting Address https://www.googleapis.com/compute/v1/projects/cca-eth-2026-group-087/regions/europe-west1/addresses/api-europe-west1-part2a-k8s-local: googleapi: Error 400: The address resource 'projects/cca-eth-2026-group-087/regions/europe-west1/addresses/api-europe-west1-part2a-k8s-local' is already being used by 'projects/cca-eth-2026-group-087/regions/europe-west1/forwardingRules/api-europe-west1-part2a-k8s-local', resourceInUseByAnotherResource
HealthCheck:api-part2a-k8s-local	still has dependencies, will retry
BackendService:api-part2a-k8s-local	still has dependencies, will retry
Address:api-part2a-k8s-local	ok
E0504 08:53:54.902563   42143 op.go:137] GCE operation failed: googleapi: Error 400: The instance_group_manager resource 'projects/cca-eth-2026-group-087/zones/europe-west1-b/instanceGroupManagers/b-master-europe-west1-b-part2a-k8s-local' is already being used by 'projects/cca-eth-2026-group-087/regions/europe-west1/backendServices/api-part2a-k8s-local'
InstanceGroupManager:europe-west1-b/b-master-europe-west1-b-part2a-k8s-local	error deleting resources, will retry: googleapi: Error 400: The instance_group_manager resource 'projects/cca-eth-2026-group-087/zones/europe-west1-b/instanceGroupManagers/b-master-europe-west1-b-part2a-k8s-local' is already being used by 'projects/cca-eth-2026-group-087/regions/europe-west1/backendServices/api-part2a-k8s-local'
FirewallRule:nodeport-external-to-node-part2a-k8s-local	ok
FirewallRule:ssh-external-to-master-ipv6-part2a-k8s-local	ok
FirewallRule:kops-controller-ipv6-part2a-k8s-local	ok
FirewallRule:ssh-external-to-node-ipv6-part2a-k8s-local	ok
FirewallRule:nodeport-external-to-node-ipv6-part2a-k8s-local	ok
FirewallRule:pod-cidrs-to-node-ipv6-part2a-k8s-local	ok
FirewallRule:https-api-ipv6-part2a-k8s-local	ok
FirewallRule:node-to-node-part2a-k8s-local	ok
FirewallRule:master-to-master-part2a-k8s-local	ok
FirewallRule:kops-controller-part2a-k8s-local	ok
FirewallRule:ssh-external-to-master-part2a-k8s-local	ok
FirewallRule:master-to-node-part2a-k8s-local	ok
FirewallRule:lb-health-checks-part2a-k8s-local	ok
FirewallRule:pod-cidrs-to-node-part2a-k8s-local	ok
FirewallRule:https-api-part2a-k8s-local	ok
FirewallRule:ssh-external-to-node-part2a-k8s-local	ok
FirewallRule:node-to-master-part2a-k8s-local	ok
ForwardingRule:api-europe-west1-part2a-k8s-local	ok
ForwardingRule:kops-controller-europe-west1-part2a-k8s-local	ok
Instance:europe-west1-b/master-europe-west1-b-2bs7	ok
ForwardingRule:api-part2a-k8s-local	ok
Instance:europe-west1-b/parsec-server-plp1	ok
I0504 08:55:04.514297   42143 op.go:123] waitForOperation: long operation (1m12.77458375s): {"endTime":"2026-05-03T23:55:06.679-07:00","id":"2254679051167202414","insertTime":"2026-05-03T23:53:53.948-07:00","kind":"compute#operation","name":"operation-1777877633818-650f864d15d9d-d11d7210-ccb82dbc","operationType":"compute.instanceGroupManagers.delete","progress":100,"selfLink":"https://www.googleapis.com/compute/v1/projects/cca-eth-2026-group-087/zones/europe-west1-b/operations/operation-1777877633818-650f864d15d9d-d11d7210-ccb82dbc","startTime":"2026-05-03T23:53:53.952-07:00","status":"DONE","targetId":"3457103051747902039","targetLink":"https://www.googleapis.com/compute/v1/projects/cca-eth-2026-group-087/zones/europe-west1-b/instanceGroupManagers/b-parsec-server-part2a-k8s-local","user":"anikiforova@student.ethz.ch","zone":"https://www.googleapis.com/compute/v1/projects/cca-eth-2026-group-087/zones/europe-west1-b"}
InstanceGroupManager:europe-west1-b/b-parsec-server-part2a-k8s-local	ok
Disk:a-etcd-main-part2a-k8s-local	ok
Disk:a-etcd-events-part2a-k8s-local	ok
InstanceTemplate:parsec-server-part2a-k8s-local-1777859761	ok
TargetPool:api-part2a-k8s-local	ok
Route:part2a-k8s-local-edff2c46-eb30-4a07-981c-d9ac3f6ba620	ok
Route:part2a-k8s-local-b38b4142-9731-4e92-8eab-1666803cd222	ok
HTTP HealthCheck:api-part2a-k8s-local	ok
Not all resources deleted; waiting before reattempting deletion
	Network:part2a-k8s-local
	InstanceTemplate:master-europe-west1-b-par-itvn9c-1777859761
	HealthCheck:api-part2a-k8s-local
	BackendService:api-part2a-k8s-local
	Subnet:europe-west1-part2a-k8s-local
	Address:api-europe-west1-part2a-k8s-local
	InstanceGroupManager:europe-west1-b/b-master-europe-west1-b-part2a-k8s-local
HealthCheck:api-part2a-k8s-local	still has dependencies, will retry
Address:api-europe-west1-part2a-k8s-local	ok
E0504 08:55:28.517184   42143 op.go:137] GCE operation failed: googleapi: Error 400: The instance_group_manager resource 'projects/cca-eth-2026-group-087/zones/europe-west1-b/instanceGroupManagers/b-master-europe-west1-b-part2a-k8s-local' is already being used by 'projects/cca-eth-2026-group-087/regions/europe-west1/backendServices/api-part2a-k8s-local'
InstanceGroupManager:europe-west1-b/b-master-europe-west1-b-part2a-k8s-local	error deleting resources, will retry: googleapi: Error 400: The instance_group_manager resource 'projects/cca-eth-2026-group-087/zones/europe-west1-b/instanceGroupManagers/b-master-europe-west1-b-part2a-k8s-local' is already being used by 'projects/cca-eth-2026-group-087/regions/europe-west1/backendServices/api-part2a-k8s-local'
BackendService:api-part2a-k8s-local	ok
Not all resources deleted; waiting before reattempting deletion
	Subnet:europe-west1-part2a-k8s-local
	InstanceGroupManager:europe-west1-b/b-master-europe-west1-b-part2a-k8s-local
	Network:part2a-k8s-local
	InstanceTemplate:master-europe-west1-b-par-itvn9c-1777859761
	HealthCheck:api-part2a-k8s-local
HealthCheck:api-part2a-k8s-local	ok
InstanceGroupManager:europe-west1-b/b-master-europe-west1-b-part2a-k8s-local	ok
InstanceTemplate:master-europe-west1-b-par-itvn9c-1777859761	ok
Subnet:europe-west1-part2a-k8s-local	ok
Network:part2a-k8s-local	ok
Deleted kubectl config for part2a.k8s.local

Deleted cluster: "part2a.k8s.local"
[08:57:43] Cluster deleted successfully.
[08:57:43] 
All runs completed!
