[18:01:39] 
############################################################
[18:01:39]   Starting Run 1
[18:01:39] ############################################################
[18:01:39] Output directory: part2b-experiments/run1
[18:01:39] Total experiments: 7 x 4 = 28
[18:01:39] Labelling parsec node...
[18:01:39] $ kubectl get nodes -o wide
[18:01:39] Found parsec node: parsec-server-z4n1
[18:01:39] $ kubectl label nodes parsec-server-z4n1 cca-project-nodetype=parsec --overwrite
node/parsec-server-z4n1 not labeled
[18:01:39] 
Progress: 1/28 (Run 1)
[18:01:39] 
============================================================
[18:01:39]   Benchmark:    barnes
[18:01:39]   Threads:      1
[18:01:39] ============================================================
[18:01:39] Cleaning up jobs and pods...
[18:01:39] $ kubectl delete jobs --all
No resources found
[18:01:39] $ kubectl delete pods --all
No resources found
[18:01:49] Starting benchmark: barnes with 1 thread(s)
[18:01:49] $ kubectl create -f /var/folders/4g/q_cgnrh92f19vvbrw_hg6j340000gn/T/parsec-barnes-t1-e5w3crlr.yaml
job.batch/parsec-barnes created
[18:01:49] Waiting for job 'parsec-barnes' to complete...
[18:01:49] $ kubectl get jobs parsec-barnes -o jsonpath={.status.conditions[*].type}
[18:01:49]   Still running... (0s elapsed)
[18:02:04] $ kubectl get jobs parsec-barnes -o jsonpath={.status.conditions[*].type}
[18:02:05]   Still running... (15s elapsed)
[18:02:20] $ kubectl get jobs parsec-barnes -o jsonpath={.status.conditions[*].type}
[18:02:20]   Still running... (30s elapsed)
[18:02:35] $ kubectl get jobs parsec-barnes -o jsonpath={.status.conditions[*].type}
[18:02:35]   Still running... (46s elapsed)
[18:02:50] $ kubectl get jobs parsec-barnes -o jsonpath={.status.conditions[*].type}
[18:02:50]   Still running... (61s elapsed)
[18:03:05] $ kubectl get jobs parsec-barnes -o jsonpath={.status.conditions[*].type}
[18:03:05]   Still running... (76s elapsed)
[18:03:20] $ kubectl get jobs parsec-barnes -o jsonpath={.status.conditions[*].type}
[18:03:20]   Still running... (91s elapsed)
[18:03:35] $ kubectl get jobs parsec-barnes -o jsonpath={.status.conditions[*].type}
[18:03:36]   Still running... (106s elapsed)
[18:03:51] $ kubectl get jobs parsec-barnes -o jsonpath={.status.conditions[*].type}
[18:03:51] Job 'parsec-barnes' completed successfully (121s)
[18:03:51] $ kubectl get pods --selector=job-name=parsec-barnes --output=jsonpath={.items[*].metadata.name}
[18:03:51] $ kubectl logs parsec-barnes-85kb9
[18:03:51] Execution time: 109.9s
[18:03:51] Cleaning up jobs and pods...
[18:03:51] $ kubectl delete jobs --all
job.batch "parsec-barnes" deleted from default namespace
[18:03:51] $ kubectl delete pods --all
No resources found
[18:04:01] Results saved to part2b-experiments/run1/results.csv
[18:04:01] 
Progress: 2/28 (Run 1)
[18:04:01] 
============================================================
[18:04:01]   Benchmark:    barnes
[18:04:01]   Threads:      2
[18:04:01] ============================================================
[18:04:01] Cleaning up jobs and pods...
[18:04:01] $ kubectl delete jobs --all
No resources found
[18:04:01] $ kubectl delete pods --all
No resources found
[18:04:12] Starting benchmark: barnes with 2 thread(s)
[18:04:12] $ kubectl create -f /var/folders/4g/q_cgnrh92f19vvbrw_hg6j340000gn/T/parsec-barnes-t2-h9xk1zxs.yaml
job.batch/parsec-barnes created
[18:04:12] Waiting for job 'parsec-barnes' to complete...
[18:04:12] $ kubectl get jobs parsec-barnes -o jsonpath={.status.conditions[*].type}
[18:04:12]   Still running... (0s elapsed)
[18:04:27] $ kubectl get jobs parsec-barnes -o jsonpath={.status.conditions[*].type}
[18:04:27]   Still running... (15s elapsed)
[18:04:42] $ kubectl get jobs parsec-barnes -o jsonpath={.status.conditions[*].type}
[18:04:42]   Still running... (30s elapsed)
[18:04:57] $ kubectl get jobs parsec-barnes -o jsonpath={.status.conditions[*].type}
[18:04:57]   Still running... (46s elapsed)
[18:05:12] $ kubectl get jobs parsec-barnes -o jsonpath={.status.conditions[*].type}
[18:05:13] Job 'parsec-barnes' completed successfully (61s)
[18:05:13] $ kubectl get pods --selector=job-name=parsec-barnes --output=jsonpath={.items[*].metadata.name}
[18:05:13] $ kubectl logs parsec-barnes-87t7c
[18:05:13] Execution time: 56.0s
[18:05:13] Cleaning up jobs and pods...
[18:05:13] $ kubectl delete jobs --all
job.batch "parsec-barnes" deleted from default namespace
[18:05:13] $ kubectl delete pods --all
No resources found
[18:05:23] Results saved to part2b-experiments/run1/results.csv
[18:05:23] 
Progress: 3/28 (Run 1)
[18:05:23] 
============================================================
[18:05:23]   Benchmark:    barnes
[18:05:23]   Threads:      4
[18:05:23] ============================================================
[18:05:23] Cleaning up jobs and pods...
[18:05:23] $ kubectl delete jobs --all
No resources found
[18:05:23] $ kubectl delete pods --all
No resources found
[18:05:33] Starting benchmark: barnes with 4 thread(s)
[18:05:33] $ kubectl create -f /var/folders/4g/q_cgnrh92f19vvbrw_hg6j340000gn/T/parsec-barnes-t4-z92m8vit.yaml
job.batch/parsec-barnes created
[18:05:34] Waiting for job 'parsec-barnes' to complete...
[18:05:34] $ kubectl get jobs parsec-barnes -o jsonpath={.status.conditions[*].type}
[18:05:34]   Still running... (0s elapsed)
[18:05:49] $ kubectl get jobs parsec-barnes -o jsonpath={.status.conditions[*].type}
[18:05:49]   Still running... (15s elapsed)
[18:06:04] $ kubectl get jobs parsec-barnes -o jsonpath={.status.conditions[*].type}
[18:06:04]   Still running... (30s elapsed)
[18:06:19] $ kubectl get jobs parsec-barnes -o jsonpath={.status.conditions[*].type}
[18:06:19] Job 'parsec-barnes' completed successfully (46s)
[18:06:19] $ kubectl get pods --selector=job-name=parsec-barnes --output=jsonpath={.items[*].metadata.name}
[18:06:19] $ kubectl logs parsec-barnes-brzhg
[18:06:20] Execution time: 29.3s
[18:06:20] Cleaning up jobs and pods...
[18:06:20] $ kubectl delete jobs --all
job.batch "parsec-barnes" deleted from default namespace
[18:06:20] $ kubectl delete pods --all
No resources found
[18:06:30] Results saved to part2b-experiments/run1/results.csv
[18:06:30] 
Progress: 4/28 (Run 1)
[18:06:30] 
============================================================
[18:06:30]   Benchmark:    barnes
[18:06:30]   Threads:      8
[18:06:30] ============================================================
[18:06:30] Cleaning up jobs and pods...
[18:06:30] $ kubectl delete jobs --all
No resources found
[18:06:30] $ kubectl delete pods --all
No resources found
[18:06:40] Starting benchmark: barnes with 8 thread(s)
[18:06:40] $ kubectl create -f /var/folders/4g/q_cgnrh92f19vvbrw_hg6j340000gn/T/parsec-barnes-t8-l2zq791m.yaml
job.batch/parsec-barnes created
[18:06:40] Waiting for job 'parsec-barnes' to complete...
[18:06:40] $ kubectl get jobs parsec-barnes -o jsonpath={.status.conditions[*].type}
[18:06:41]   Still running... (0s elapsed)
[18:06:56] $ kubectl get jobs parsec-barnes -o jsonpath={.status.conditions[*].type}
[18:06:56]   Still running... (15s elapsed)
[18:07:11] $ kubectl get jobs parsec-barnes -o jsonpath={.status.conditions[*].type}
[18:07:11] Job 'parsec-barnes' completed successfully (30s)
[18:07:11] $ kubectl get pods --selector=job-name=parsec-barnes --output=jsonpath={.items[*].metadata.name}
[18:07:11] $ kubectl logs parsec-barnes-ft5wx
[18:07:11] Execution time: 22.7s
[18:07:11] Cleaning up jobs and pods...
[18:07:11] $ kubectl delete jobs --all
job.batch "parsec-barnes" deleted from default namespace
[18:07:11] $ kubectl delete pods --all
No resources found
[18:07:21] Results saved to part2b-experiments/run1/results.csv
[18:07:21] 
Progress: 5/28 (Run 1)
[18:07:21] 
============================================================
[18:07:21]   Benchmark:    blackscholes
[18:07:21]   Threads:      1
[18:07:21] ============================================================
[18:07:21] Cleaning up jobs and pods...
[18:07:21] $ kubectl delete jobs --all
No resources found
[18:07:22] $ kubectl delete pods --all
No resources found
[18:07:32] Starting benchmark: blackscholes with 1 thread(s)
[18:07:32] $ kubectl create -f /var/folders/4g/q_cgnrh92f19vvbrw_hg6j340000gn/T/parsec-blackscholes-t1-0hdi4mki.yaml
job.batch/parsec-blackscholes created
[18:07:32] Waiting for job 'parsec-blackscholes' to complete...
[18:07:32] $ kubectl get jobs parsec-blackscholes -o jsonpath={.status.conditions[*].type}
[18:07:32]   Still running... (0s elapsed)
[18:07:47] $ kubectl get jobs parsec-blackscholes -o jsonpath={.status.conditions[*].type}
[18:07:47]   Still running... (15s elapsed)
[18:08:02] $ kubectl get jobs parsec-blackscholes -o jsonpath={.status.conditions[*].type}
[18:08:02]   Still running... (30s elapsed)
[18:08:17] $ kubectl get jobs parsec-blackscholes -o jsonpath={.status.conditions[*].type}
[18:08:18]   Still running... (45s elapsed)
[18:08:33] $ kubectl get jobs parsec-blackscholes -o jsonpath={.status.conditions[*].type}
[18:08:33]   Still running... (61s elapsed)
[18:08:48] $ kubectl get jobs parsec-blackscholes -o jsonpath={.status.conditions[*].type}
[18:08:48]   Still running... (76s elapsed)
[18:09:03] $ kubectl get jobs parsec-blackscholes -o jsonpath={.status.conditions[*].type}
[18:09:03] Job 'parsec-blackscholes' completed successfully (91s)
[18:09:03] $ kubectl get pods --selector=job-name=parsec-blackscholes --output=jsonpath={.items[*].metadata.name}
[18:09:03] $ kubectl logs parsec-blackscholes-qj5zr
[18:09:04] Execution time: 65.3s
[18:09:04] Cleaning up jobs and pods...
[18:09:04] $ kubectl delete jobs --all
job.batch "parsec-blackscholes" deleted from default namespace
[18:09:04] $ kubectl delete pods --all
No resources found
[18:09:14] Results saved to part2b-experiments/run1/results.csv
[18:09:14] 
Progress: 6/28 (Run 1)
[18:09:14] 
============================================================
[18:09:14]   Benchmark:    blackscholes
[18:09:14]   Threads:      2
[18:09:14] ============================================================
[18:09:14] Cleaning up jobs and pods...
[18:09:14] $ kubectl delete jobs --all
No resources found
[18:09:14] $ kubectl delete pods --all
No resources found
[18:09:24] Starting benchmark: blackscholes with 2 thread(s)
[18:09:24] $ kubectl create -f /var/folders/4g/q_cgnrh92f19vvbrw_hg6j340000gn/T/parsec-blackscholes-t2-m6wb60cj.yaml
job.batch/parsec-blackscholes created
[18:09:25] Waiting for job 'parsec-blackscholes' to complete...
[18:09:25] $ kubectl get jobs parsec-blackscholes -o jsonpath={.status.conditions[*].type}
[18:09:25]   Still running... (0s elapsed)
[18:09:40] $ kubectl get jobs parsec-blackscholes -o jsonpath={.status.conditions[*].type}
[18:09:40]   Still running... (15s elapsed)
[18:09:55] $ kubectl get jobs parsec-blackscholes -o jsonpath={.status.conditions[*].type}
[18:09:55]   Still running... (30s elapsed)
[18:10:10] $ kubectl get jobs parsec-blackscholes -o jsonpath={.status.conditions[*].type}
[18:10:10] Job 'parsec-blackscholes' completed successfully (46s)
[18:10:10] $ kubectl get pods --selector=job-name=parsec-blackscholes --output=jsonpath={.items[*].metadata.name}
[18:10:10] $ kubectl logs parsec-blackscholes-2v4sf
[18:10:11] Execution time: 38.2s
[18:10:11] Cleaning up jobs and pods...
[18:10:11] $ kubectl delete jobs --all
job.batch "parsec-blackscholes" deleted from default namespace
[18:10:11] $ kubectl delete pods --all
No resources found
[18:10:21] Results saved to part2b-experiments/run1/results.csv
[18:10:21] 
Progress: 7/28 (Run 1)
[18:10:21] 
============================================================
[18:10:21]   Benchmark:    blackscholes
[18:10:21]   Threads:      4
[18:10:21] ============================================================
[18:10:21] Cleaning up jobs and pods...
[18:10:21] $ kubectl delete jobs --all
No resources found
[18:10:21] $ kubectl delete pods --all
No resources found
[18:10:31] Starting benchmark: blackscholes with 4 thread(s)
[18:10:31] $ kubectl create -f /var/folders/4g/q_cgnrh92f19vvbrw_hg6j340000gn/T/parsec-blackscholes-t4-o3uf874n.yaml
job.batch/parsec-blackscholes created
[18:10:31] Waiting for job 'parsec-blackscholes' to complete...
[18:10:31] $ kubectl get jobs parsec-blackscholes -o jsonpath={.status.conditions[*].type}
[18:10:31]   Still running... (0s elapsed)
[18:10:46] $ kubectl get jobs parsec-blackscholes -o jsonpath={.status.conditions[*].type}
[18:10:47]   Still running... (15s elapsed)
[18:11:02] $ kubectl get jobs parsec-blackscholes -o jsonpath={.status.conditions[*].type}
[18:11:02]   Still running... (30s elapsed)
[18:11:17] $ kubectl get jobs parsec-blackscholes -o jsonpath={.status.conditions[*].type}
[18:11:17] Job 'parsec-blackscholes' completed successfully (46s)
[18:11:17] $ kubectl get pods --selector=job-name=parsec-blackscholes --output=jsonpath={.items[*].metadata.name}
[18:11:17] $ kubectl logs parsec-blackscholes-pzgfz
[18:11:17] Execution time: 25.0s
[18:11:17] Cleaning up jobs and pods...
[18:11:17] $ kubectl delete jobs --all
job.batch "parsec-blackscholes" deleted from default namespace
[18:11:17] $ kubectl delete pods --all
No resources found
[18:11:27] Results saved to part2b-experiments/run1/results.csv
[18:11:27] 
Progress: 8/28 (Run 1)
[18:11:27] 
============================================================
[18:11:27]   Benchmark:    blackscholes
[18:11:27]   Threads:      8
[18:11:27] ============================================================
[18:11:27] Cleaning up jobs and pods...
[18:11:27] $ kubectl delete jobs --all
No resources found
[18:11:28] $ kubectl delete pods --all
No resources found
[18:11:38] Starting benchmark: blackscholes with 8 thread(s)
[18:11:38] $ kubectl create -f /var/folders/4g/q_cgnrh92f19vvbrw_hg6j340000gn/T/parsec-blackscholes-t8-eto9u3oa.yaml
job.batch/parsec-blackscholes created
[18:11:38] Waiting for job 'parsec-blackscholes' to complete...
[18:11:38] $ kubectl get jobs parsec-blackscholes -o jsonpath={.status.conditions[*].type}
[18:11:38]   Still running... (0s elapsed)
[18:11:53] $ kubectl get jobs parsec-blackscholes -o jsonpath={.status.conditions[*].type}
[18:11:53]   Still running... (15s elapsed)
[18:12:08] $ kubectl get jobs parsec-blackscholes -o jsonpath={.status.conditions[*].type}
[18:12:09] Job 'parsec-blackscholes' completed successfully (30s)
[18:12:09] $ kubectl get pods --selector=job-name=parsec-blackscholes --output=jsonpath={.items[*].metadata.name}
[18:12:09] $ kubectl logs parsec-blackscholes-hgzvl
[18:12:09] Execution time: 21.3s
[18:12:09] Cleaning up jobs and pods...
[18:12:09] $ kubectl delete jobs --all
job.batch "parsec-blackscholes" deleted from default namespace
[18:12:09] $ kubectl delete pods --all
No resources found
[18:12:19] Results saved to part2b-experiments/run1/results.csv
[18:12:19] 
Progress: 9/28 (Run 1)
[18:12:19] 
============================================================
[18:12:19]   Benchmark:    canneal
[18:12:19]   Threads:      1
[18:12:19] ============================================================
[18:12:19] Cleaning up jobs and pods...
[18:12:19] $ kubectl delete jobs --all
No resources found
[18:12:19] $ kubectl delete pods --all
No resources found
[18:12:29] Starting benchmark: canneal with 1 thread(s)
[18:12:30] $ kubectl create -f /var/folders/4g/q_cgnrh92f19vvbrw_hg6j340000gn/T/parsec-canneal-t1-ry8qfs4y.yaml
job.batch/parsec-canneal created
[18:12:30] Waiting for job 'parsec-canneal' to complete...
[18:12:30] $ kubectl get jobs parsec-canneal -o jsonpath={.status.conditions[*].type}
[18:12:30]   Still running... (0s elapsed)
[18:12:45] $ kubectl get jobs parsec-canneal -o jsonpath={.status.conditions[*].type}
[18:12:45]   Still running... (15s elapsed)
[18:13:00] $ kubectl get jobs parsec-canneal -o jsonpath={.status.conditions[*].type}
[18:13:00]   Still running... (30s elapsed)
[18:13:15] $ kubectl get jobs parsec-canneal -o jsonpath={.status.conditions[*].type}
[18:13:15]   Still running... (45s elapsed)
[18:13:30] $ kubectl get jobs parsec-canneal -o jsonpath={.status.conditions[*].type}
[18:13:31]   Still running... (61s elapsed)
[18:13:46] $ kubectl get jobs parsec-canneal -o jsonpath={.status.conditions[*].type}
[18:13:46]   Still running... (76s elapsed)
[18:14:01] $ kubectl get jobs parsec-canneal -o jsonpath={.status.conditions[*].type}
[18:14:01]   Still running... (91s elapsed)
[18:14:16] $ kubectl get jobs parsec-canneal -o jsonpath={.status.conditions[*].type}
[18:14:16]   Still running... (106s elapsed)
[18:14:31] $ kubectl get jobs parsec-canneal -o jsonpath={.status.conditions[*].type}
[18:14:32]   Still running... (122s elapsed)
[18:14:47] $ kubectl get jobs parsec-canneal -o jsonpath={.status.conditions[*].type}
[18:14:47]   Still running... (137s elapsed)
[18:15:02] $ kubectl get jobs parsec-canneal -o jsonpath={.status.conditions[*].type}
[18:15:02]   Still running... (152s elapsed)
[18:15:17] $ kubectl get jobs parsec-canneal -o jsonpath={.status.conditions[*].type}
[18:15:17]   Still running... (167s elapsed)
[18:15:32] $ kubectl get jobs parsec-canneal -o jsonpath={.status.conditions[*].type}
[18:15:32]   Still running... (182s elapsed)
[18:15:47] $ kubectl get jobs parsec-canneal -o jsonpath={.status.conditions[*].type}
[18:15:48]   Still running... (198s elapsed)
[18:16:03] $ kubectl get jobs parsec-canneal -o jsonpath={.status.conditions[*].type}
[18:16:03]   Still running... (213s elapsed)
[18:16:18] $ kubectl get jobs parsec-canneal -o jsonpath={.status.conditions[*].type}
[18:16:18]   Still running... (228s elapsed)
[18:16:33] $ kubectl get jobs parsec-canneal -o jsonpath={.status.conditions[*].type}
[18:16:33] Job 'parsec-canneal' completed successfully (243s)
[18:16:33] $ kubectl get pods --selector=job-name=parsec-canneal --output=jsonpath={.items[*].metadata.name}
[18:16:33] $ kubectl logs parsec-canneal-7tm68
[18:16:34] Execution time: 235.6s
[18:16:34] Cleaning up jobs and pods...
[18:16:34] $ kubectl delete jobs --all
job.batch "parsec-canneal" deleted from default namespace
[18:16:34] $ kubectl delete pods --all
No resources found
[18:16:44] Results saved to part2b-experiments/run1/results.csv
[18:16:44] 
Progress: 10/28 (Run 1)
[18:16:44] 
============================================================
[18:16:44]   Benchmark:    canneal
[18:16:44]   Threads:      2
[18:16:44] ============================================================
[18:16:44] Cleaning up jobs and pods...
[18:16:44] $ kubectl delete jobs --all
No resources found
[18:16:44] $ kubectl delete pods --all
No resources found
[18:16:54] Starting benchmark: canneal with 2 thread(s)
[18:16:54] $ kubectl create -f /var/folders/4g/q_cgnrh92f19vvbrw_hg6j340000gn/T/parsec-canneal-t2-35spxudn.yaml
job.batch/parsec-canneal created
[18:16:55] Waiting for job 'parsec-canneal' to complete...
[18:16:55] $ kubectl get jobs parsec-canneal -o jsonpath={.status.conditions[*].type}
[18:16:55]   Still running... (0s elapsed)
[18:17:10] $ kubectl get jobs parsec-canneal -o jsonpath={.status.conditions[*].type}
[18:17:10]   Still running... (15s elapsed)
[18:17:25] $ kubectl get jobs parsec-canneal -o jsonpath={.status.conditions[*].type}
[18:17:25]   Still running... (30s elapsed)
[18:17:40] $ kubectl get jobs parsec-canneal -o jsonpath={.status.conditions[*].type}
[18:17:40]   Still running... (45s elapsed)
[18:17:55] $ kubectl get jobs parsec-canneal -o jsonpath={.status.conditions[*].type}
[18:17:55]   Still running... (61s elapsed)
[18:18:10] $ kubectl get jobs parsec-canneal -o jsonpath={.status.conditions[*].type}
[18:18:11]   Still running... (76s elapsed)
[18:18:26] $ kubectl get jobs parsec-canneal -o jsonpath={.status.conditions[*].type}
[18:18:26]   Still running... (91s elapsed)
[18:18:41] $ kubectl get jobs parsec-canneal -o jsonpath={.status.conditions[*].type}
[18:18:41]   Still running... (106s elapsed)
[18:18:56] $ kubectl get jobs parsec-canneal -o jsonpath={.status.conditions[*].type}
[18:18:56]   Still running... (122s elapsed)
[18:19:11] $ kubectl get jobs parsec-canneal -o jsonpath={.status.conditions[*].type}
[18:19:11]   Still running... (137s elapsed)
[18:19:26] $ kubectl get jobs parsec-canneal -o jsonpath={.status.conditions[*].type}
[18:19:27] Job 'parsec-canneal' completed successfully (152s)
[18:19:27] $ kubectl get pods --selector=job-name=parsec-canneal --output=jsonpath={.items[*].metadata.name}
[18:19:27] $ kubectl logs parsec-canneal-d2b4l
[18:19:27] Execution time: 147.1s
[18:19:27] Cleaning up jobs and pods...
[18:19:27] $ kubectl delete jobs --all
job.batch "parsec-canneal" deleted from default namespace
[18:19:27] $ kubectl delete pods --all
No resources found
[18:19:37] Results saved to part2b-experiments/run1/results.csv
[18:19:37] 
Progress: 11/28 (Run 1)
[18:19:37] 
============================================================
[18:19:37]   Benchmark:    canneal
[18:19:37]   Threads:      4
[18:19:37] ============================================================
[18:19:37] Cleaning up jobs and pods...
[18:19:37] $ kubectl delete jobs --all
No resources found
[18:19:37] $ kubectl delete pods --all
No resources found
[18:19:48] Starting benchmark: canneal with 4 thread(s)
[18:19:48] $ kubectl create -f /var/folders/4g/q_cgnrh92f19vvbrw_hg6j340000gn/T/parsec-canneal-t4-x53nycqz.yaml
job.batch/parsec-canneal created
[18:19:48] Waiting for job 'parsec-canneal' to complete...
[18:19:48] $ kubectl get jobs parsec-canneal -o jsonpath={.status.conditions[*].type}
[18:19:48]   Still running... (0s elapsed)
[18:20:03] $ kubectl get jobs parsec-canneal -o jsonpath={.status.conditions[*].type}
[18:20:03]   Still running... (15s elapsed)
[18:20:18] $ kubectl get jobs parsec-canneal -o jsonpath={.status.conditions[*].type}
[18:20:18]   Still running... (30s elapsed)
[18:20:33] $ kubectl get jobs parsec-canneal -o jsonpath={.status.conditions[*].type}
[18:20:33]   Still running... (46s elapsed)
[18:20:49] $ kubectl get jobs parsec-canneal -o jsonpath={.status.conditions[*].type}
[18:20:49]   Still running... (61s elapsed)
[18:21:04] $ kubectl get jobs parsec-canneal -o jsonpath={.status.conditions[*].type}
[18:21:04]   Still running... (76s elapsed)
[18:21:19] $ kubectl get jobs parsec-canneal -o jsonpath={.status.conditions[*].type}
[18:21:19]   Still running... (91s elapsed)
[18:21:34] $ kubectl get jobs parsec-canneal -o jsonpath={.status.conditions[*].type}
[18:21:34] Job 'parsec-canneal' completed successfully (106s)
[18:21:34] $ kubectl get pods --selector=job-name=parsec-canneal --output=jsonpath={.items[*].metadata.name}
[18:21:34] $ kubectl logs parsec-canneal-j94lj
[18:21:35] Execution time: 99.4s
[18:21:35] Cleaning up jobs and pods...
[18:21:35] $ kubectl delete jobs --all
job.batch "parsec-canneal" deleted from default namespace
[18:21:35] $ kubectl delete pods --all
No resources found
[18:21:45] Results saved to part2b-experiments/run1/results.csv
[18:21:45] 
Progress: 12/28 (Run 1)
[18:21:45] 
============================================================
[18:21:45]   Benchmark:    canneal
[18:21:45]   Threads:      8
[18:21:45] ============================================================
[18:21:45] Cleaning up jobs and pods...
[18:21:45] $ kubectl delete jobs --all
No resources found
[18:21:45] $ kubectl delete pods --all
No resources found
[18:21:55] Starting benchmark: canneal with 8 thread(s)
[18:21:55] $ kubectl create -f /var/folders/4g/q_cgnrh92f19vvbrw_hg6j340000gn/T/parsec-canneal-t8-wj8_7t3e.yaml
job.batch/parsec-canneal created
[18:21:55] Waiting for job 'parsec-canneal' to complete...
[18:21:55] $ kubectl get jobs parsec-canneal -o jsonpath={.status.conditions[*].type}
[18:21:55]   Still running... (0s elapsed)
[18:22:10] $ kubectl get jobs parsec-canneal -o jsonpath={.status.conditions[*].type}
[18:22:10]   Still running... (15s elapsed)
[18:22:26] $ kubectl get jobs parsec-canneal -o jsonpath={.status.conditions[*].type}
[18:22:26]   Still running... (30s elapsed)
[18:22:41] $ kubectl get jobs parsec-canneal -o jsonpath={.status.conditions[*].type}
[18:22:41]   Still running... (45s elapsed)
[18:22:56] $ kubectl get jobs parsec-canneal -o jsonpath={.status.conditions[*].type}
[18:22:56]   Still running... (61s elapsed)
[18:23:11] $ kubectl get jobs parsec-canneal -o jsonpath={.status.conditions[*].type}
[18:23:11]   Still running... (76s elapsed)
[18:23:26] $ kubectl get jobs parsec-canneal -o jsonpath={.status.conditions[*].type}
[18:23:26] Job 'parsec-canneal' completed successfully (91s)
[18:23:26] $ kubectl get pods --selector=job-name=parsec-canneal --output=jsonpath={.items[*].metadata.name}
[18:23:26] $ kubectl logs parsec-canneal-fbwnx
[18:23:27] Execution time: 74.4s
[18:23:27] Cleaning up jobs and pods...
[18:23:27] $ kubectl delete jobs --all
job.batch "parsec-canneal" deleted from default namespace
[18:23:27] $ kubectl delete pods --all
No resources found
[18:23:37] Results saved to part2b-experiments/run1/results.csv
[18:23:37] 
Progress: 13/28 (Run 1)
[18:23:37] 
============================================================
[18:23:37]   Benchmark:    freqmine
[18:23:37]   Threads:      1
[18:23:37] ============================================================
[18:23:37] Cleaning up jobs and pods...
[18:23:37] $ kubectl delete jobs --all
No resources found
[18:23:37] $ kubectl delete pods --all
No resources found
[18:23:47] Starting benchmark: freqmine with 1 thread(s)
[18:23:47] $ kubectl create -f /var/folders/4g/q_cgnrh92f19vvbrw_hg6j340000gn/T/parsec-freqmine-t1-5an0xqek.yaml
job.batch/parsec-freqmine created
[18:23:47] Waiting for job 'parsec-freqmine' to complete...
[18:23:47] $ kubectl get jobs parsec-freqmine -o jsonpath={.status.conditions[*].type}
[18:23:47]   Still running... (0s elapsed)
[18:24:02] $ kubectl get jobs parsec-freqmine -o jsonpath={.status.conditions[*].type}
[18:24:03]   Still running... (15s elapsed)
[18:24:18] $ kubectl get jobs parsec-freqmine -o jsonpath={.status.conditions[*].type}
[18:24:18]   Still running... (30s elapsed)
[18:24:33] $ kubectl get jobs parsec-freqmine -o jsonpath={.status.conditions[*].type}
[18:24:33]   Still running... (45s elapsed)
[18:24:48] $ kubectl get jobs parsec-freqmine -o jsonpath={.status.conditions[*].type}
[18:24:48]   Still running... (61s elapsed)
[18:25:03] $ kubectl get jobs parsec-freqmine -o jsonpath={.status.conditions[*].type}
[18:25:03]   Still running... (76s elapsed)
[18:25:18] $ kubectl get jobs parsec-freqmine -o jsonpath={.status.conditions[*].type}
[18:25:19]   Still running... (91s elapsed)
[18:25:34] $ kubectl get jobs parsec-freqmine -o jsonpath={.status.conditions[*].type}
[18:25:34]   Still running... (106s elapsed)
[18:25:49] $ kubectl get jobs parsec-freqmine -o jsonpath={.status.conditions[*].type}
[18:25:49]   Still running... (121s elapsed)
[18:26:04] $ kubectl get jobs parsec-freqmine -o jsonpath={.status.conditions[*].type}
[18:26:04]   Still running... (136s elapsed)
[18:26:19] $ kubectl get jobs parsec-freqmine -o jsonpath={.status.conditions[*].type}
[18:26:19]   Still running... (152s elapsed)
[18:26:34] $ kubectl get jobs parsec-freqmine -o jsonpath={.status.conditions[*].type}
[18:26:34]   Still running... (167s elapsed)
[18:26:49] $ kubectl get jobs parsec-freqmine -o jsonpath={.status.conditions[*].type}
[18:26:49]   Still running... (182s elapsed)
[18:27:04] $ kubectl get jobs parsec-freqmine -o jsonpath={.status.conditions[*].type}
[18:27:05]   Still running... (197s elapsed)
[18:27:20] $ kubectl get jobs parsec-freqmine -o jsonpath={.status.conditions[*].type}
[18:27:20]   Still running... (212s elapsed)
[18:27:35] $ kubectl get jobs parsec-freqmine -o jsonpath={.status.conditions[*].type}
[18:27:35]   Still running... (227s elapsed)
[18:27:50] $ kubectl get jobs parsec-freqmine -o jsonpath={.status.conditions[*].type}
[18:27:50]   Still running... (243s elapsed)
[18:28:05] $ kubectl get jobs parsec-freqmine -o jsonpath={.status.conditions[*].type}
[18:28:05]   Still running... (258s elapsed)
[18:28:20] $ kubectl get jobs parsec-freqmine -o jsonpath={.status.conditions[*].type}
[18:28:20]   Still running... (273s elapsed)
[18:28:35] $ kubectl get jobs parsec-freqmine -o jsonpath={.status.conditions[*].type}
[18:28:35]   Still running... (288s elapsed)
[18:28:50] $ kubectl get jobs parsec-freqmine -o jsonpath={.status.conditions[*].type}
[18:28:51]   Still running... (303s elapsed)
[18:29:06] $ kubectl get jobs parsec-freqmine -o jsonpath={.status.conditions[*].type}
[18:29:06]   Still running... (318s elapsed)
[18:29:21] $ kubectl get jobs parsec-freqmine -o jsonpath={.status.conditions[*].type}
[18:29:21]   Still running... (333s elapsed)
[18:29:36] $ kubectl get jobs parsec-freqmine -o jsonpath={.status.conditions[*].type}
[18:29:36]   Still running... (348s elapsed)
[18:29:51] $ kubectl get jobs parsec-freqmine -o jsonpath={.status.conditions[*].type}
[18:29:51] Job 'parsec-freqmine' completed successfully (364s)
[18:29:51] $ kubectl get pods --selector=job-name=parsec-freqmine --output=jsonpath={.items[*].metadata.name}
[18:29:51] $ kubectl logs parsec-freqmine-5hmf9
[18:29:51] Execution time: 339.5s
[18:29:51] Cleaning up jobs and pods...
[18:29:51] $ kubectl delete jobs --all
job.batch "parsec-freqmine" deleted from default namespace
[18:29:52] $ kubectl delete pods --all
No resources found
[18:30:02] Results saved to part2b-experiments/run1/results.csv
[18:30:02] 
Progress: 14/28 (Run 1)
[18:30:02] 
============================================================
[18:30:02]   Benchmark:    freqmine
[18:30:02]   Threads:      2
[18:30:02] ============================================================
[18:30:02] Cleaning up jobs and pods...
[18:30:02] $ kubectl delete jobs --all
No resources found
[18:30:02] $ kubectl delete pods --all
No resources found
[18:30:12] Starting benchmark: freqmine with 2 thread(s)
[18:30:12] $ kubectl create -f /var/folders/4g/q_cgnrh92f19vvbrw_hg6j340000gn/T/parsec-freqmine-t2-e9hu3wcb.yaml
job.batch/parsec-freqmine created
[18:30:12] Waiting for job 'parsec-freqmine' to complete...
[18:30:12] $ kubectl get jobs parsec-freqmine -o jsonpath={.status.conditions[*].type}
[18:30:12]   Still running... (0s elapsed)
[18:30:27] $ kubectl get jobs parsec-freqmine -o jsonpath={.status.conditions[*].type}
[18:30:27]   Still running... (15s elapsed)
[18:30:43] $ kubectl get jobs parsec-freqmine -o jsonpath={.status.conditions[*].type}
[18:30:43]   Still running... (30s elapsed)
[18:30:58] $ kubectl get jobs parsec-freqmine -o jsonpath={.status.conditions[*].type}
[18:30:58]   Still running... (45s elapsed)
[18:31:13] $ kubectl get jobs parsec-freqmine -o jsonpath={.status.conditions[*].type}
[18:31:13]   Still running... (61s elapsed)
[18:31:28] $ kubectl get jobs parsec-freqmine -o jsonpath={.status.conditions[*].type}
[18:31:28]   Still running... (76s elapsed)
[18:31:43] $ kubectl get jobs parsec-freqmine -o jsonpath={.status.conditions[*].type}
[18:31:43]   Still running... (91s elapsed)
[18:31:58] $ kubectl get jobs parsec-freqmine -o jsonpath={.status.conditions[*].type}
[18:31:58]   Still running... (106s elapsed)
[18:32:13] $ kubectl get jobs parsec-freqmine -o jsonpath={.status.conditions[*].type}
[18:32:14]   Still running... (121s elapsed)
[18:32:29] $ kubectl get jobs parsec-freqmine -o jsonpath={.status.conditions[*].type}
[18:32:29]   Still running... (136s elapsed)
[18:32:44] $ kubectl get jobs parsec-freqmine -o jsonpath={.status.conditions[*].type}
[18:32:44]   Still running... (151s elapsed)
[18:32:59] $ kubectl get jobs parsec-freqmine -o jsonpath={.status.conditions[*].type}
[18:32:59]   Still running... (167s elapsed)
[18:33:14] $ kubectl get jobs parsec-freqmine -o jsonpath={.status.conditions[*].type}
[18:33:14] Job 'parsec-freqmine' completed successfully (182s)
[18:33:14] $ kubectl get pods --selector=job-name=parsec-freqmine --output=jsonpath={.items[*].metadata.name}
[18:33:14] $ kubectl logs parsec-freqmine-9ts26
[18:33:14] Execution time: 172.0s
[18:33:14] Cleaning up jobs and pods...
[18:33:14] $ kubectl delete jobs --all
job.batch "parsec-freqmine" deleted from default namespace
[18:33:15] $ kubectl delete pods --all
No resources found
[18:33:25] Results saved to part2b-experiments/run1/results.csv
[18:33:25] 
Progress: 15/28 (Run 1)
[18:33:25] 
============================================================
[18:33:25]   Benchmark:    freqmine
[18:33:25]   Threads:      4
[18:33:25] ============================================================
[18:33:25] Cleaning up jobs and pods...
[18:33:25] $ kubectl delete jobs --all
No resources found
[18:33:25] $ kubectl delete pods --all
No resources found
[18:33:35] Starting benchmark: freqmine with 4 thread(s)
[18:33:35] $ kubectl create -f /var/folders/4g/q_cgnrh92f19vvbrw_hg6j340000gn/T/parsec-freqmine-t4-anohzl5u.yaml
job.batch/parsec-freqmine created
[18:33:35] Waiting for job 'parsec-freqmine' to complete...
[18:33:35] $ kubectl get jobs parsec-freqmine -o jsonpath={.status.conditions[*].type}
[18:33:35]   Still running... (0s elapsed)
[18:33:50] $ kubectl get jobs parsec-freqmine -o jsonpath={.status.conditions[*].type}
[18:33:50]   Still running... (15s elapsed)
[18:34:05] $ kubectl get jobs parsec-freqmine -o jsonpath={.status.conditions[*].type}
[18:34:06]   Still running... (30s elapsed)
[18:34:21] $ kubectl get jobs parsec-freqmine -o jsonpath={.status.conditions[*].type}
[18:34:21]   Still running... (45s elapsed)
[18:34:36] $ kubectl get jobs parsec-freqmine -o jsonpath={.status.conditions[*].type}
[18:34:36]   Still running... (61s elapsed)
[18:34:51] $ kubectl get jobs parsec-freqmine -o jsonpath={.status.conditions[*].type}
[18:34:51]   Still running... (76s elapsed)
[18:35:06] $ kubectl get jobs parsec-freqmine -o jsonpath={.status.conditions[*].type}
[18:35:06]   Still running... (91s elapsed)
[18:35:21] $ kubectl get jobs parsec-freqmine -o jsonpath={.status.conditions[*].type}
[18:35:21] Job 'parsec-freqmine' completed successfully (106s)
[18:35:21] $ kubectl get pods --selector=job-name=parsec-freqmine --output=jsonpath={.items[*].metadata.name}
[18:35:21] $ kubectl logs parsec-freqmine-xhwg4
[18:35:22] Execution time: 90.6s
[18:35:22] Cleaning up jobs and pods...
[18:35:22] $ kubectl delete jobs --all
job.batch "parsec-freqmine" deleted from default namespace
[18:35:22] $ kubectl delete pods --all
No resources found
[18:35:32] Results saved to part2b-experiments/run1/results.csv
[18:35:32] 
Progress: 16/28 (Run 1)
[18:35:32] 
============================================================
[18:35:32]   Benchmark:    freqmine
[18:35:32]   Threads:      8
[18:35:32] ============================================================
[18:35:32] Cleaning up jobs and pods...
[18:35:32] $ kubectl delete jobs --all
No resources found
[18:35:32] $ kubectl delete pods --all
No resources found
[18:35:42] Starting benchmark: freqmine with 8 thread(s)
[18:35:42] $ kubectl create -f /var/folders/4g/q_cgnrh92f19vvbrw_hg6j340000gn/T/parsec-freqmine-t8-_fr_jihn.yaml
job.batch/parsec-freqmine created
[18:35:42] Waiting for job 'parsec-freqmine' to complete...
[18:35:42] $ kubectl get jobs parsec-freqmine -o jsonpath={.status.conditions[*].type}
[18:35:42]   Still running... (0s elapsed)
[18:35:58] $ kubectl get jobs parsec-freqmine -o jsonpath={.status.conditions[*].type}
[18:35:58]   Still running... (15s elapsed)
[18:36:13] $ kubectl get jobs parsec-freqmine -o jsonpath={.status.conditions[*].type}
[18:36:13]   Still running... (30s elapsed)
[18:36:28] $ kubectl get jobs parsec-freqmine -o jsonpath={.status.conditions[*].type}
[18:36:28]   Still running... (46s elapsed)
[18:36:43] $ kubectl get jobs parsec-freqmine -o jsonpath={.status.conditions[*].type}
[18:36:43]   Still running... (61s elapsed)
[18:36:58] $ kubectl get jobs parsec-freqmine -o jsonpath={.status.conditions[*].type}
[18:36:58] Job 'parsec-freqmine' completed successfully (76s)
[18:36:58] $ kubectl get pods --selector=job-name=parsec-freqmine --output=jsonpath={.items[*].metadata.name}
[18:36:58] $ kubectl logs parsec-freqmine-pz44b
[18:36:59] Execution time: 70.7s
[18:36:59] Cleaning up jobs and pods...
[18:36:59] $ kubectl delete jobs --all
job.batch "parsec-freqmine" deleted from default namespace
[18:36:59] $ kubectl delete pods --all
No resources found
[18:37:09] Results saved to part2b-experiments/run1/results.csv
[18:37:09] 
Progress: 17/28 (Run 1)
[18:37:09] 
============================================================
[18:37:09]   Benchmark:    radix
[18:37:09]   Threads:      1
[18:37:09] ============================================================
[18:37:09] Cleaning up jobs and pods...
[18:37:09] $ kubectl delete jobs --all
No resources found
[18:37:09] $ kubectl delete pods --all
No resources found
[18:37:19] Starting benchmark: radix with 1 thread(s)
[18:37:19] $ kubectl create -f /var/folders/4g/q_cgnrh92f19vvbrw_hg6j340000gn/T/parsec-radix-t1-wj2wvmvl.yaml
job.batch/parsec-radix created
[18:37:19] Waiting for job 'parsec-radix' to complete...
[18:37:19] $ kubectl get jobs parsec-radix -o jsonpath={.status.conditions[*].type}
[18:37:19]   Still running... (0s elapsed)
[18:37:34] $ kubectl get jobs parsec-radix -o jsonpath={.status.conditions[*].type}
[18:37:35]   Still running... (15s elapsed)
[18:37:50] $ kubectl get jobs parsec-radix -o jsonpath={.status.conditions[*].type}
[18:37:50]   Still running... (30s elapsed)
[18:38:05] $ kubectl get jobs parsec-radix -o jsonpath={.status.conditions[*].type}
[18:38:05] Job 'parsec-radix' completed successfully (45s)
[18:38:05] $ kubectl get pods --selector=job-name=parsec-radix --output=jsonpath={.items[*].metadata.name}
[18:38:05] $ kubectl logs parsec-radix-f657h
[18:38:05] Execution time: 34.0s
[18:38:05] Cleaning up jobs and pods...
[18:38:05] $ kubectl delete jobs --all
job.batch "parsec-radix" deleted from default namespace
[18:38:05] $ kubectl delete pods --all
No resources found
[18:38:15] Results saved to part2b-experiments/run1/results.csv
[18:38:15] 
Progress: 18/28 (Run 1)
[18:38:15] 
============================================================
[18:38:15]   Benchmark:    radix
[18:38:15]   Threads:      2
[18:38:15] ============================================================
[18:38:15] Cleaning up jobs and pods...
[18:38:15] $ kubectl delete jobs --all
No resources found
[18:38:16] $ kubectl delete pods --all
No resources found
[18:38:26] Starting benchmark: radix with 2 thread(s)
[18:38:26] $ kubectl create -f /var/folders/4g/q_cgnrh92f19vvbrw_hg6j340000gn/T/parsec-radix-t2-rp1w479c.yaml
job.batch/parsec-radix created
[18:38:26] Waiting for job 'parsec-radix' to complete...
[18:38:26] $ kubectl get jobs parsec-radix -o jsonpath={.status.conditions[*].type}
[18:38:26]   Still running... (0s elapsed)
[18:38:41] $ kubectl get jobs parsec-radix -o jsonpath={.status.conditions[*].type}
[18:38:41]   Still running... (15s elapsed)
[18:38:56] $ kubectl get jobs parsec-radix -o jsonpath={.status.conditions[*].type}
[18:38:56] Job 'parsec-radix' completed successfully (30s)
[18:38:56] $ kubectl get pods --selector=job-name=parsec-radix --output=jsonpath={.items[*].metadata.name}
[18:38:57] $ kubectl logs parsec-radix-h2g47
[18:38:57] Execution time: 17.2s
[18:38:57] Cleaning up jobs and pods...
[18:38:57] $ kubectl delete jobs --all
job.batch "parsec-radix" deleted from default namespace
[18:38:57] $ kubectl delete pods --all
No resources found
[18:39:07] Results saved to part2b-experiments/run1/results.csv
[18:39:07] 
Progress: 19/28 (Run 1)
[18:39:07] 
============================================================
[18:39:07]   Benchmark:    radix
[18:39:07]   Threads:      4
[18:39:07] ============================================================
[18:39:07] Cleaning up jobs and pods...
[18:39:07] $ kubectl delete jobs --all
No resources found
[18:39:07] $ kubectl delete pods --all
No resources found
[18:39:17] Starting benchmark: radix with 4 thread(s)
[18:39:17] $ kubectl create -f /var/folders/4g/q_cgnrh92f19vvbrw_hg6j340000gn/T/parsec-radix-t4-fp_nwdp5.yaml
job.batch/parsec-radix created
[18:39:17] Waiting for job 'parsec-radix' to complete...
[18:39:17] $ kubectl get jobs parsec-radix -o jsonpath={.status.conditions[*].type}
[18:39:18]   Still running... (0s elapsed)
[18:39:33] $ kubectl get jobs parsec-radix -o jsonpath={.status.conditions[*].type}
[18:39:33] Job 'parsec-radix' completed successfully (15s)
[18:39:33] $ kubectl get pods --selector=job-name=parsec-radix --output=jsonpath={.items[*].metadata.name}
[18:39:33] $ kubectl logs parsec-radix-5sh4k
[18:39:33] Execution time: 9.0s
[18:39:33] Cleaning up jobs and pods...
[18:39:33] $ kubectl delete jobs --all
job.batch "parsec-radix" deleted from default namespace
[18:39:33] $ kubectl delete pods --all
No resources found
[18:39:43] Results saved to part2b-experiments/run1/results.csv
[18:39:43] 
Progress: 20/28 (Run 1)
[18:39:43] 
============================================================
[18:39:43]   Benchmark:    radix
[18:39:43]   Threads:      8
[18:39:43] ============================================================
[18:39:43] Cleaning up jobs and pods...
[18:39:43] $ kubectl delete jobs --all
No resources found
[18:39:43] $ kubectl delete pods --all
No resources found
[18:39:53] Starting benchmark: radix with 8 thread(s)
[18:39:54] $ kubectl create -f /var/folders/4g/q_cgnrh92f19vvbrw_hg6j340000gn/T/parsec-radix-t8-w7p_qbiu.yaml
job.batch/parsec-radix created
[18:39:54] Waiting for job 'parsec-radix' to complete...
[18:39:54] $ kubectl get jobs parsec-radix -o jsonpath={.status.conditions[*].type}
[18:39:54]   Still running... (0s elapsed)
[18:40:09] $ kubectl get jobs parsec-radix -o jsonpath={.status.conditions[*].type}
[18:40:09] Job 'parsec-radix' completed successfully (15s)
[18:40:09] $ kubectl get pods --selector=job-name=parsec-radix --output=jsonpath={.items[*].metadata.name}
[18:40:09] $ kubectl logs parsec-radix-24q6f
[18:40:09] Execution time: 5.4s
[18:40:09] Cleaning up jobs and pods...
[18:40:09] $ kubectl delete jobs --all
job.batch "parsec-radix" deleted from default namespace
[18:40:09] $ kubectl delete pods --all
No resources found
[18:40:20] Results saved to part2b-experiments/run1/results.csv
[18:40:20] 
Progress: 21/28 (Run 1)
[18:40:20] 
============================================================
[18:40:20]   Benchmark:    streamcluster
[18:40:20]   Threads:      1
[18:40:20] ============================================================
[18:40:20] Cleaning up jobs and pods...
[18:40:20] $ kubectl delete jobs --all
No resources found
[18:40:20] $ kubectl delete pods --all
No resources found
[18:40:30] Starting benchmark: streamcluster with 1 thread(s)
[18:40:30] $ kubectl create -f /var/folders/4g/q_cgnrh92f19vvbrw_hg6j340000gn/T/parsec-streamcluster-t1-pyfm343l.yaml
job.batch/parsec-streamcluster created
[18:40:30] Waiting for job 'parsec-streamcluster' to complete...
[18:40:30] $ kubectl get jobs parsec-streamcluster -o jsonpath={.status.conditions[*].type}
[18:40:30]   Still running... (0s elapsed)
[18:40:45] $ kubectl get jobs parsec-streamcluster -o jsonpath={.status.conditions[*].type}
[18:40:45]   Still running... (15s elapsed)
[18:41:00] $ kubectl get jobs parsec-streamcluster -o jsonpath={.status.conditions[*].type}
[18:41:00]   Still running... (30s elapsed)
[18:41:15] $ kubectl get jobs parsec-streamcluster -o jsonpath={.status.conditions[*].type}
[18:41:16]   Still running... (45s elapsed)
[18:41:31] $ kubectl get jobs parsec-streamcluster -o jsonpath={.status.conditions[*].type}
[18:41:31]   Still running... (61s elapsed)
[18:41:46] $ kubectl get jobs parsec-streamcluster -o jsonpath={.status.conditions[*].type}
[18:41:46]   Still running... (76s elapsed)
[18:42:01] $ kubectl get jobs parsec-streamcluster -o jsonpath={.status.conditions[*].type}
[18:42:01]   Still running... (91s elapsed)
[18:42:16] $ kubectl get jobs parsec-streamcluster -o jsonpath={.status.conditions[*].type}
[18:42:16]   Still running... (106s elapsed)
[18:42:31] $ kubectl get jobs parsec-streamcluster -o jsonpath={.status.conditions[*].type}
[18:42:32]   Still running... (121s elapsed)
[18:42:47] $ kubectl get jobs parsec-streamcluster -o jsonpath={.status.conditions[*].type}
[18:42:47]   Still running... (137s elapsed)
[18:43:02] $ kubectl get jobs parsec-streamcluster -o jsonpath={.status.conditions[*].type}
[18:43:02]   Still running... (152s elapsed)
[18:43:17] $ kubectl get jobs parsec-streamcluster -o jsonpath={.status.conditions[*].type}
[18:43:17]   Still running... (167s elapsed)
[18:43:32] $ kubectl get jobs parsec-streamcluster -o jsonpath={.status.conditions[*].type}
[18:43:32]   Still running... (182s elapsed)
[18:43:47] $ kubectl get jobs parsec-streamcluster -o jsonpath={.status.conditions[*].type}
[18:43:47]   Still running... (197s elapsed)
[18:44:02] $ kubectl get jobs parsec-streamcluster -o jsonpath={.status.conditions[*].type}
[18:44:03]   Still running... (212s elapsed)
[18:44:18] $ kubectl get jobs parsec-streamcluster -o jsonpath={.status.conditions[*].type}
[18:44:18]   Still running... (228s elapsed)
[18:44:33] $ kubectl get jobs parsec-streamcluster -o jsonpath={.status.conditions[*].type}
[18:44:33]   Still running... (243s elapsed)
[18:44:50] $ kubectl get jobs parsec-streamcluster -o jsonpath={.status.conditions[*].type}
[18:44:51]   Still running... (260s elapsed)
[18:45:06] $ kubectl get jobs parsec-streamcluster -o jsonpath={.status.conditions[*].type}
[18:45:06]   Still running... (276s elapsed)
[18:45:21] $ kubectl get jobs parsec-streamcluster -o jsonpath={.status.conditions[*].type}
[18:45:21]   Still running... (291s elapsed)
[18:45:36] $ kubectl get jobs parsec-streamcluster -o jsonpath={.status.conditions[*].type}
[18:45:36]   Still running... (306s elapsed)
[18:45:51] $ kubectl get jobs parsec-streamcluster -o jsonpath={.status.conditions[*].type}
[18:45:51]   Still running... (321s elapsed)
[18:46:06] $ kubectl get jobs parsec-streamcluster -o jsonpath={.status.conditions[*].type}
[18:46:06]   Still running... (336s elapsed)
[18:46:21] $ kubectl get jobs parsec-streamcluster -o jsonpath={.status.conditions[*].type}
[18:46:22]   Still running... (351s elapsed)
[18:46:37] $ kubectl get jobs parsec-streamcluster -o jsonpath={.status.conditions[*].type}
[18:46:37]   Still running... (367s elapsed)
[18:46:52] $ kubectl get jobs parsec-streamcluster -o jsonpath={.status.conditions[*].type}
[18:46:52]   Still running... (382s elapsed)
[18:47:07] $ kubectl get jobs parsec-streamcluster -o jsonpath={.status.conditions[*].type}
[18:47:07]   Still running... (397s elapsed)
[18:47:22] $ kubectl get jobs parsec-streamcluster -o jsonpath={.status.conditions[*].type}
[18:47:22]   Still running... (412s elapsed)
[18:47:37] $ kubectl get jobs parsec-streamcluster -o jsonpath={.status.conditions[*].type}
[18:47:37]   Still running... (427s elapsed)
[18:47:52] $ kubectl get jobs parsec-streamcluster -o jsonpath={.status.conditions[*].type}
[18:47:53]   Still running... (442s elapsed)
[18:48:08] $ kubectl get jobs parsec-streamcluster -o jsonpath={.status.conditions[*].type}
[18:48:08] Job 'parsec-streamcluster' completed successfully (458s)
[18:48:08] $ kubectl get pods --selector=job-name=parsec-streamcluster --output=jsonpath={.items[*].metadata.name}
[18:48:08] $ kubectl logs parsec-streamcluster-82g99
[18:48:08] Execution time: 443.3s
[18:48:08] Cleaning up jobs and pods...
[18:48:08] $ kubectl delete jobs --all
job.batch "parsec-streamcluster" deleted from default namespace
[18:48:08] $ kubectl delete pods --all
No resources found
[18:48:18] Results saved to part2b-experiments/run1/results.csv
[18:48:18] 
Progress: 22/28 (Run 1)
[18:48:18] 
============================================================
[18:48:18]   Benchmark:    streamcluster
[18:48:18]   Threads:      2
[18:48:18] ============================================================
[18:48:18] Cleaning up jobs and pods...
[18:48:18] $ kubectl delete jobs --all
No resources found
[18:48:19] $ kubectl delete pods --all
No resources found
[18:48:29] Starting benchmark: streamcluster with 2 thread(s)
[18:48:29] $ kubectl create -f /var/folders/4g/q_cgnrh92f19vvbrw_hg6j340000gn/T/parsec-streamcluster-t2-yr52b2vj.yaml
job.batch/parsec-streamcluster created
[18:48:29] Waiting for job 'parsec-streamcluster' to complete...
[18:48:29] $ kubectl get jobs parsec-streamcluster -o jsonpath={.status.conditions[*].type}
[18:48:29]   Still running... (0s elapsed)
[18:48:44] $ kubectl get jobs parsec-streamcluster -o jsonpath={.status.conditions[*].type}
[18:48:44]   Still running... (15s elapsed)
[18:48:59] $ kubectl get jobs parsec-streamcluster -o jsonpath={.status.conditions[*].type}
[18:49:00]   Still running... (30s elapsed)
[18:49:15] $ kubectl get jobs parsec-streamcluster -o jsonpath={.status.conditions[*].type}
[18:49:15]   Still running... (46s elapsed)
[18:49:30] $ kubectl get jobs parsec-streamcluster -o jsonpath={.status.conditions[*].type}
[18:49:30]   Still running... (61s elapsed)
[18:49:45] $ kubectl get jobs parsec-streamcluster -o jsonpath={.status.conditions[*].type}
[18:49:45]   Still running... (76s elapsed)
[18:50:00] $ kubectl get jobs parsec-streamcluster -o jsonpath={.status.conditions[*].type}
[18:50:00]   Still running... (91s elapsed)
[18:50:15] $ kubectl get jobs parsec-streamcluster -o jsonpath={.status.conditions[*].type}
[18:50:16]   Still running... (106s elapsed)
[18:50:31] $ kubectl get jobs parsec-streamcluster -o jsonpath={.status.conditions[*].type}
[18:50:31]   Still running... (122s elapsed)
[18:50:46] $ kubectl get jobs parsec-streamcluster -o jsonpath={.status.conditions[*].type}
[18:50:46]   Still running... (137s elapsed)
[18:51:01] $ kubectl get jobs parsec-streamcluster -o jsonpath={.status.conditions[*].type}
[18:51:01]   Still running... (152s elapsed)
[18:51:16] $ kubectl get jobs parsec-streamcluster -o jsonpath={.status.conditions[*].type}
[18:51:16]   Still running... (167s elapsed)
[18:51:31] $ kubectl get jobs parsec-streamcluster -o jsonpath={.status.conditions[*].type}
[18:51:32]   Still running... (182s elapsed)
[18:51:47] $ kubectl get jobs parsec-streamcluster -o jsonpath={.status.conditions[*].type}
[18:51:47]   Still running... (198s elapsed)
[18:52:02] $ kubectl get jobs parsec-streamcluster -o jsonpath={.status.conditions[*].type}
[18:52:02]   Still running... (213s elapsed)
[18:52:17] $ kubectl get jobs parsec-streamcluster -o jsonpath={.status.conditions[*].type}
[18:52:17]   Still running... (228s elapsed)
[18:52:32] $ kubectl get jobs parsec-streamcluster -o jsonpath={.status.conditions[*].type}
[18:52:32]   Still running... (243s elapsed)
[18:52:47] $ kubectl get jobs parsec-streamcluster -o jsonpath={.status.conditions[*].type}
[18:52:48] Job 'parsec-streamcluster' completed successfully (258s)
[18:52:48] $ kubectl get pods --selector=job-name=parsec-streamcluster --output=jsonpath={.items[*].metadata.name}
[18:52:48] $ kubectl logs parsec-streamcluster-s2zrv
[18:52:48] Execution time: 243.0s
[18:52:48] Cleaning up jobs and pods...
[18:52:48] $ kubectl delete jobs --all
job.batch "parsec-streamcluster" deleted from default namespace
[18:52:48] $ kubectl delete pods --all
No resources found
[18:52:58] Results saved to part2b-experiments/run1/results.csv
[18:52:58] 
Progress: 23/28 (Run 1)
[18:52:58] 
============================================================
[18:52:58]   Benchmark:    streamcluster
[18:52:58]   Threads:      4
[18:52:58] ============================================================
[18:52:58] Cleaning up jobs and pods...
[18:52:58] $ kubectl delete jobs --all
No resources found
[18:52:58] $ kubectl delete pods --all
No resources found
[18:53:09] Starting benchmark: streamcluster with 4 thread(s)
[18:53:09] $ kubectl create -f /var/folders/4g/q_cgnrh92f19vvbrw_hg6j340000gn/T/parsec-streamcluster-t4-207y5qap.yaml
job.batch/parsec-streamcluster created
[18:53:09] Waiting for job 'parsec-streamcluster' to complete...
[18:53:09] $ kubectl get jobs parsec-streamcluster -o jsonpath={.status.conditions[*].type}
[18:53:09]   Still running... (0s elapsed)
[18:53:24] $ kubectl get jobs parsec-streamcluster -o jsonpath={.status.conditions[*].type}
[18:53:24]   Still running... (15s elapsed)
[18:53:39] $ kubectl get jobs parsec-streamcluster -o jsonpath={.status.conditions[*].type}
[18:53:39]   Still running... (30s elapsed)
[18:53:54] $ kubectl get jobs parsec-streamcluster -o jsonpath={.status.conditions[*].type}
[18:53:55]   Still running... (46s elapsed)
[18:54:10] $ kubectl get jobs parsec-streamcluster -o jsonpath={.status.conditions[*].type}
[18:54:10]   Still running... (61s elapsed)
[18:54:25] $ kubectl get jobs parsec-streamcluster -o jsonpath={.status.conditions[*].type}
[18:54:25]   Still running... (76s elapsed)
[18:54:40] $ kubectl get jobs parsec-streamcluster -o jsonpath={.status.conditions[*].type}
[18:54:40]   Still running... (91s elapsed)
[18:54:55] $ kubectl get jobs parsec-streamcluster -o jsonpath={.status.conditions[*].type}
[18:54:55]   Still running... (106s elapsed)
[18:55:10] $ kubectl get jobs parsec-streamcluster -o jsonpath={.status.conditions[*].type}
[18:55:11]   Still running... (122s elapsed)
[18:55:26] $ kubectl get jobs parsec-streamcluster -o jsonpath={.status.conditions[*].type}
[18:55:26]   Still running... (137s elapsed)
[18:55:41] $ kubectl get jobs parsec-streamcluster -o jsonpath={.status.conditions[*].type}
[18:55:41] Job 'parsec-streamcluster' completed successfully (152s)
[18:55:41] $ kubectl get pods --selector=job-name=parsec-streamcluster --output=jsonpath={.items[*].metadata.name}
[18:55:41] $ kubectl logs parsec-streamcluster-t7dls
[18:55:41] Execution time: 147.3s
[18:55:41] Cleaning up jobs and pods...
[18:55:41] $ kubectl delete jobs --all
job.batch "parsec-streamcluster" deleted from default namespace
[18:55:42] $ kubectl delete pods --all
No resources found
[18:55:52] Results saved to part2b-experiments/run1/results.csv
[18:55:52] 
Progress: 24/28 (Run 1)
[18:55:52] 
============================================================
[18:55:52]   Benchmark:    streamcluster
[18:55:52]   Threads:      8
[18:55:52] ============================================================
[18:55:52] Cleaning up jobs and pods...
[18:55:52] $ kubectl delete jobs --all
No resources found
[18:55:52] $ kubectl delete pods --all
No resources found
[18:56:02] Starting benchmark: streamcluster with 8 thread(s)
[18:56:02] $ kubectl create -f /var/folders/4g/q_cgnrh92f19vvbrw_hg6j340000gn/T/parsec-streamcluster-t8-gm36l9vx.yaml
job.batch/parsec-streamcluster created
[18:56:02] Waiting for job 'parsec-streamcluster' to complete...
[18:56:02] $ kubectl get jobs parsec-streamcluster -o jsonpath={.status.conditions[*].type}
[18:56:02]   Still running... (0s elapsed)
[18:56:17] $ kubectl get jobs parsec-streamcluster -o jsonpath={.status.conditions[*].type}
[18:56:18]   Still running... (15s elapsed)
[18:56:33] $ kubectl get jobs parsec-streamcluster -o jsonpath={.status.conditions[*].type}
[18:56:33]   Still running... (30s elapsed)
[18:56:48] $ kubectl get jobs parsec-streamcluster -o jsonpath={.status.conditions[*].type}
[18:56:48]   Still running... (46s elapsed)
[18:57:03] $ kubectl get jobs parsec-streamcluster -o jsonpath={.status.conditions[*].type}
[18:57:04]   Still running... (61s elapsed)
[18:57:19] $ kubectl get jobs parsec-streamcluster -o jsonpath={.status.conditions[*].type}
[18:57:19]   Still running... (76s elapsed)
[18:57:34] $ kubectl get jobs parsec-streamcluster -o jsonpath={.status.conditions[*].type}
[18:57:34]   Still running... (92s elapsed)
[18:57:49] $ kubectl get jobs parsec-streamcluster -o jsonpath={.status.conditions[*].type}
[18:57:50]   Still running... (107s elapsed)
[18:58:05] $ kubectl get jobs parsec-streamcluster -o jsonpath={.status.conditions[*].type}
[18:58:05] Job 'parsec-streamcluster' completed successfully (122s)
[18:58:05] $ kubectl get pods --selector=job-name=parsec-streamcluster --output=jsonpath={.items[*].metadata.name}
[18:58:05] $ kubectl logs parsec-streamcluster-pdbpl
[18:58:05] Execution time: 109.6s
[18:58:05] Cleaning up jobs and pods...
[18:58:05] $ kubectl delete jobs --all
job.batch "parsec-streamcluster" deleted from default namespace
[18:58:05] $ kubectl delete pods --all
No resources found
[18:58:15] Results saved to part2b-experiments/run1/results.csv
[18:58:15] 
Progress: 25/28 (Run 1)
[18:58:15] 
============================================================
[18:58:15]   Benchmark:    vips
[18:58:15]   Threads:      1
[18:58:15] ============================================================
[18:58:15] Cleaning up jobs and pods...
[18:58:15] $ kubectl delete jobs --all
No resources found
[18:58:16] $ kubectl delete pods --all
No resources found
[18:58:26] Starting benchmark: vips with 1 thread(s)
[18:58:26] $ kubectl create -f /var/folders/4g/q_cgnrh92f19vvbrw_hg6j340000gn/T/parsec-vips-t1-1h8pxntk.yaml
job.batch/parsec-vips created
[18:58:26] Waiting for job 'parsec-vips' to complete...
[18:58:26] $ kubectl get jobs parsec-vips -o jsonpath={.status.conditions[*].type}
[18:58:26]   Still running... (0s elapsed)
[18:58:41] $ kubectl get jobs parsec-vips -o jsonpath={.status.conditions[*].type}
[18:58:42]   Still running... (15s elapsed)
[18:58:57] $ kubectl get jobs parsec-vips -o jsonpath={.status.conditions[*].type}
[18:58:57]   Still running... (30s elapsed)
[18:59:12] $ kubectl get jobs parsec-vips -o jsonpath={.status.conditions[*].type}
[18:59:12]   Still running... (46s elapsed)
[18:59:27] $ kubectl get jobs parsec-vips -o jsonpath={.status.conditions[*].type}
[18:59:28]   Still running... (61s elapsed)
[18:59:43] $ kubectl get jobs parsec-vips -o jsonpath={.status.conditions[*].type}
[18:59:43]   Still running... (76s elapsed)
[18:59:58] $ kubectl get jobs parsec-vips -o jsonpath={.status.conditions[*].type}
[18:59:58]   Still running... (92s elapsed)
[19:00:13] $ kubectl get jobs parsec-vips -o jsonpath={.status.conditions[*].type}
[19:00:14] Job 'parsec-vips' completed successfully (107s)
[19:00:14] $ kubectl get pods --selector=job-name=parsec-vips --output=jsonpath={.items[*].metadata.name}
[19:00:14] $ kubectl logs parsec-vips-vhxh2
[19:00:15] Execution time: 62.1s
[19:00:15] Cleaning up jobs and pods...
[19:00:15] $ kubectl delete jobs --all
job.batch "parsec-vips" deleted from default namespace
[19:00:15] $ kubectl delete pods --all
No resources found
[19:00:25] Results saved to part2b-experiments/run1/results.csv
[19:00:25] 
Progress: 26/28 (Run 1)
[19:00:25] 
============================================================
[19:00:25]   Benchmark:    vips
[19:00:25]   Threads:      2
[19:00:25] ============================================================
[19:00:25] Cleaning up jobs and pods...
[19:00:25] $ kubectl delete jobs --all
No resources found
[19:00:26] $ kubectl delete pods --all
No resources found
[19:00:36] Starting benchmark: vips with 2 thread(s)
[19:00:36] $ kubectl create -f /var/folders/4g/q_cgnrh92f19vvbrw_hg6j340000gn/T/parsec-vips-t2-f46tzqpy.yaml
job.batch/parsec-vips created
[19:00:36] Waiting for job 'parsec-vips' to complete...
[19:00:36] $ kubectl get jobs parsec-vips -o jsonpath={.status.conditions[*].type}
[19:00:36]   Still running... (0s elapsed)
[19:00:51] $ kubectl get jobs parsec-vips -o jsonpath={.status.conditions[*].type}
[19:00:52]   Still running... (15s elapsed)
[19:01:07] $ kubectl get jobs parsec-vips -o jsonpath={.status.conditions[*].type}
[19:01:07]   Still running... (30s elapsed)
[19:01:22] $ kubectl get jobs parsec-vips -o jsonpath={.status.conditions[*].type}
[19:01:22] Job 'parsec-vips' completed successfully (46s)
[19:01:22] $ kubectl get pods --selector=job-name=parsec-vips --output=jsonpath={.items[*].metadata.name}
[19:01:23] $ kubectl logs parsec-vips-ql66j
[19:01:23] Execution time: 32.9s
[19:01:23] Cleaning up jobs and pods...
[19:01:23] $ kubectl delete jobs --all
job.batch "parsec-vips" deleted from default namespace
[19:01:23] $ kubectl delete pods --all
No resources found
[19:01:33] Results saved to part2b-experiments/run1/results.csv
[19:01:33] 
Progress: 27/28 (Run 1)
[19:01:33] 
============================================================
[19:01:33]   Benchmark:    vips
[19:01:33]   Threads:      4
[19:01:33] ============================================================
[19:01:33] Cleaning up jobs and pods...
[19:01:33] $ kubectl delete jobs --all
No resources found
[19:01:33] $ kubectl delete pods --all
No resources found
[19:01:43] Starting benchmark: vips with 4 thread(s)
[19:01:43] $ kubectl create -f /var/folders/4g/q_cgnrh92f19vvbrw_hg6j340000gn/T/parsec-vips-t4-67wdkdsk.yaml
job.batch/parsec-vips created
[19:01:44] Waiting for job 'parsec-vips' to complete...
[19:01:44] $ kubectl get jobs parsec-vips -o jsonpath={.status.conditions[*].type}
[19:01:44]   Still running... (0s elapsed)
[19:01:59] $ kubectl get jobs parsec-vips -o jsonpath={.status.conditions[*].type}
[19:01:59]   Still running... (15s elapsed)
[19:02:14] $ kubectl get jobs parsec-vips -o jsonpath={.status.conditions[*].type}
[19:02:14]   Still running... (30s elapsed)
[19:02:29] $ kubectl get jobs parsec-vips -o jsonpath={.status.conditions[*].type}
[19:02:30] Job 'parsec-vips' completed successfully (46s)
[19:02:30] $ kubectl get pods --selector=job-name=parsec-vips --output=jsonpath={.items[*].metadata.name}
[19:02:30] $ kubectl logs parsec-vips-txb2b
[19:02:30] Execution time: 16.8s
[19:02:30] Cleaning up jobs and pods...
[19:02:30] $ kubectl delete jobs --all
job.batch "parsec-vips" deleted from default namespace
[19:02:30] $ kubectl delete pods --all
No resources found
[19:02:40] Results saved to part2b-experiments/run1/results.csv
[19:02:40] 
Progress: 28/28 (Run 1)
[19:02:40] 
============================================================
[19:02:40]   Benchmark:    vips
[19:02:40]   Threads:      8
[19:02:40] ============================================================
[19:02:40] Cleaning up jobs and pods...
[19:02:40] $ kubectl delete jobs --all
No resources found
[19:02:41] $ kubectl delete pods --all
No resources found
[19:02:51] Starting benchmark: vips with 8 thread(s)
[19:02:51] $ kubectl create -f /var/folders/4g/q_cgnrh92f19vvbrw_hg6j340000gn/T/parsec-vips-t8-5cp3sagh.yaml
job.batch/parsec-vips created
[19:02:51] Waiting for job 'parsec-vips' to complete...
[19:02:51] $ kubectl get jobs parsec-vips -o jsonpath={.status.conditions[*].type}
[19:02:51]   Still running... (0s elapsed)
[19:03:06] $ kubectl get jobs parsec-vips -o jsonpath={.status.conditions[*].type}
[19:03:06]   Still running... (15s elapsed)
[19:03:21] $ kubectl get jobs parsec-vips -o jsonpath={.status.conditions[*].type}
[19:03:22]   Still running... (30s elapsed)
[19:03:37] $ kubectl get jobs parsec-vips -o jsonpath={.status.conditions[*].type}
[19:03:37] Job 'parsec-vips' completed successfully (46s)
[19:03:37] $ kubectl get pods --selector=job-name=parsec-vips --output=jsonpath={.items[*].metadata.name}
[19:03:37] $ kubectl logs parsec-vips-gfzlt
[19:03:37] Execution time: 14.4s
[19:03:37] Cleaning up jobs and pods...
[19:03:37] $ kubectl delete jobs --all
job.batch "parsec-vips" deleted from default namespace
[19:03:37] $ kubectl delete pods --all
No resources found
[19:03:48] Results saved to part2b-experiments/run1/results.csv
[19:03:48] 
============================================================
[19:03:48] Run 1 done! Results in part2b-experiments/run1
[19:03:48] ============================================================
[19:03:48] 
Run 1 done, starting run 2...
[19:03:48] 
############################################################
[19:03:48]   Starting Run 2
[19:03:48] ############################################################
[19:03:48] Output directory: part2b-experiments/run2
[19:03:48] Total experiments: 7 x 4 = 28
[19:03:48] Labelling parsec node...
[19:03:48] $ kubectl get nodes -o wide
[19:03:48] Found parsec node: parsec-server-z4n1
[19:03:48] $ kubectl label nodes parsec-server-z4n1 cca-project-nodetype=parsec --overwrite
node/parsec-server-z4n1 not labeled
[19:03:48] 
Progress: 1/28 (Run 2)
[19:03:48] 
============================================================
[19:03:48]   Benchmark:    barnes
[19:03:48]   Threads:      1
[19:03:48] ============================================================
[19:03:48] Cleaning up jobs and pods...
[19:03:48] $ kubectl delete jobs --all
No resources found
[19:03:48] $ kubectl delete pods --all
No resources found
[19:03:58] Starting benchmark: barnes with 1 thread(s)
[19:03:58] $ kubectl create -f /var/folders/4g/q_cgnrh92f19vvbrw_hg6j340000gn/T/parsec-barnes-t1-bpx0k_26.yaml
job.batch/parsec-barnes created
[19:03:59] Waiting for job 'parsec-barnes' to complete...
[19:03:59] $ kubectl get jobs parsec-barnes -o jsonpath={.status.conditions[*].type}
[19:03:59]   Still running... (0s elapsed)
[19:04:14] $ kubectl get jobs parsec-barnes -o jsonpath={.status.conditions[*].type}
[19:04:14]   Still running... (15s elapsed)
[19:04:29] $ kubectl get jobs parsec-barnes -o jsonpath={.status.conditions[*].type}
[19:04:29]   Still running... (30s elapsed)
[19:04:44] $ kubectl get jobs parsec-barnes -o jsonpath={.status.conditions[*].type}
[19:04:44]   Still running... (46s elapsed)
[19:04:59] $ kubectl get jobs parsec-barnes -o jsonpath={.status.conditions[*].type}
[19:05:00]   Still running... (61s elapsed)
[19:05:15] $ kubectl get jobs parsec-barnes -o jsonpath={.status.conditions[*].type}
[19:05:15]   Still running... (76s elapsed)
[19:05:30] $ kubectl get jobs parsec-barnes -o jsonpath={.status.conditions[*].type}
[19:05:30]   Still running... (92s elapsed)
[19:05:45] $ kubectl get jobs parsec-barnes -o jsonpath={.status.conditions[*].type}
[19:05:46]   Still running... (107s elapsed)
[19:06:01] $ kubectl get jobs parsec-barnes -o jsonpath={.status.conditions[*].type}
[19:06:01]   Still running... (122s elapsed)
[19:06:16] $ kubectl get jobs parsec-barnes -o jsonpath={.status.conditions[*].type}
[19:06:16] Job 'parsec-barnes' completed successfully (137s)
[19:06:16] $ kubectl get pods --selector=job-name=parsec-barnes --output=jsonpath={.items[*].metadata.name}
[19:06:16] $ kubectl logs parsec-barnes-v979n
[19:06:17] Execution time: 125.0s
[19:06:17] Cleaning up jobs and pods...
[19:06:17] $ kubectl delete jobs --all
job.batch "parsec-barnes" deleted from default namespace
[19:06:17] $ kubectl delete pods --all
No resources found
[19:06:27] Results saved to part2b-experiments/run2/results.csv
[19:06:27] 
Progress: 2/28 (Run 2)
[19:06:27] 
============================================================
[19:06:27]   Benchmark:    barnes
[19:06:27]   Threads:      2
[19:06:27] ============================================================
[19:06:27] Cleaning up jobs and pods...
[19:06:27] $ kubectl delete jobs --all
No resources found
[19:06:27] $ kubectl delete pods --all
No resources found
[19:06:37] Starting benchmark: barnes with 2 thread(s)
[19:06:37] $ kubectl create -f /var/folders/4g/q_cgnrh92f19vvbrw_hg6j340000gn/T/parsec-barnes-t2-8_uiq7rr.yaml
job.batch/parsec-barnes created
[19:06:38] Waiting for job 'parsec-barnes' to complete...
[19:06:38] $ kubectl get jobs parsec-barnes -o jsonpath={.status.conditions[*].type}
[19:06:38]   Still running... (0s elapsed)
[19:06:53] $ kubectl get jobs parsec-barnes -o jsonpath={.status.conditions[*].type}
[19:06:53]   Still running... (15s elapsed)
[19:07:08] $ kubectl get jobs parsec-barnes -o jsonpath={.status.conditions[*].type}
[19:07:08]   Still running... (30s elapsed)
[19:07:23] $ kubectl get jobs parsec-barnes -o jsonpath={.status.conditions[*].type}
[19:07:24]   Still running... (46s elapsed)
[19:07:39] $ kubectl get jobs parsec-barnes -o jsonpath={.status.conditions[*].type}
[19:07:39]   Still running... (61s elapsed)
[19:07:54] $ kubectl get jobs parsec-barnes -o jsonpath={.status.conditions[*].type}
[19:07:54] Job 'parsec-barnes' completed successfully (76s)
[19:07:54] $ kubectl get pods --selector=job-name=parsec-barnes --output=jsonpath={.items[*].metadata.name}
[19:07:54] $ kubectl logs parsec-barnes-zm8jt
[19:07:54] Execution time: 58.8s
[19:07:54] Cleaning up jobs and pods...
[19:07:54] $ kubectl delete jobs --all
job.batch "parsec-barnes" deleted from default namespace
[19:07:55] $ kubectl delete pods --all
No resources found
[19:08:05] Results saved to part2b-experiments/run2/results.csv
[19:08:05] 
Progress: 3/28 (Run 2)
[19:08:05] 
============================================================
[19:08:05]   Benchmark:    barnes
[19:08:05]   Threads:      4
[19:08:05] ============================================================
[19:08:05] Cleaning up jobs and pods...
[19:08:05] $ kubectl delete jobs --all
No resources found
[19:08:05] $ kubectl delete pods --all
No resources found
[19:08:15] Starting benchmark: barnes with 4 thread(s)
[19:08:15] $ kubectl create -f /var/folders/4g/q_cgnrh92f19vvbrw_hg6j340000gn/T/parsec-barnes-t4-2dh079uv.yaml
job.batch/parsec-barnes created
[19:08:15] Waiting for job 'parsec-barnes' to complete...
[19:08:15] $ kubectl get jobs parsec-barnes -o jsonpath={.status.conditions[*].type}
[19:08:15]   Still running... (0s elapsed)
[19:08:30] $ kubectl get jobs parsec-barnes -o jsonpath={.status.conditions[*].type}
[19:08:31]   Still running... (15s elapsed)
[19:08:46] $ kubectl get jobs parsec-barnes -o jsonpath={.status.conditions[*].type}
[19:08:46]   Still running... (30s elapsed)
[19:09:01] $ kubectl get jobs parsec-barnes -o jsonpath={.status.conditions[*].type}
[19:09:01] Job 'parsec-barnes' completed successfully (46s)
[19:09:01] $ kubectl get pods --selector=job-name=parsec-barnes --output=jsonpath={.items[*].metadata.name}
[19:09:01] $ kubectl logs parsec-barnes-vtn5h
[19:09:02] Execution time: 30.8s
[19:09:02] Cleaning up jobs and pods...
[19:09:02] $ kubectl delete jobs --all
job.batch "parsec-barnes" deleted from default namespace
[19:09:02] $ kubectl delete pods --all
No resources found
[19:09:12] Results saved to part2b-experiments/run2/results.csv
[19:09:12] 
Progress: 4/28 (Run 2)
[19:09:12] 
============================================================
[19:09:12]   Benchmark:    barnes
[19:09:12]   Threads:      8
[19:09:12] ============================================================
[19:09:12] Cleaning up jobs and pods...
[19:09:12] $ kubectl delete jobs --all
No resources found
[19:09:12] $ kubectl delete pods --all
No resources found
[19:09:22] Starting benchmark: barnes with 8 thread(s)
[19:09:22] $ kubectl create -f /var/folders/4g/q_cgnrh92f19vvbrw_hg6j340000gn/T/parsec-barnes-t8-_rtp63kq.yaml
job.batch/parsec-barnes created
[19:09:23] Waiting for job 'parsec-barnes' to complete...
[19:09:23] $ kubectl get jobs parsec-barnes -o jsonpath={.status.conditions[*].type}
[19:09:23]   Still running... (0s elapsed)
[19:09:38] $ kubectl get jobs parsec-barnes -o jsonpath={.status.conditions[*].type}
[19:09:38]   Still running... (15s elapsed)
[19:09:53] $ kubectl get jobs parsec-barnes -o jsonpath={.status.conditions[*].type}
[19:09:53] Job 'parsec-barnes' completed successfully (30s)
[19:09:53] $ kubectl get pods --selector=job-name=parsec-barnes --output=jsonpath={.items[*].metadata.name}
[19:09:53] $ kubectl logs parsec-barnes-4wj7d
[19:09:54] Execution time: 23.8s
[19:09:54] Cleaning up jobs and pods...
[19:09:54] $ kubectl delete jobs --all
job.batch "parsec-barnes" deleted from default namespace
[19:09:54] $ kubectl delete pods --all
No resources found
[19:10:04] Results saved to part2b-experiments/run2/results.csv
[19:10:04] 
Progress: 5/28 (Run 2)
[19:10:04] 
============================================================
[19:10:04]   Benchmark:    blackscholes
[19:10:04]   Threads:      1
[19:10:04] ============================================================
[19:10:04] Cleaning up jobs and pods...
[19:10:04] $ kubectl delete jobs --all
No resources found
[19:10:04] $ kubectl delete pods --all
No resources found
[19:10:14] Starting benchmark: blackscholes with 1 thread(s)
[19:10:14] $ kubectl create -f /var/folders/4g/q_cgnrh92f19vvbrw_hg6j340000gn/T/parsec-blackscholes-t1-bvm1561g.yaml
job.batch/parsec-blackscholes created
[19:10:15] Waiting for job 'parsec-blackscholes' to complete...
[19:10:15] $ kubectl get jobs parsec-blackscholes -o jsonpath={.status.conditions[*].type}
[19:10:15]   Still running... (0s elapsed)
[19:10:30] $ kubectl get jobs parsec-blackscholes -o jsonpath={.status.conditions[*].type}
[19:10:30]   Still running... (15s elapsed)
[19:10:45] $ kubectl get jobs parsec-blackscholes -o jsonpath={.status.conditions[*].type}
[19:10:45]   Still running... (30s elapsed)
[19:11:00] $ kubectl get jobs parsec-blackscholes -o jsonpath={.status.conditions[*].type}
[19:11:01]   Still running... (46s elapsed)
[19:11:16] $ kubectl get jobs parsec-blackscholes -o jsonpath={.status.conditions[*].type}
[19:11:16]   Still running... (61s elapsed)
[19:11:31] $ kubectl get jobs parsec-blackscholes -o jsonpath={.status.conditions[*].type}
[19:11:32] Job 'parsec-blackscholes' completed successfully (77s)
[19:11:32] $ kubectl get pods --selector=job-name=parsec-blackscholes --output=jsonpath={.items[*].metadata.name}
[19:11:32] $ kubectl logs parsec-blackscholes-wxc5k
[19:11:32] Execution time: 64.7s
[19:11:32] Cleaning up jobs and pods...
[19:11:32] $ kubectl delete jobs --all
job.batch "parsec-blackscholes" deleted from default namespace
[19:11:32] $ kubectl delete pods --all
No resources found
[19:11:42] Results saved to part2b-experiments/run2/results.csv
[19:11:42] 
Progress: 6/28 (Run 2)
[19:11:42] 
============================================================
[19:11:42]   Benchmark:    blackscholes
[19:11:42]   Threads:      2
[19:11:42] ============================================================
[19:11:42] Cleaning up jobs and pods...
[19:11:42] $ kubectl delete jobs --all
No resources found
[19:11:42] $ kubectl delete pods --all
No resources found
[19:11:53] Starting benchmark: blackscholes with 2 thread(s)
[19:11:53] $ kubectl create -f /var/folders/4g/q_cgnrh92f19vvbrw_hg6j340000gn/T/parsec-blackscholes-t2-6liigy_z.yaml
job.batch/parsec-blackscholes created
[19:11:53] Waiting for job 'parsec-blackscholes' to complete...
[19:11:53] $ kubectl get jobs parsec-blackscholes -o jsonpath={.status.conditions[*].type}
[19:11:53]   Still running... (0s elapsed)
[19:12:08] $ kubectl get jobs parsec-blackscholes -o jsonpath={.status.conditions[*].type}
[19:12:09]   Still running... (15s elapsed)
[19:12:24] $ kubectl get jobs parsec-blackscholes -o jsonpath={.status.conditions[*].type}
[19:12:24]   Still running... (31s elapsed)
[19:12:39] $ kubectl get jobs parsec-blackscholes -o jsonpath={.status.conditions[*].type}
[19:12:39] Job 'parsec-blackscholes' completed successfully (46s)
[19:12:39] $ kubectl get pods --selector=job-name=parsec-blackscholes --output=jsonpath={.items[*].metadata.name}
[19:12:40] $ kubectl logs parsec-blackscholes-npkd7
[19:12:40] Execution time: 38.7s
[19:12:40] Cleaning up jobs and pods...
[19:12:40] $ kubectl delete jobs --all
job.batch "parsec-blackscholes" deleted from default namespace
[19:12:40] $ kubectl delete pods --all
No resources found
[19:12:50] Results saved to part2b-experiments/run2/results.csv
[19:12:50] 
Progress: 7/28 (Run 2)
[19:12:50] 
============================================================
[19:12:50]   Benchmark:    blackscholes
[19:12:50]   Threads:      4
[19:12:50] ============================================================
[19:12:50] Cleaning up jobs and pods...
[19:12:50] $ kubectl delete jobs --all
No resources found
[19:12:50] $ kubectl delete pods --all
No resources found
[19:13:00] Starting benchmark: blackscholes with 4 thread(s)
[19:13:00] $ kubectl create -f /var/folders/4g/q_cgnrh92f19vvbrw_hg6j340000gn/T/parsec-blackscholes-t4-4xi16rx7.yaml
job.batch/parsec-blackscholes created
[19:13:01] Waiting for job 'parsec-blackscholes' to complete...
[19:13:01] $ kubectl get jobs parsec-blackscholes -o jsonpath={.status.conditions[*].type}
[19:13:01]   Still running... (0s elapsed)
[19:13:16] $ kubectl get jobs parsec-blackscholes -o jsonpath={.status.conditions[*].type}
[19:13:16]   Still running... (15s elapsed)
[19:13:31] $ kubectl get jobs parsec-blackscholes -o jsonpath={.status.conditions[*].type}
[19:13:31]   Still running... (30s elapsed)
[19:13:46] $ kubectl get jobs parsec-blackscholes -o jsonpath={.status.conditions[*].type}
[19:13:47] Job 'parsec-blackscholes' completed successfully (46s)
[19:13:47] $ kubectl get pods --selector=job-name=parsec-blackscholes --output=jsonpath={.items[*].metadata.name}
[19:13:47] $ kubectl logs parsec-blackscholes-68zgf
[19:13:47] Execution time: 25.0s
[19:13:47] Cleaning up jobs and pods...
[19:13:47] $ kubectl delete jobs --all
job.batch "parsec-blackscholes" deleted from default namespace
[19:13:47] $ kubectl delete pods --all
No resources found
[19:13:57] Results saved to part2b-experiments/run2/results.csv
[19:13:57] 
Progress: 8/28 (Run 2)
[19:13:57] 
============================================================
[19:13:57]   Benchmark:    blackscholes
[19:13:57]   Threads:      8
[19:13:57] ============================================================
[19:13:57] Cleaning up jobs and pods...
[19:13:57] $ kubectl delete jobs --all
No resources found
[19:13:58] $ kubectl delete pods --all
No resources found
[19:14:08] Starting benchmark: blackscholes with 8 thread(s)
[19:14:08] $ kubectl create -f /var/folders/4g/q_cgnrh92f19vvbrw_hg6j340000gn/T/parsec-blackscholes-t8-hmnk818_.yaml
job.batch/parsec-blackscholes created
[19:14:08] Waiting for job 'parsec-blackscholes' to complete...
[19:14:08] $ kubectl get jobs parsec-blackscholes -o jsonpath={.status.conditions[*].type}
[19:14:08]   Still running... (0s elapsed)
[19:14:23] $ kubectl get jobs parsec-blackscholes -o jsonpath={.status.conditions[*].type}
[19:14:23]   Still running... (15s elapsed)
[19:14:38] $ kubectl get jobs parsec-blackscholes -o jsonpath={.status.conditions[*].type}
[19:14:39] Job 'parsec-blackscholes' completed successfully (30s)
[19:14:39] $ kubectl get pods --selector=job-name=parsec-blackscholes --output=jsonpath={.items[*].metadata.name}
[19:14:39] $ kubectl logs parsec-blackscholes-7bgs4
[19:14:39] Execution time: 21.3s
[19:14:39] Cleaning up jobs and pods...
[19:14:39] $ kubectl delete jobs --all
job.batch "parsec-blackscholes" deleted from default namespace
[19:14:39] $ kubectl delete pods --all
No resources found
[19:14:49] Results saved to part2b-experiments/run2/results.csv
[19:14:49] 
Progress: 9/28 (Run 2)
[19:14:49] 
============================================================
[19:14:49]   Benchmark:    canneal
[19:14:49]   Threads:      1
[19:14:49] ============================================================
[19:14:49] Cleaning up jobs and pods...
[19:14:49] $ kubectl delete jobs --all
No resources found
[19:14:50] $ kubectl delete pods --all
No resources found
[19:15:00] Starting benchmark: canneal with 1 thread(s)
[19:15:00] $ kubectl create -f /var/folders/4g/q_cgnrh92f19vvbrw_hg6j340000gn/T/parsec-canneal-t1-ib0gr9bv.yaml
job.batch/parsec-canneal created
[19:15:00] Waiting for job 'parsec-canneal' to complete...
[19:15:00] $ kubectl get jobs parsec-canneal -o jsonpath={.status.conditions[*].type}
[19:15:00]   Still running... (0s elapsed)
[19:15:15] $ kubectl get jobs parsec-canneal -o jsonpath={.status.conditions[*].type}
[19:15:15]   Still running... (15s elapsed)
[19:15:30] $ kubectl get jobs parsec-canneal -o jsonpath={.status.conditions[*].type}
[19:15:31]   Still running... (30s elapsed)
[19:15:46] $ kubectl get jobs parsec-canneal -o jsonpath={.status.conditions[*].type}
[19:15:46]   Still running... (46s elapsed)
[19:16:01] $ kubectl get jobs parsec-canneal -o jsonpath={.status.conditions[*].type}
[19:16:01]   Still running... (61s elapsed)
[19:16:16] $ kubectl get jobs parsec-canneal -o jsonpath={.status.conditions[*].type}
[19:16:17]   Still running... (76s elapsed)
[19:16:32] $ kubectl get jobs parsec-canneal -o jsonpath={.status.conditions[*].type}
[19:16:32]   Still running... (92s elapsed)
[19:16:47] $ kubectl get jobs parsec-canneal -o jsonpath={.status.conditions[*].type}
[19:16:47]   Still running... (107s elapsed)
[19:17:02] $ kubectl get jobs parsec-canneal -o jsonpath={.status.conditions[*].type}
[19:17:02]   Still running... (122s elapsed)
[19:17:17] $ kubectl get jobs parsec-canneal -o jsonpath={.status.conditions[*].type}
[19:17:18]   Still running... (137s elapsed)
[19:17:33] $ kubectl get jobs parsec-canneal -o jsonpath={.status.conditions[*].type}
[19:17:33]   Still running... (153s elapsed)
[19:17:48] $ kubectl get jobs parsec-canneal -o jsonpath={.status.conditions[*].type}
[19:17:48]   Still running... (168s elapsed)
[19:18:03] $ kubectl get jobs parsec-canneal -o jsonpath={.status.conditions[*].type}
[19:18:04]   Still running... (183s elapsed)
[19:18:19] $ kubectl get jobs parsec-canneal -o jsonpath={.status.conditions[*].type}
[19:18:19]   Still running... (199s elapsed)
[19:18:34] $ kubectl get jobs parsec-canneal -o jsonpath={.status.conditions[*].type}
[19:18:34]   Still running... (214s elapsed)
[19:18:49] $ kubectl get jobs parsec-canneal -o jsonpath={.status.conditions[*].type}
[19:18:50]   Still running... (229s elapsed)
[19:19:05] $ kubectl get jobs parsec-canneal -o jsonpath={.status.conditions[*].type}
[19:19:05]   Still running... (245s elapsed)
[19:19:20] $ kubectl get jobs parsec-canneal -o jsonpath={.status.conditions[*].type}
[19:19:20]   Still running... (260s elapsed)
[19:19:35] $ kubectl get jobs parsec-canneal -o jsonpath={.status.conditions[*].type}
[19:19:35]   Still running... (275s elapsed)
[19:19:50] $ kubectl get jobs parsec-canneal -o jsonpath={.status.conditions[*].type}
[19:19:51] Job 'parsec-canneal' completed successfully (290s)
[19:19:51] $ kubectl get pods --selector=job-name=parsec-canneal --output=jsonpath={.items[*].metadata.name}
[19:19:51] $ kubectl logs parsec-canneal-56vhs
[19:19:51] Execution time: 283.3s
[19:19:51] Cleaning up jobs and pods...
[19:19:51] $ kubectl delete jobs --all
job.batch "parsec-canneal" deleted from default namespace
[19:19:51] $ kubectl delete pods --all
No resources found
[19:20:01] Results saved to part2b-experiments/run2/results.csv
[19:20:01] 
Progress: 10/28 (Run 2)
[19:20:01] 
============================================================
[19:20:01]   Benchmark:    canneal
[19:20:01]   Threads:      2
[19:20:01] ============================================================
[19:20:01] Cleaning up jobs and pods...
[19:20:01] $ kubectl delete jobs --all
No resources found
[19:20:01] $ kubectl delete pods --all
No resources found
[19:20:12] Starting benchmark: canneal with 2 thread(s)
[19:20:12] $ kubectl create -f /var/folders/4g/q_cgnrh92f19vvbrw_hg6j340000gn/T/parsec-canneal-t2-qnfcnk33.yaml
job.batch/parsec-canneal created
[19:20:12] Waiting for job 'parsec-canneal' to complete...
[19:20:12] $ kubectl get jobs parsec-canneal -o jsonpath={.status.conditions[*].type}
[19:20:12]   Still running... (0s elapsed)
[19:20:27] $ kubectl get jobs parsec-canneal -o jsonpath={.status.conditions[*].type}
[19:20:27]   Still running... (15s elapsed)
[19:20:42] $ kubectl get jobs parsec-canneal -o jsonpath={.status.conditions[*].type}
[19:20:43]   Still running... (30s elapsed)
[19:20:58] $ kubectl get jobs parsec-canneal -o jsonpath={.status.conditions[*].type}
[19:20:58]   Still running... (46s elapsed)
[19:21:13] $ kubectl get jobs parsec-canneal -o jsonpath={.status.conditions[*].type}
[19:21:13]   Still running... (61s elapsed)
[19:21:28] $ kubectl get jobs parsec-canneal -o jsonpath={.status.conditions[*].type}
[19:21:28]   Still running... (76s elapsed)
[19:21:43] $ kubectl get jobs parsec-canneal -o jsonpath={.status.conditions[*].type}
[19:21:44]   Still running... (92s elapsed)
[19:21:59] $ kubectl get jobs parsec-canneal -o jsonpath={.status.conditions[*].type}
[19:21:59]   Still running... (107s elapsed)
[19:22:14] $ kubectl get jobs parsec-canneal -o jsonpath={.status.conditions[*].type}
[19:22:14]   Still running... (122s elapsed)
[19:22:29] $ kubectl get jobs parsec-canneal -o jsonpath={.status.conditions[*].type}
[19:22:30]   Still running... (137s elapsed)
[19:22:45] $ kubectl get jobs parsec-canneal -o jsonpath={.status.conditions[*].type}
[19:22:45]   Still running... (153s elapsed)
[19:23:00] $ kubectl get jobs parsec-canneal -o jsonpath={.status.conditions[*].type}
[19:23:00]   Still running... (168s elapsed)
[19:23:15] $ kubectl get jobs parsec-canneal -o jsonpath={.status.conditions[*].type}
[19:23:15]   Still running... (183s elapsed)
[19:23:30] $ kubectl get jobs parsec-canneal -o jsonpath={.status.conditions[*].type}
[19:23:31] Job 'parsec-canneal' completed successfully (198s)
[19:23:31] $ kubectl get pods --selector=job-name=parsec-canneal --output=jsonpath={.items[*].metadata.name}
[19:23:31] $ kubectl logs parsec-canneal-kv5pc
[19:23:31] Execution time: 183.5s
[19:23:31] Cleaning up jobs and pods...
[19:23:31] $ kubectl delete jobs --all
job.batch "parsec-canneal" deleted from default namespace
[19:23:31] $ kubectl delete pods --all
No resources found
[19:23:41] Results saved to part2b-experiments/run2/results.csv
[19:23:41] 
Progress: 11/28 (Run 2)
[19:23:41] 
============================================================
[19:23:41]   Benchmark:    canneal
[19:23:41]   Threads:      4
[19:23:41] ============================================================
[19:23:41] Cleaning up jobs and pods...
[19:23:41] $ kubectl delete jobs --all
No resources found
[19:23:42] $ kubectl delete pods --all
No resources found
[19:23:52] Starting benchmark: canneal with 4 thread(s)
[19:23:52] $ kubectl create -f /var/folders/4g/q_cgnrh92f19vvbrw_hg6j340000gn/T/parsec-canneal-t4-7_dllzxz.yaml
job.batch/parsec-canneal created
[19:23:52] Waiting for job 'parsec-canneal' to complete...
[19:23:52] $ kubectl get jobs parsec-canneal -o jsonpath={.status.conditions[*].type}
[19:23:52]   Still running... (0s elapsed)
[19:24:07] $ kubectl get jobs parsec-canneal -o jsonpath={.status.conditions[*].type}
[19:24:07]   Still running... (15s elapsed)
[19:24:22] $ kubectl get jobs parsec-canneal -o jsonpath={.status.conditions[*].type}
[19:24:23]   Still running... (30s elapsed)
[19:24:38] $ kubectl get jobs parsec-canneal -o jsonpath={.status.conditions[*].type}
[19:24:38]   Still running... (46s elapsed)
[19:24:53] $ kubectl get jobs parsec-canneal -o jsonpath={.status.conditions[*].type}
[19:24:53]   Still running... (61s elapsed)
[19:25:08] $ kubectl get jobs parsec-canneal -o jsonpath={.status.conditions[*].type}
[19:25:09]   Still running... (76s elapsed)
[19:25:24] $ kubectl get jobs parsec-canneal -o jsonpath={.status.conditions[*].type}
[19:25:24]   Still running... (92s elapsed)
[19:25:39] $ kubectl get jobs parsec-canneal -o jsonpath={.status.conditions[*].type}
[19:25:39]   Still running... (107s elapsed)
[19:25:54] $ kubectl get jobs parsec-canneal -o jsonpath={.status.conditions[*].type}
[19:25:55]   Still running... (122s elapsed)
[19:26:10] $ kubectl get jobs parsec-canneal -o jsonpath={.status.conditions[*].type}
[19:26:10]   Still running... (138s elapsed)
[19:26:25] $ kubectl get jobs parsec-canneal -o jsonpath={.status.conditions[*].type}
[19:26:25] Job 'parsec-canneal' completed successfully (153s)
[19:26:25] $ kubectl get pods --selector=job-name=parsec-canneal --output=jsonpath={.items[*].metadata.name}
[19:26:25] $ kubectl logs parsec-canneal-dlb6f
[19:26:25] Execution time: 140.2s
[19:26:25] Cleaning up jobs and pods...
[19:26:25] $ kubectl delete jobs --all
job.batch "parsec-canneal" deleted from default namespace
[19:26:26] $ kubectl delete pods --all
No resources found
[19:26:36] Results saved to part2b-experiments/run2/results.csv
[19:26:36] 
Progress: 12/28 (Run 2)
[19:26:36] 
============================================================
[19:26:36]   Benchmark:    canneal
[19:26:36]   Threads:      8
[19:26:36] ============================================================
[19:26:36] Cleaning up jobs and pods...
[19:26:36] $ kubectl delete jobs --all
No resources found
[19:26:36] $ kubectl delete pods --all
No resources found
[19:26:46] Starting benchmark: canneal with 8 thread(s)
[19:26:46] $ kubectl create -f /var/folders/4g/q_cgnrh92f19vvbrw_hg6j340000gn/T/parsec-canneal-t8-0ng_clf7.yaml
job.batch/parsec-canneal created
[19:26:46] Waiting for job 'parsec-canneal' to complete...
[19:26:46] $ kubectl get jobs parsec-canneal -o jsonpath={.status.conditions[*].type}
[19:26:47]   Still running... (0s elapsed)
[19:27:02] $ kubectl get jobs parsec-canneal -o jsonpath={.status.conditions[*].type}
[19:27:02]   Still running... (15s elapsed)
[19:27:17] $ kubectl get jobs parsec-canneal -o jsonpath={.status.conditions[*].type}
[19:27:17]   Still running... (30s elapsed)
[19:27:32] $ kubectl get jobs parsec-canneal -o jsonpath={.status.conditions[*].type}
[19:27:32]   Still running... (46s elapsed)
[19:27:47] $ kubectl get jobs parsec-canneal -o jsonpath={.status.conditions[*].type}
[19:27:48]   Still running... (61s elapsed)
[19:28:03] $ kubectl get jobs parsec-canneal -o jsonpath={.status.conditions[*].type}
[19:28:03]   Still running... (76s elapsed)
[19:28:18] $ kubectl get jobs parsec-canneal -o jsonpath={.status.conditions[*].type}
[19:28:18]   Still running... (92s elapsed)
[19:28:33] $ kubectl get jobs parsec-canneal -o jsonpath={.status.conditions[*].type}
[19:28:34] Job 'parsec-canneal' completed successfully (107s)
[19:28:34] $ kubectl get pods --selector=job-name=parsec-canneal --output=jsonpath={.items[*].metadata.name}
[19:28:34] $ kubectl logs parsec-canneal-n7v9f
[19:28:34] Execution time: 95.6s
[19:28:34] Cleaning up jobs and pods...
[19:28:34] $ kubectl delete jobs --all
job.batch "parsec-canneal" deleted from default namespace
[19:28:34] $ kubectl delete pods --all
No resources found
[19:28:44] Results saved to part2b-experiments/run2/results.csv
[19:28:44] 
Progress: 13/28 (Run 2)
[19:28:44] 
============================================================
[19:28:44]   Benchmark:    freqmine
[19:28:44]   Threads:      1
[19:28:44] ============================================================
[19:28:44] Cleaning up jobs and pods...
[19:28:44] $ kubectl delete jobs --all
No resources found
[19:28:44] $ kubectl delete pods --all
No resources found
[19:28:55] Starting benchmark: freqmine with 1 thread(s)
[19:28:55] $ kubectl create -f /var/folders/4g/q_cgnrh92f19vvbrw_hg6j340000gn/T/parsec-freqmine-t1-3f5eh37z.yaml
job.batch/parsec-freqmine created
[19:28:55] Waiting for job 'parsec-freqmine' to complete...
[19:28:55] $ kubectl get jobs parsec-freqmine -o jsonpath={.status.conditions[*].type}
[19:28:55]   Still running... (0s elapsed)
[19:29:10] $ kubectl get jobs parsec-freqmine -o jsonpath={.status.conditions[*].type}
[19:29:10]   Still running... (15s elapsed)
[19:29:25] $ kubectl get jobs parsec-freqmine -o jsonpath={.status.conditions[*].type}
[19:29:26]   Still running... (30s elapsed)
[19:29:41] $ kubectl get jobs parsec-freqmine -o jsonpath={.status.conditions[*].type}
[19:29:41]   Still running... (46s elapsed)
[19:29:56] $ kubectl get jobs parsec-freqmine -o jsonpath={.status.conditions[*].type}
[19:29:56]   Still running... (61s elapsed)
[19:30:11] $ kubectl get jobs parsec-freqmine -o jsonpath={.status.conditions[*].type}
[19:30:11]   Still running... (76s elapsed)
[19:30:26] $ kubectl get jobs parsec-freqmine -o jsonpath={.status.conditions[*].type}
[19:30:27]   Still running... (92s elapsed)
[19:30:42] $ kubectl get jobs parsec-freqmine -o jsonpath={.status.conditions[*].type}
[19:30:42]   Still running... (107s elapsed)
[19:30:57] $ kubectl get jobs parsec-freqmine -o jsonpath={.status.conditions[*].type}
[19:30:57]   Still running... (122s elapsed)
[19:31:12] $ kubectl get jobs parsec-freqmine -o jsonpath={.status.conditions[*].type}
[19:31:13]   Still running... (137s elapsed)
[19:31:28] $ kubectl get jobs parsec-freqmine -o jsonpath={.status.conditions[*].type}
[19:31:28]   Still running... (153s elapsed)
[19:31:43] $ kubectl get jobs parsec-freqmine -o jsonpath={.status.conditions[*].type}
[19:31:43]   Still running... (168s elapsed)
[19:31:58] $ kubectl get jobs parsec-freqmine -o jsonpath={.status.conditions[*].type}
[19:31:58]   Still running... (183s elapsed)
[19:32:13] $ kubectl get jobs parsec-freqmine -o jsonpath={.status.conditions[*].type}
[19:32:14]   Still running... (198s elapsed)
[19:32:29] $ kubectl get jobs parsec-freqmine -o jsonpath={.status.conditions[*].type}
[19:32:29]   Still running... (214s elapsed)
[19:32:44] $ kubectl get jobs parsec-freqmine -o jsonpath={.status.conditions[*].type}
[19:32:44]   Still running... (229s elapsed)
[19:32:59] $ kubectl get jobs parsec-freqmine -o jsonpath={.status.conditions[*].type}
[19:32:59]   Still running... (244s elapsed)
[19:33:14] $ kubectl get jobs parsec-freqmine -o jsonpath={.status.conditions[*].type}
[19:33:15]   Still running... (260s elapsed)
[19:33:30] $ kubectl get jobs parsec-freqmine -o jsonpath={.status.conditions[*].type}
[19:33:30]   Still running... (275s elapsed)
[19:33:45] $ kubectl get jobs parsec-freqmine -o jsonpath={.status.conditions[*].type}
[19:33:45]   Still running... (290s elapsed)
[19:34:00] $ kubectl get jobs parsec-freqmine -o jsonpath={.status.conditions[*].type}
[19:34:01]   Still running... (305s elapsed)
[19:34:16] $ kubectl get jobs parsec-freqmine -o jsonpath={.status.conditions[*].type}
[19:34:16]   Still running... (321s elapsed)
[19:34:31] $ kubectl get jobs parsec-freqmine -o jsonpath={.status.conditions[*].type}
[19:34:31]   Still running... (336s elapsed)
[19:34:46] $ kubectl get jobs parsec-freqmine -o jsonpath={.status.conditions[*].type}
[19:34:46]   Still running... (351s elapsed)
[19:35:01] $ kubectl get jobs parsec-freqmine -o jsonpath={.status.conditions[*].type}
[19:35:02] Job 'parsec-freqmine' completed successfully (367s)
[19:35:02] $ kubectl get pods --selector=job-name=parsec-freqmine --output=jsonpath={.items[*].metadata.name}
[19:35:02] $ kubectl logs parsec-freqmine-gwsbj
[19:35:02] Execution time: 348.0s
[19:35:02] Cleaning up jobs and pods...
[19:35:02] $ kubectl delete jobs --all
job.batch "parsec-freqmine" deleted from default namespace
[19:35:02] $ kubectl delete pods --all
No resources found
[19:35:12] Results saved to part2b-experiments/run2/results.csv
[19:35:12] 
Progress: 14/28 (Run 2)
[19:35:12] 
============================================================
[19:35:12]   Benchmark:    freqmine
[19:35:12]   Threads:      2
[19:35:12] ============================================================
[19:35:12] Cleaning up jobs and pods...
[19:35:12] $ kubectl delete jobs --all
No resources found
[19:35:13] $ kubectl delete pods --all
No resources found
[19:35:23] Starting benchmark: freqmine with 2 thread(s)
[19:35:23] $ kubectl create -f /var/folders/4g/q_cgnrh92f19vvbrw_hg6j340000gn/T/parsec-freqmine-t2-c3gilmdg.yaml
job.batch/parsec-freqmine created
[19:35:23] Waiting for job 'parsec-freqmine' to complete...
[19:35:23] $ kubectl get jobs parsec-freqmine -o jsonpath={.status.conditions[*].type}
[19:35:23]   Still running... (0s elapsed)
[19:35:38] $ kubectl get jobs parsec-freqmine -o jsonpath={.status.conditions[*].type}
[19:35:39]   Still running... (15s elapsed)
[19:35:54] $ kubectl get jobs parsec-freqmine -o jsonpath={.status.conditions[*].type}
[19:35:54]   Still running... (30s elapsed)
[19:36:09] $ kubectl get jobs parsec-freqmine -o jsonpath={.status.conditions[*].type}
[19:36:09]   Still running... (46s elapsed)
[19:36:24] $ kubectl get jobs parsec-freqmine -o jsonpath={.status.conditions[*].type}
[19:36:24]   Still running... (61s elapsed)
[19:36:39] $ kubectl get jobs parsec-freqmine -o jsonpath={.status.conditions[*].type}
[19:36:40]   Still running... (76s elapsed)
[19:36:55] $ kubectl get jobs parsec-freqmine -o jsonpath={.status.conditions[*].type}
[19:36:55]   Still running... (92s elapsed)
[19:37:10] $ kubectl get jobs parsec-freqmine -o jsonpath={.status.conditions[*].type}
[19:37:10]   Still running... (107s elapsed)
[19:37:25] $ kubectl get jobs parsec-freqmine -o jsonpath={.status.conditions[*].type}
[19:37:26]   Still running... (122s elapsed)
[19:37:41] $ kubectl get jobs parsec-freqmine -o jsonpath={.status.conditions[*].type}
[19:37:41]   Still running... (137s elapsed)
[19:37:56] $ kubectl get jobs parsec-freqmine -o jsonpath={.status.conditions[*].type}
[19:37:56]   Still running... (153s elapsed)
[19:38:11] $ kubectl get jobs parsec-freqmine -o jsonpath={.status.conditions[*].type}
[19:38:11]   Still running... (168s elapsed)
[19:38:26] $ kubectl get jobs parsec-freqmine -o jsonpath={.status.conditions[*].type}
[19:38:27] Job 'parsec-freqmine' completed successfully (183s)
[19:38:27] $ kubectl get pods --selector=job-name=parsec-freqmine --output=jsonpath={.items[*].metadata.name}
[19:38:27] $ kubectl logs parsec-freqmine-shjjd
[19:38:27] Execution time: 172.1s
[19:38:27] Cleaning up jobs and pods...
[19:38:27] $ kubectl delete jobs --all
job.batch "parsec-freqmine" deleted from default namespace
[19:38:27] $ kubectl delete pods --all
No resources found
[19:38:37] Results saved to part2b-experiments/run2/results.csv
[19:38:37] 
Progress: 15/28 (Run 2)
[19:38:37] 
============================================================
[19:38:37]   Benchmark:    freqmine
[19:38:37]   Threads:      4
[19:38:37] ============================================================
[19:38:37] Cleaning up jobs and pods...
[19:38:37] $ kubectl delete jobs --all
No resources found
[19:38:38] $ kubectl delete pods --all
No resources found
[19:38:48] Starting benchmark: freqmine with 4 thread(s)
[19:38:48] $ kubectl create -f /var/folders/4g/q_cgnrh92f19vvbrw_hg6j340000gn/T/parsec-freqmine-t4-6d54n2uk.yaml
job.batch/parsec-freqmine created
[19:38:48] Waiting for job 'parsec-freqmine' to complete...
[19:38:48] $ kubectl get jobs parsec-freqmine -o jsonpath={.status.conditions[*].type}
[19:38:48]   Still running... (0s elapsed)
[19:39:03] $ kubectl get jobs parsec-freqmine -o jsonpath={.status.conditions[*].type}
[19:39:03]   Still running... (15s elapsed)
[19:39:18] $ kubectl get jobs parsec-freqmine -o jsonpath={.status.conditions[*].type}
[19:39:19]   Still running... (30s elapsed)
[19:39:34] $ kubectl get jobs parsec-freqmine -o jsonpath={.status.conditions[*].type}
[19:39:34]   Still running... (46s elapsed)
[19:39:49] $ kubectl get jobs parsec-freqmine -o jsonpath={.status.conditions[*].type}
[19:39:49]   Still running... (61s elapsed)
[19:40:04] $ kubectl get jobs parsec-freqmine -o jsonpath={.status.conditions[*].type}
[19:40:04]   Still running... (76s elapsed)
[19:40:19] $ kubectl get jobs parsec-freqmine -o jsonpath={.status.conditions[*].type}
[19:40:20]   Still running... (92s elapsed)
[19:40:35] $ kubectl get jobs parsec-freqmine -o jsonpath={.status.conditions[*].type}
[19:40:35] Job 'parsec-freqmine' completed successfully (107s)
[19:40:35] $ kubectl get pods --selector=job-name=parsec-freqmine --output=jsonpath={.items[*].metadata.name}
[19:40:35] $ kubectl logs parsec-freqmine-vq94k
[19:40:35] Execution time: 88.6s
[19:40:35] Cleaning up jobs and pods...
[19:40:35] $ kubectl delete jobs --all
job.batch "parsec-freqmine" deleted from default namespace
[19:40:35] $ kubectl delete pods --all
No resources found
[19:40:46] Results saved to part2b-experiments/run2/results.csv
[19:40:46] 
Progress: 16/28 (Run 2)
[19:40:46] 
============================================================
[19:40:46]   Benchmark:    freqmine
[19:40:46]   Threads:      8
[19:40:46] ============================================================
[19:40:46] Cleaning up jobs and pods...
[19:40:46] $ kubectl delete jobs --all
No resources found
[19:40:46] $ kubectl delete pods --all
No resources found
[19:40:56] Starting benchmark: freqmine with 8 thread(s)
[19:40:56] $ kubectl create -f /var/folders/4g/q_cgnrh92f19vvbrw_hg6j340000gn/T/parsec-freqmine-t8-jk3u3fl_.yaml
job.batch/parsec-freqmine created
[19:40:56] Waiting for job 'parsec-freqmine' to complete...
[19:40:56] $ kubectl get jobs parsec-freqmine -o jsonpath={.status.conditions[*].type}
[19:40:56]   Still running... (0s elapsed)
[19:41:11] $ kubectl get jobs parsec-freqmine -o jsonpath={.status.conditions[*].type}
[19:41:12]   Still running... (15s elapsed)
[19:41:27] $ kubectl get jobs parsec-freqmine -o jsonpath={.status.conditions[*].type}
[19:41:27]   Still running... (30s elapsed)
[19:41:42] $ kubectl get jobs parsec-freqmine -o jsonpath={.status.conditions[*].type}
[19:41:42]   Still running... (46s elapsed)
[19:41:57] $ kubectl get jobs parsec-freqmine -o jsonpath={.status.conditions[*].type}
[19:41:58]   Still running... (61s elapsed)
[19:42:13] $ kubectl get jobs parsec-freqmine -o jsonpath={.status.conditions[*].type}
[19:42:13] Job 'parsec-freqmine' completed successfully (76s)
[19:42:13] $ kubectl get pods --selector=job-name=parsec-freqmine --output=jsonpath={.items[*].metadata.name}
[19:42:13] $ kubectl logs parsec-freqmine-6fk7q
[19:42:13] Execution time: 68.3s
[19:42:13] Cleaning up jobs and pods...
[19:42:13] $ kubectl delete jobs --all
job.batch "parsec-freqmine" deleted from default namespace
[19:42:13] $ kubectl delete pods --all
No resources found
[19:42:23] Results saved to part2b-experiments/run2/results.csv
[19:42:23] 
Progress: 17/28 (Run 2)
[19:42:23] 
============================================================
[19:42:23]   Benchmark:    radix
[19:42:23]   Threads:      1
[19:42:23] ============================================================
[19:42:23] Cleaning up jobs and pods...
[19:42:23] $ kubectl delete jobs --all
No resources found
[19:42:24] $ kubectl delete pods --all
No resources found
[19:42:34] Starting benchmark: radix with 1 thread(s)
[19:42:34] $ kubectl create -f /var/folders/4g/q_cgnrh92f19vvbrw_hg6j340000gn/T/parsec-radix-t1-85j_oa8b.yaml
job.batch/parsec-radix created
[19:42:34] Waiting for job 'parsec-radix' to complete...
[19:42:34] $ kubectl get jobs parsec-radix -o jsonpath={.status.conditions[*].type}
[19:42:34]   Still running... (0s elapsed)
[19:42:49] $ kubectl get jobs parsec-radix -o jsonpath={.status.conditions[*].type}
[19:42:49]   Still running... (15s elapsed)
[19:43:04] $ kubectl get jobs parsec-radix -o jsonpath={.status.conditions[*].type}
[19:43:05]   Still running... (30s elapsed)
[19:43:20] $ kubectl get jobs parsec-radix -o jsonpath={.status.conditions[*].type}
[19:43:20] Job 'parsec-radix' completed successfully (46s)
[19:43:20] $ kubectl get pods --selector=job-name=parsec-radix --output=jsonpath={.items[*].metadata.name}
[19:43:20] $ kubectl logs parsec-radix-ffblk
[19:43:20] Execution time: 35.7s
[19:43:20] Cleaning up jobs and pods...
[19:43:20] $ kubectl delete jobs --all
job.batch "parsec-radix" deleted from default namespace
[19:43:20] $ kubectl delete pods --all
No resources found
[19:43:31] Results saved to part2b-experiments/run2/results.csv
[19:43:31] 
Progress: 18/28 (Run 2)
[19:43:31] 
============================================================
[19:43:31]   Benchmark:    radix
[19:43:31]   Threads:      2
[19:43:31] ============================================================
[19:43:31] Cleaning up jobs and pods...
[19:43:31] $ kubectl delete jobs --all
No resources found
[19:43:31] $ kubectl delete pods --all
No resources found
[19:43:41] Starting benchmark: radix with 2 thread(s)
[19:43:41] $ kubectl create -f /var/folders/4g/q_cgnrh92f19vvbrw_hg6j340000gn/T/parsec-radix-t2-hm_q543y.yaml
job.batch/parsec-radix created
[19:43:41] Waiting for job 'parsec-radix' to complete...
[19:43:41] $ kubectl get jobs parsec-radix -o jsonpath={.status.conditions[*].type}
[19:43:41]   Still running... (0s elapsed)
[19:43:56] $ kubectl get jobs parsec-radix -o jsonpath={.status.conditions[*].type}
[19:43:57]   Still running... (15s elapsed)
[19:44:12] $ kubectl get jobs parsec-radix -o jsonpath={.status.conditions[*].type}
[19:44:12] Job 'parsec-radix' completed successfully (30s)
[19:44:12] $ kubectl get pods --selector=job-name=parsec-radix --output=jsonpath={.items[*].metadata.name}
[19:44:12] $ kubectl logs parsec-radix-ssbv6
[19:44:12] Execution time: 17.8s
[19:44:12] Cleaning up jobs and pods...
[19:44:12] $ kubectl delete jobs --all
job.batch "parsec-radix" deleted from default namespace
[19:44:12] $ kubectl delete pods --all
No resources found
[19:44:23] Results saved to part2b-experiments/run2/results.csv
[19:44:23] 
Progress: 19/28 (Run 2)
[19:44:23] 
============================================================
[19:44:23]   Benchmark:    radix
[19:44:23]   Threads:      4
[19:44:23] ============================================================
[19:44:23] Cleaning up jobs and pods...
[19:44:23] $ kubectl delete jobs --all
No resources found
[19:44:23] $ kubectl delete pods --all
No resources found
[19:44:33] Starting benchmark: radix with 4 thread(s)
[19:44:33] $ kubectl create -f /var/folders/4g/q_cgnrh92f19vvbrw_hg6j340000gn/T/parsec-radix-t4-zcum3w13.yaml
job.batch/parsec-radix created
[19:44:33] Waiting for job 'parsec-radix' to complete...
[19:44:33] $ kubectl get jobs parsec-radix -o jsonpath={.status.conditions[*].type}
[19:44:33]   Still running... (0s elapsed)
[19:44:48] $ kubectl get jobs parsec-radix -o jsonpath={.status.conditions[*].type}
[19:44:49] Job 'parsec-radix' completed successfully (15s)
[19:44:49] $ kubectl get pods --selector=job-name=parsec-radix --output=jsonpath={.items[*].metadata.name}
[19:44:49] $ kubectl logs parsec-radix-hck5n
[19:44:49] Execution time: 9.3s
[19:44:49] Cleaning up jobs and pods...
[19:44:49] $ kubectl delete jobs --all
job.batch "parsec-radix" deleted from default namespace
[19:44:49] $ kubectl delete pods --all
No resources found
[19:44:59] Results saved to part2b-experiments/run2/results.csv
[19:44:59] 
Progress: 20/28 (Run 2)
[19:44:59] 
============================================================
[19:44:59]   Benchmark:    radix
[19:44:59]   Threads:      8
[19:44:59] ============================================================
[19:44:59] Cleaning up jobs and pods...
[19:44:59] $ kubectl delete jobs --all
No resources found
[19:44:59] $ kubectl delete pods --all
No resources found
[19:45:10] Starting benchmark: radix with 8 thread(s)
[19:45:10] $ kubectl create -f /var/folders/4g/q_cgnrh92f19vvbrw_hg6j340000gn/T/parsec-radix-t8-fjoggzsj.yaml
job.batch/parsec-radix created
[19:45:10] Waiting for job 'parsec-radix' to complete...
[19:45:10] $ kubectl get jobs parsec-radix -o jsonpath={.status.conditions[*].type}
[19:45:10]   Still running... (0s elapsed)
[19:45:25] $ kubectl get jobs parsec-radix -o jsonpath={.status.conditions[*].type}
[19:45:25] Job 'parsec-radix' completed successfully (15s)
[19:45:25] $ kubectl get pods --selector=job-name=parsec-radix --output=jsonpath={.items[*].metadata.name}
[19:45:25] $ kubectl logs parsec-radix-mp9sv
[19:45:26] Execution time: 5.7s
[19:45:26] Cleaning up jobs and pods...
[19:45:26] $ kubectl delete jobs --all
job.batch "parsec-radix" deleted from default namespace
[19:45:26] $ kubectl delete pods --all
No resources found
[19:45:36] Results saved to part2b-experiments/run2/results.csv
[19:45:36] 
Progress: 21/28 (Run 2)
[19:45:36] 
============================================================
[19:45:36]   Benchmark:    streamcluster
[19:45:36]   Threads:      1
[19:45:36] ============================================================
[19:45:36] Cleaning up jobs and pods...
[19:45:36] $ kubectl delete jobs --all
No resources found
[19:45:36] $ kubectl delete pods --all
No resources found
[19:45:46] Starting benchmark: streamcluster with 1 thread(s)
[19:45:46] $ kubectl create -f /var/folders/4g/q_cgnrh92f19vvbrw_hg6j340000gn/T/parsec-streamcluster-t1-93n4am_j.yaml
job.batch/parsec-streamcluster created
[19:45:47] Waiting for job 'parsec-streamcluster' to complete...
[19:45:47] $ kubectl get jobs parsec-streamcluster -o jsonpath={.status.conditions[*].type}
[19:45:47]   Still running... (0s elapsed)
[19:46:02] $ kubectl get jobs parsec-streamcluster -o jsonpath={.status.conditions[*].type}
[19:46:02]   Still running... (15s elapsed)
[19:46:17] $ kubectl get jobs parsec-streamcluster -o jsonpath={.status.conditions[*].type}
[19:46:17]   Still running... (30s elapsed)
[19:46:32] $ kubectl get jobs parsec-streamcluster -o jsonpath={.status.conditions[*].type}
[19:46:33]   Still running... (46s elapsed)
[19:46:48] $ kubectl get jobs parsec-streamcluster -o jsonpath={.status.conditions[*].type}
[19:46:48]   Still running... (61s elapsed)
[19:47:03] $ kubectl get jobs parsec-streamcluster -o jsonpath={.status.conditions[*].type}
[19:47:03]   Still running... (76s elapsed)
[19:47:18] $ kubectl get jobs parsec-streamcluster -o jsonpath={.status.conditions[*].type}
[19:47:18]   Still running... (92s elapsed)
[19:47:33] $ kubectl get jobs parsec-streamcluster -o jsonpath={.status.conditions[*].type}
[19:47:34]   Still running... (107s elapsed)
[19:47:49] $ kubectl get jobs parsec-streamcluster -o jsonpath={.status.conditions[*].type}
[19:47:49]   Still running... (122s elapsed)
[19:48:04] $ kubectl get jobs parsec-streamcluster -o jsonpath={.status.conditions[*].type}
[19:48:04]   Still running... (137s elapsed)
[19:48:19] $ kubectl get jobs parsec-streamcluster -o jsonpath={.status.conditions[*].type}
[19:48:20]   Still running... (153s elapsed)
[19:48:35] $ kubectl get jobs parsec-streamcluster -o jsonpath={.status.conditions[*].type}
[19:48:35]   Still running... (168s elapsed)
[19:48:50] $ kubectl get jobs parsec-streamcluster -o jsonpath={.status.conditions[*].type}
[19:48:50]   Still running... (183s elapsed)
[19:49:05] $ kubectl get jobs parsec-streamcluster -o jsonpath={.status.conditions[*].type}
[19:49:05]   Still running... (199s elapsed)
[19:49:20] $ kubectl get jobs parsec-streamcluster -o jsonpath={.status.conditions[*].type}
[19:49:21]   Still running... (214s elapsed)
[19:49:36] $ kubectl get jobs parsec-streamcluster -o jsonpath={.status.conditions[*].type}
[19:49:36]   Still running... (229s elapsed)
[19:49:51] $ kubectl get jobs parsec-streamcluster -o jsonpath={.status.conditions[*].type}
[19:49:51]   Still running... (244s elapsed)
[19:50:06] $ kubectl get jobs parsec-streamcluster -o jsonpath={.status.conditions[*].type}
[19:50:07]   Still running... (260s elapsed)
[19:50:22] $ kubectl get jobs parsec-streamcluster -o jsonpath={.status.conditions[*].type}
[19:50:22]   Still running... (275s elapsed)
[19:50:37] $ kubectl get jobs parsec-streamcluster -o jsonpath={.status.conditions[*].type}
[19:50:37]   Still running... (290s elapsed)
[19:50:52] $ kubectl get jobs parsec-streamcluster -o jsonpath={.status.conditions[*].type}
[19:50:53]   Still running... (306s elapsed)
[19:51:08] $ kubectl get jobs parsec-streamcluster -o jsonpath={.status.conditions[*].type}
[19:51:08]   Still running... (321s elapsed)
[19:51:23] $ kubectl get jobs parsec-streamcluster -o jsonpath={.status.conditions[*].type}
[19:51:23]   Still running... (336s elapsed)
[19:51:38] $ kubectl get jobs parsec-streamcluster -o jsonpath={.status.conditions[*].type}
[19:51:39]   Still running... (352s elapsed)
[19:51:54] $ kubectl get jobs parsec-streamcluster -o jsonpath={.status.conditions[*].type}
[19:51:54]   Still running... (367s elapsed)
[19:52:09] $ kubectl get jobs parsec-streamcluster -o jsonpath={.status.conditions[*].type}
[19:52:09]   Still running... (382s elapsed)
[19:52:24] $ kubectl get jobs parsec-streamcluster -o jsonpath={.status.conditions[*].type}
[19:52:24]   Still running... (398s elapsed)
[19:52:39] $ kubectl get jobs parsec-streamcluster -o jsonpath={.status.conditions[*].type}
[19:52:40]   Still running... (413s elapsed)
[19:52:55] $ kubectl get jobs parsec-streamcluster -o jsonpath={.status.conditions[*].type}
[19:52:55]   Still running... (428s elapsed)
[19:53:10] $ kubectl get jobs parsec-streamcluster -o jsonpath={.status.conditions[*].type}
[19:53:10]   Still running... (443s elapsed)
[19:53:25] $ kubectl get jobs parsec-streamcluster -o jsonpath={.status.conditions[*].type}
[19:53:26]   Still running... (459s elapsed)
[19:53:41] $ kubectl get jobs parsec-streamcluster -o jsonpath={.status.conditions[*].type}
[19:53:41]   Still running... (474s elapsed)
[19:53:56] $ kubectl get jobs parsec-streamcluster -o jsonpath={.status.conditions[*].type}
[19:53:56]   Still running... (489s elapsed)
[19:54:11] $ kubectl get jobs parsec-streamcluster -o jsonpath={.status.conditions[*].type}
[19:54:12]   Still running... (505s elapsed)
[19:54:27] $ kubectl get jobs parsec-streamcluster -o jsonpath={.status.conditions[*].type}
[19:54:27]   Still running... (520s elapsed)
[19:54:42] $ kubectl get jobs parsec-streamcluster -o jsonpath={.status.conditions[*].type}
[19:54:42]   Still running... (535s elapsed)
[19:54:57] $ kubectl get jobs parsec-streamcluster -o jsonpath={.status.conditions[*].type}
[19:54:57]   Still running... (550s elapsed)
[19:55:12] $ kubectl get jobs parsec-streamcluster -o jsonpath={.status.conditions[*].type}
[19:55:13]   Still running... (566s elapsed)
[19:55:28] $ kubectl get jobs parsec-streamcluster -o jsonpath={.status.conditions[*].type}
[19:55:28]   Still running... (581s elapsed)
[19:55:43] $ kubectl get jobs parsec-streamcluster -o jsonpath={.status.conditions[*].type}
[19:55:43]   Still running... (596s elapsed)
[19:55:58] $ kubectl get jobs parsec-streamcluster -o jsonpath={.status.conditions[*].type}
[19:55:58]   Still running... (612s elapsed)
[19:56:13] $ kubectl get jobs parsec-streamcluster -o jsonpath={.status.conditions[*].type}
[19:56:14]   Still running... (627s elapsed)
[19:56:29] $ kubectl get jobs parsec-streamcluster -o jsonpath={.status.conditions[*].type}
[19:56:29]   Still running... (642s elapsed)
[19:56:44] $ kubectl get jobs parsec-streamcluster -o jsonpath={.status.conditions[*].type}
[19:56:44]   Still running... (657s elapsed)
[19:56:59] $ kubectl get jobs parsec-streamcluster -o jsonpath={.status.conditions[*].type}
[19:57:00] Job 'parsec-streamcluster' completed successfully (673s)
[19:57:00] $ kubectl get pods --selector=job-name=parsec-streamcluster --output=jsonpath={.items[*].metadata.name}
[19:57:00] $ kubectl logs parsec-streamcluster-p4kfz
[19:57:00] Execution time: 653.0s
[19:57:00] Cleaning up jobs and pods...
[19:57:00] $ kubectl delete jobs --all
job.batch "parsec-streamcluster" deleted from default namespace
[19:57:00] $ kubectl delete pods --all
No resources found
[19:57:10] Results saved to part2b-experiments/run2/results.csv
[19:57:10] 
Progress: 22/28 (Run 2)
[19:57:10] 
============================================================
[19:57:10]   Benchmark:    streamcluster
[19:57:10]   Threads:      2
[19:57:10] ============================================================
[19:57:10] Cleaning up jobs and pods...
[19:57:10] $ kubectl delete jobs --all
No resources found
[19:57:10] $ kubectl delete pods --all
No resources found
[19:57:21] Starting benchmark: streamcluster with 2 thread(s)
[19:57:21] $ kubectl create -f /var/folders/4g/q_cgnrh92f19vvbrw_hg6j340000gn/T/parsec-streamcluster-t2-gcpz40_h.yaml
job.batch/parsec-streamcluster created
[19:57:21] Waiting for job 'parsec-streamcluster' to complete...
[19:57:21] $ kubectl get jobs parsec-streamcluster -o jsonpath={.status.conditions[*].type}
[19:57:21]   Still running... (0s elapsed)
[19:57:36] $ kubectl get jobs parsec-streamcluster -o jsonpath={.status.conditions[*].type}
[19:57:36]   Still running... (15s elapsed)
[19:57:51] $ kubectl get jobs parsec-streamcluster -o jsonpath={.status.conditions[*].type}
[19:57:52]   Still running... (30s elapsed)
[19:58:07] $ kubectl get jobs parsec-streamcluster -o jsonpath={.status.conditions[*].type}
[19:58:07]   Still running... (46s elapsed)
[19:58:22] $ kubectl get jobs parsec-streamcluster -o jsonpath={.status.conditions[*].type}
[19:58:22]   Still running... (61s elapsed)
[19:58:37] $ kubectl get jobs parsec-streamcluster -o jsonpath={.status.conditions[*].type}
[19:58:38]   Still running... (76s elapsed)
[19:58:53] $ kubectl get jobs parsec-streamcluster -o jsonpath={.status.conditions[*].type}
[19:58:53]   Still running... (92s elapsed)
[19:59:08] $ kubectl get jobs parsec-streamcluster -o jsonpath={.status.conditions[*].type}
[19:59:08]   Still running... (107s elapsed)
[19:59:23] $ kubectl get jobs parsec-streamcluster -o jsonpath={.status.conditions[*].type}
[19:59:24]   Still running... (122s elapsed)
[19:59:39] $ kubectl get jobs parsec-streamcluster -o jsonpath={.status.conditions[*].type}
[19:59:39]   Still running... (138s elapsed)
[19:59:54] $ kubectl get jobs parsec-streamcluster -o jsonpath={.status.conditions[*].type}
[19:59:54]   Still running... (153s elapsed)
[20:00:09] $ kubectl get jobs parsec-streamcluster -o jsonpath={.status.conditions[*].type}
[20:00:09]   Still running... (168s elapsed)
[20:00:24] $ kubectl get jobs parsec-streamcluster -o jsonpath={.status.conditions[*].type}
[20:00:25]   Still running... (183s elapsed)
[20:00:40] $ kubectl get jobs parsec-streamcluster -o jsonpath={.status.conditions[*].type}
[20:00:40]   Still running... (199s elapsed)
[20:00:55] $ kubectl get jobs parsec-streamcluster -o jsonpath={.status.conditions[*].type}
[20:00:56]   Still running... (214s elapsed)
[20:01:11] $ kubectl get jobs parsec-streamcluster -o jsonpath={.status.conditions[*].type}
[20:01:11]   Still running... (230s elapsed)
[20:01:26] $ kubectl get jobs parsec-streamcluster -o jsonpath={.status.conditions[*].type}
[20:01:26]   Still running... (245s elapsed)
[20:01:41] $ kubectl get jobs parsec-streamcluster -o jsonpath={.status.conditions[*].type}
[20:01:41]   Still running... (260s elapsed)
[20:01:56] $ kubectl get jobs parsec-streamcluster -o jsonpath={.status.conditions[*].type}
[20:01:57]   Still running... (276s elapsed)
[20:02:12] $ kubectl get jobs parsec-streamcluster -o jsonpath={.status.conditions[*].type}
[20:02:12]   Still running... (291s elapsed)
[20:02:27] $ kubectl get jobs parsec-streamcluster -o jsonpath={.status.conditions[*].type}
[20:02:28]   Still running... (306s elapsed)
[20:02:43] $ kubectl get jobs parsec-streamcluster -o jsonpath={.status.conditions[*].type}
[20:02:43] Job 'parsec-streamcluster' completed successfully (322s)
[20:02:43] $ kubectl get pods --selector=job-name=parsec-streamcluster --output=jsonpath={.items[*].metadata.name}
[20:02:43] $ kubectl logs parsec-streamcluster-zmdl8
[20:02:43] Execution time: 309.3s
[20:02:43] Cleaning up jobs and pods...
[20:02:43] $ kubectl delete jobs --all
job.batch "parsec-streamcluster" deleted from default namespace
[20:02:44] $ kubectl delete pods --all
No resources found
[20:02:54] Results saved to part2b-experiments/run2/results.csv
[20:02:54] 
Progress: 23/28 (Run 2)
[20:02:54] 
============================================================
[20:02:54]   Benchmark:    streamcluster
[20:02:54]   Threads:      4
[20:02:54] ============================================================
[20:02:54] Cleaning up jobs and pods...
[20:02:54] $ kubectl delete jobs --all
No resources found
[20:02:54] $ kubectl delete pods --all
No resources found
[20:03:04] Starting benchmark: streamcluster with 4 thread(s)
[20:03:04] $ kubectl create -f /var/folders/4g/q_cgnrh92f19vvbrw_hg6j340000gn/T/parsec-streamcluster-t4-z467or4w.yaml
job.batch/parsec-streamcluster created
[20:03:04] Waiting for job 'parsec-streamcluster' to complete...
[20:03:04] $ kubectl get jobs parsec-streamcluster -o jsonpath={.status.conditions[*].type}
[20:03:05]   Still running... (0s elapsed)
[20:03:20] $ kubectl get jobs parsec-streamcluster -o jsonpath={.status.conditions[*].type}
[20:03:20]   Still running... (15s elapsed)
[20:03:35] $ kubectl get jobs parsec-streamcluster -o jsonpath={.status.conditions[*].type}
[20:03:35]   Still running... (30s elapsed)
[20:03:50] $ kubectl get jobs parsec-streamcluster -o jsonpath={.status.conditions[*].type}
[20:03:50]   Still running... (46s elapsed)
[20:04:05] $ kubectl get jobs parsec-streamcluster -o jsonpath={.status.conditions[*].type}
[20:04:06]   Still running... (61s elapsed)
[20:04:21] $ kubectl get jobs parsec-streamcluster -o jsonpath={.status.conditions[*].type}
[20:04:21]   Still running... (76s elapsed)
[20:04:36] $ kubectl get jobs parsec-streamcluster -o jsonpath={.status.conditions[*].type}
[20:04:36]   Still running... (92s elapsed)
[20:04:51] $ kubectl get jobs parsec-streamcluster -o jsonpath={.status.conditions[*].type}
[20:04:52]   Still running... (107s elapsed)
[20:05:07] $ kubectl get jobs parsec-streamcluster -o jsonpath={.status.conditions[*].type}
[20:05:07]   Still running... (122s elapsed)
[20:05:22] $ kubectl get jobs parsec-streamcluster -o jsonpath={.status.conditions[*].type}
[20:05:22]   Still running... (138s elapsed)
[20:05:37] $ kubectl get jobs parsec-streamcluster -o jsonpath={.status.conditions[*].type}
[20:05:38]   Still running... (153s elapsed)
[20:05:53] $ kubectl get jobs parsec-streamcluster -o jsonpath={.status.conditions[*].type}
[20:05:53]   Still running... (168s elapsed)
[20:06:08] $ kubectl get jobs parsec-streamcluster -o jsonpath={.status.conditions[*].type}
[20:06:08] Job 'parsec-streamcluster' completed successfully (184s)
[20:06:08] $ kubectl get pods --selector=job-name=parsec-streamcluster --output=jsonpath={.items[*].metadata.name}
[20:06:08] $ kubectl logs parsec-streamcluster-xdz6s
[20:06:09] Execution time: 173.0s
[20:06:09] Cleaning up jobs and pods...
[20:06:09] $ kubectl delete jobs --all
job.batch "parsec-streamcluster" deleted from default namespace
[20:06:09] $ kubectl delete pods --all
No resources found
[20:06:19] Results saved to part2b-experiments/run2/results.csv
[20:06:19] 
Progress: 24/28 (Run 2)
[20:06:19] 
============================================================
[20:06:19]   Benchmark:    streamcluster
[20:06:19]   Threads:      8
[20:06:19] ============================================================
[20:06:19] Cleaning up jobs and pods...
[20:06:19] $ kubectl delete jobs --all
No resources found
[20:06:19] $ kubectl delete pods --all
No resources found
[20:06:29] Starting benchmark: streamcluster with 8 thread(s)
[20:06:29] $ kubectl create -f /var/folders/4g/q_cgnrh92f19vvbrw_hg6j340000gn/T/parsec-streamcluster-t8-8sbi40h1.yaml
job.batch/parsec-streamcluster created
[20:06:30] Waiting for job 'parsec-streamcluster' to complete...
[20:06:30] $ kubectl get jobs parsec-streamcluster -o jsonpath={.status.conditions[*].type}
[20:06:30]   Still running... (0s elapsed)
[20:06:45] $ kubectl get jobs parsec-streamcluster -o jsonpath={.status.conditions[*].type}
[20:06:45]   Still running... (15s elapsed)
[20:07:00] $ kubectl get jobs parsec-streamcluster -o jsonpath={.status.conditions[*].type}
[20:07:00]   Still running... (30s elapsed)
[20:07:15] $ kubectl get jobs parsec-streamcluster -o jsonpath={.status.conditions[*].type}
[20:07:16]   Still running... (46s elapsed)
[20:07:31] $ kubectl get jobs parsec-streamcluster -o jsonpath={.status.conditions[*].type}
[20:07:31]   Still running... (61s elapsed)
[20:07:46] $ kubectl get jobs parsec-streamcluster -o jsonpath={.status.conditions[*].type}
[20:07:46]   Still running... (76s elapsed)
[20:08:01] $ kubectl get jobs parsec-streamcluster -o jsonpath={.status.conditions[*].type}
[20:08:02]   Still running... (92s elapsed)
[20:08:17] $ kubectl get jobs parsec-streamcluster -o jsonpath={.status.conditions[*].type}
[20:08:17]   Still running... (107s elapsed)
[20:08:32] $ kubectl get jobs parsec-streamcluster -o jsonpath={.status.conditions[*].type}
[20:08:32]   Still running... (122s elapsed)
[20:08:47] $ kubectl get jobs parsec-streamcluster -o jsonpath={.status.conditions[*].type}
[20:08:47] Job 'parsec-streamcluster' completed successfully (138s)
[20:08:47] $ kubectl get pods --selector=job-name=parsec-streamcluster --output=jsonpath={.items[*].metadata.name}
[20:08:48] $ kubectl logs parsec-streamcluster-l499v
[20:08:48] Execution time: 120.8s
[20:08:48] Cleaning up jobs and pods...
[20:08:48] $ kubectl delete jobs --all
job.batch "parsec-streamcluster" deleted from default namespace
[20:08:48] $ kubectl delete pods --all
No resources found
[20:08:58] Results saved to part2b-experiments/run2/results.csv
[20:08:58] 
Progress: 25/28 (Run 2)
[20:08:58] 
============================================================
[20:08:58]   Benchmark:    vips
[20:08:58]   Threads:      1
[20:08:58] ============================================================
[20:08:58] Cleaning up jobs and pods...
[20:08:58] $ kubectl delete jobs --all
No resources found
[20:08:58] $ kubectl delete pods --all
No resources found
[20:09:08] Starting benchmark: vips with 1 thread(s)
[20:09:08] $ kubectl create -f /var/folders/4g/q_cgnrh92f19vvbrw_hg6j340000gn/T/parsec-vips-t1-g1shyz3f.yaml
job.batch/parsec-vips created
[20:09:09] Waiting for job 'parsec-vips' to complete...
[20:09:09] $ kubectl get jobs parsec-vips -o jsonpath={.status.conditions[*].type}
[20:09:09]   Still running... (0s elapsed)
[20:09:24] $ kubectl get jobs parsec-vips -o jsonpath={.status.conditions[*].type}
[20:09:24]   Still running... (15s elapsed)
[20:09:39] $ kubectl get jobs parsec-vips -o jsonpath={.status.conditions[*].type}
[20:09:39]   Still running... (30s elapsed)
[20:09:54] $ kubectl get jobs parsec-vips -o jsonpath={.status.conditions[*].type}
[20:09:55]   Still running... (46s elapsed)
[20:10:10] $ kubectl get jobs parsec-vips -o jsonpath={.status.conditions[*].type}
[20:10:10]   Still running... (61s elapsed)
[20:10:25] $ kubectl get jobs parsec-vips -o jsonpath={.status.conditions[*].type}
[20:10:25] Job 'parsec-vips' completed successfully (76s)
[20:10:25] $ kubectl get pods --selector=job-name=parsec-vips --output=jsonpath={.items[*].metadata.name}
[20:10:25] $ kubectl logs parsec-vips-cvcll
[20:10:26] Execution time: 60.8s
[20:10:26] Cleaning up jobs and pods...
[20:10:26] $ kubectl delete jobs --all
job.batch "parsec-vips" deleted from default namespace
[20:10:26] $ kubectl delete pods --all
No resources found
[20:10:36] Results saved to part2b-experiments/run2/results.csv
[20:10:36] 
Progress: 26/28 (Run 2)
[20:10:36] 
============================================================
[20:10:36]   Benchmark:    vips
[20:10:36]   Threads:      2
[20:10:36] ============================================================
[20:10:36] Cleaning up jobs and pods...
[20:10:36] $ kubectl delete jobs --all
No resources found
[20:10:36] $ kubectl delete pods --all
No resources found
[20:10:46] Starting benchmark: vips with 2 thread(s)
[20:10:46] $ kubectl create -f /var/folders/4g/q_cgnrh92f19vvbrw_hg6j340000gn/T/parsec-vips-t2-t2l4bh25.yaml
job.batch/parsec-vips created
[20:10:46] Waiting for job 'parsec-vips' to complete...
[20:10:46] $ kubectl get jobs parsec-vips -o jsonpath={.status.conditions[*].type}
[20:10:47]   Still running... (0s elapsed)
[20:11:02] $ kubectl get jobs parsec-vips -o jsonpath={.status.conditions[*].type}
[20:11:02]   Still running... (15s elapsed)
[20:11:17] $ kubectl get jobs parsec-vips -o jsonpath={.status.conditions[*].type}
[20:11:17]   Still running... (30s elapsed)
[20:11:32] $ kubectl get jobs parsec-vips -o jsonpath={.status.conditions[*].type}
[20:11:32] Job 'parsec-vips' completed successfully (46s)
[20:11:32] $ kubectl get pods --selector=job-name=parsec-vips --output=jsonpath={.items[*].metadata.name}
[20:11:33] $ kubectl logs parsec-vips-nmpzf
[20:11:33] Execution time: 31.5s
[20:11:33] Cleaning up jobs and pods...
[20:11:33] $ kubectl delete jobs --all
job.batch "parsec-vips" deleted from default namespace
[20:11:33] $ kubectl delete pods --all
No resources found
[20:11:43] Results saved to part2b-experiments/run2/results.csv
[20:11:43] 
Progress: 27/28 (Run 2)
[20:11:43] 
============================================================
[20:11:43]   Benchmark:    vips
[20:11:43]   Threads:      4
[20:11:43] ============================================================
[20:11:43] Cleaning up jobs and pods...
[20:11:43] $ kubectl delete jobs --all
No resources found
[20:11:43] $ kubectl delete pods --all
No resources found
[20:11:53] Starting benchmark: vips with 4 thread(s)
[20:11:53] $ kubectl create -f /var/folders/4g/q_cgnrh92f19vvbrw_hg6j340000gn/T/parsec-vips-t4-jyvnd0r6.yaml
job.batch/parsec-vips created
[20:11:54] Waiting for job 'parsec-vips' to complete...
[20:11:54] $ kubectl get jobs parsec-vips -o jsonpath={.status.conditions[*].type}
[20:11:54]   Still running... (0s elapsed)
[20:12:09] $ kubectl get jobs parsec-vips -o jsonpath={.status.conditions[*].type}
[20:12:09]   Still running... (15s elapsed)
[20:12:24] $ kubectl get jobs parsec-vips -o jsonpath={.status.conditions[*].type}
[20:12:24]   Still running... (30s elapsed)
[20:12:39] $ kubectl get jobs parsec-vips -o jsonpath={.status.conditions[*].type}
[20:12:40] Job 'parsec-vips' completed successfully (46s)
[20:12:40] $ kubectl get pods --selector=job-name=parsec-vips --output=jsonpath={.items[*].metadata.name}
[20:12:40] $ kubectl logs parsec-vips-xsssv
[20:12:40] Execution time: 16.8s
[20:12:40] Cleaning up jobs and pods...
[20:12:40] $ kubectl delete jobs --all
job.batch "parsec-vips" deleted from default namespace
[20:12:40] $ kubectl delete pods --all
No resources found
[20:12:50] Results saved to part2b-experiments/run2/results.csv
[20:12:50] 
Progress: 28/28 (Run 2)
[20:12:50] 
============================================================
[20:12:50]   Benchmark:    vips
[20:12:50]   Threads:      8
[20:12:50] ============================================================
[20:12:50] Cleaning up jobs and pods...
[20:12:50] $ kubectl delete jobs --all
No resources found
[20:12:51] $ kubectl delete pods --all
No resources found
[20:13:01] Starting benchmark: vips with 8 thread(s)
[20:13:01] $ kubectl create -f /var/folders/4g/q_cgnrh92f19vvbrw_hg6j340000gn/T/parsec-vips-t8-u8olkrzd.yaml
job.batch/parsec-vips created
[20:13:01] Waiting for job 'parsec-vips' to complete...
[20:13:01] $ kubectl get jobs parsec-vips -o jsonpath={.status.conditions[*].type}
[20:13:01]   Still running... (0s elapsed)
[20:13:16] $ kubectl get jobs parsec-vips -o jsonpath={.status.conditions[*].type}
[20:13:16]   Still running... (15s elapsed)
[20:13:31] $ kubectl get jobs parsec-vips -o jsonpath={.status.conditions[*].type}
[20:13:32]   Still running... (30s elapsed)
[20:13:47] $ kubectl get jobs parsec-vips -o jsonpath={.status.conditions[*].type}
[20:13:47] Job 'parsec-vips' completed successfully (46s)
[20:13:47] $ kubectl get pods --selector=job-name=parsec-vips --output=jsonpath={.items[*].metadata.name}
[20:13:47] $ kubectl logs parsec-vips-k4kzl
[20:13:47] Execution time: 19.1s
[20:13:47] Cleaning up jobs and pods...
[20:13:47] $ kubectl delete jobs --all
job.batch "parsec-vips" deleted from default namespace
[20:13:47] $ kubectl delete pods --all
No resources found
[20:13:58] Results saved to part2b-experiments/run2/results.csv
[20:13:58] 
============================================================
[20:13:58] Run 2 done! Results in part2b-experiments/run2
[20:13:58] ============================================================
[20:13:58] 
Run 2 done, starting run 3...
[20:13:58] 
############################################################
[20:13:58]   Starting Run 3
[20:13:58] ############################################################
[20:13:58] Output directory: part2b-experiments/run3
[20:13:58] Total experiments: 7 x 4 = 28
[20:13:58] Labelling parsec node...
[20:13:58] $ kubectl get nodes -o wide
[20:13:58] Found parsec node: parsec-server-z4n1
[20:13:58] $ kubectl label nodes parsec-server-z4n1 cca-project-nodetype=parsec --overwrite
node/parsec-server-z4n1 not labeled
[20:13:58] 
Progress: 1/28 (Run 3)
[20:13:58] 
============================================================
[20:13:58]   Benchmark:    barnes
[20:13:58]   Threads:      1
[20:13:58] ============================================================
[20:13:58] Cleaning up jobs and pods...
[20:13:58] $ kubectl delete jobs --all
No resources found
[20:13:58] $ kubectl delete pods --all
No resources found
[20:14:08] Starting benchmark: barnes with 1 thread(s)
[20:14:08] $ kubectl create -f /var/folders/4g/q_cgnrh92f19vvbrw_hg6j340000gn/T/parsec-barnes-t1-wy90_h3t.yaml
job.batch/parsec-barnes created
[20:14:09] Waiting for job 'parsec-barnes' to complete...
[20:14:09] $ kubectl get jobs parsec-barnes -o jsonpath={.status.conditions[*].type}
[20:14:09]   Still running... (0s elapsed)
[20:14:24] $ kubectl get jobs parsec-barnes -o jsonpath={.status.conditions[*].type}
[20:14:24]   Still running... (15s elapsed)
[20:14:39] $ kubectl get jobs parsec-barnes -o jsonpath={.status.conditions[*].type}
[20:14:39]   Still running... (30s elapsed)
[20:14:54] $ kubectl get jobs parsec-barnes -o jsonpath={.status.conditions[*].type}
[20:14:55]   Still running... (46s elapsed)
[20:15:10] $ kubectl get jobs parsec-barnes -o jsonpath={.status.conditions[*].type}
[20:15:10]   Still running... (61s elapsed)
[20:15:25] $ kubectl get jobs parsec-barnes -o jsonpath={.status.conditions[*].type}
[20:15:25]   Still running... (76s elapsed)
[20:15:40] $ kubectl get jobs parsec-barnes -o jsonpath={.status.conditions[*].type}
[20:15:40]   Still running... (92s elapsed)
[20:15:56] $ kubectl get jobs parsec-barnes -o jsonpath={.status.conditions[*].type}
[20:15:56]   Still running... (107s elapsed)
[20:16:11] $ kubectl get jobs parsec-barnes -o jsonpath={.status.conditions[*].type}
[20:16:11]   Still running... (122s elapsed)
[20:16:26] $ kubectl get jobs parsec-barnes -o jsonpath={.status.conditions[*].type}
[20:16:26] Job 'parsec-barnes' completed successfully (138s)
[20:16:26] $ kubectl get pods --selector=job-name=parsec-barnes --output=jsonpath={.items[*].metadata.name}
[20:16:26] $ kubectl logs parsec-barnes-zh89g
[20:16:27] Execution time: 119.3s
[20:16:27] Cleaning up jobs and pods...
[20:16:27] $ kubectl delete jobs --all
job.batch "parsec-barnes" deleted from default namespace
[20:16:27] $ kubectl delete pods --all
No resources found
[20:16:37] Results saved to part2b-experiments/run3/results.csv
[20:16:37] 
Progress: 2/28 (Run 3)
[20:16:37] 
============================================================
[20:16:37]   Benchmark:    barnes
[20:16:37]   Threads:      2
[20:16:37] ============================================================
[20:16:37] Cleaning up jobs and pods...
[20:16:37] $ kubectl delete jobs --all
No resources found
[20:16:37] $ kubectl delete pods --all
No resources found
[20:16:47] Starting benchmark: barnes with 2 thread(s)
[20:16:47] $ kubectl create -f /var/folders/4g/q_cgnrh92f19vvbrw_hg6j340000gn/T/parsec-barnes-t2-kh4uflbs.yaml
job.batch/parsec-barnes created
[20:16:48] Waiting for job 'parsec-barnes' to complete...
[20:16:48] $ kubectl get jobs parsec-barnes -o jsonpath={.status.conditions[*].type}
[20:16:48]   Still running... (0s elapsed)
[20:17:03] $ kubectl get jobs parsec-barnes -o jsonpath={.status.conditions[*].type}
[20:17:03]   Still running... (15s elapsed)
[20:17:18] $ kubectl get jobs parsec-barnes -o jsonpath={.status.conditions[*].type}
[20:17:18]   Still running... (30s elapsed)
[20:17:33] $ kubectl get jobs parsec-barnes -o jsonpath={.status.conditions[*].type}
[20:17:34]   Still running... (46s elapsed)
[20:17:49] $ kubectl get jobs parsec-barnes -o jsonpath={.status.conditions[*].type}
[20:17:49]   Still running... (61s elapsed)
[20:18:04] $ kubectl get jobs parsec-barnes -o jsonpath={.status.conditions[*].type}
[20:18:04] Job 'parsec-barnes' completed successfully (76s)
[20:18:04] $ kubectl get pods --selector=job-name=parsec-barnes --output=jsonpath={.items[*].metadata.name}
[20:18:04] $ kubectl logs parsec-barnes-rpllg
[20:18:05] Execution time: 58.2s
[20:18:05] Cleaning up jobs and pods...
[20:18:05] $ kubectl delete jobs --all
job.batch "parsec-barnes" deleted from default namespace
[20:18:05] $ kubectl delete pods --all
No resources found
[20:18:15] Results saved to part2b-experiments/run3/results.csv
[20:18:15] 
Progress: 3/28 (Run 3)
[20:18:15] 
============================================================
[20:18:15]   Benchmark:    barnes
[20:18:15]   Threads:      4
[20:18:15] ============================================================
[20:18:15] Cleaning up jobs and pods...
[20:18:15] $ kubectl delete jobs --all
No resources found
[20:18:15] $ kubectl delete pods --all
No resources found
[20:18:25] Starting benchmark: barnes with 4 thread(s)
[20:18:25] $ kubectl create -f /var/folders/4g/q_cgnrh92f19vvbrw_hg6j340000gn/T/parsec-barnes-t4-_7k49klh.yaml
job.batch/parsec-barnes created
[20:18:26] Waiting for job 'parsec-barnes' to complete...
[20:18:26] $ kubectl get jobs parsec-barnes -o jsonpath={.status.conditions[*].type}
[20:18:26]   Still running... (0s elapsed)
[20:18:41] $ kubectl get jobs parsec-barnes -o jsonpath={.status.conditions[*].type}
[20:18:41]   Still running... (15s elapsed)
[20:18:56] $ kubectl get jobs parsec-barnes -o jsonpath={.status.conditions[*].type}
[20:18:56]   Still running... (30s elapsed)
[20:19:11] $ kubectl get jobs parsec-barnes -o jsonpath={.status.conditions[*].type}
[20:19:12] Job 'parsec-barnes' completed successfully (46s)
[20:19:12] $ kubectl get pods --selector=job-name=parsec-barnes --output=jsonpath={.items[*].metadata.name}
[20:19:12] $ kubectl logs parsec-barnes-5wtlh
[20:19:12] Execution time: 30.6s
[20:19:12] Cleaning up jobs and pods...
[20:19:12] $ kubectl delete jobs --all
job.batch "parsec-barnes" deleted from default namespace
[20:19:12] $ kubectl delete pods --all
No resources found
[20:19:22] Results saved to part2b-experiments/run3/results.csv
[20:19:22] 
Progress: 4/28 (Run 3)
[20:19:22] 
============================================================
[20:19:22]   Benchmark:    barnes
[20:19:22]   Threads:      8
[20:19:22] ============================================================
[20:19:22] Cleaning up jobs and pods...
[20:19:22] $ kubectl delete jobs --all
No resources found
[20:19:22] $ kubectl delete pods --all
No resources found
[20:19:33] Starting benchmark: barnes with 8 thread(s)
[20:19:33] $ kubectl create -f /var/folders/4g/q_cgnrh92f19vvbrw_hg6j340000gn/T/parsec-barnes-t8-aulrxv0i.yaml
job.batch/parsec-barnes created
[20:19:33] Waiting for job 'parsec-barnes' to complete...
[20:19:33] $ kubectl get jobs parsec-barnes -o jsonpath={.status.conditions[*].type}
[20:19:33]   Still running... (0s elapsed)
[20:19:48] $ kubectl get jobs parsec-barnes -o jsonpath={.status.conditions[*].type}
[20:19:48]   Still running... (15s elapsed)
[20:20:03] $ kubectl get jobs parsec-barnes -o jsonpath={.status.conditions[*].type}
[20:20:04] Job 'parsec-barnes' completed successfully (30s)
[20:20:04] $ kubectl get pods --selector=job-name=parsec-barnes --output=jsonpath={.items[*].metadata.name}
[20:20:04] $ kubectl logs parsec-barnes-xbc6n
[20:20:04] Execution time: 23.5s
[20:20:04] Cleaning up jobs and pods...
[20:20:04] $ kubectl delete jobs --all
job.batch "parsec-barnes" deleted from default namespace
[20:20:04] $ kubectl delete pods --all
No resources found
[20:20:14] Results saved to part2b-experiments/run3/results.csv
[20:20:14] 
Progress: 5/28 (Run 3)
[20:20:14] 
============================================================
[20:20:14]   Benchmark:    blackscholes
[20:20:14]   Threads:      1
[20:20:14] ============================================================
[20:20:14] Cleaning up jobs and pods...
[20:20:14] $ kubectl delete jobs --all
No resources found
[20:20:14] $ kubectl delete pods --all
No resources found
[20:20:25] Starting benchmark: blackscholes with 1 thread(s)
[20:20:25] $ kubectl create -f /var/folders/4g/q_cgnrh92f19vvbrw_hg6j340000gn/T/parsec-blackscholes-t1-qxbwsbir.yaml
job.batch/parsec-blackscholes created
[20:20:25] Waiting for job 'parsec-blackscholes' to complete...
[20:20:25] $ kubectl get jobs parsec-blackscholes -o jsonpath={.status.conditions[*].type}
[20:20:25]   Still running... (0s elapsed)
[20:20:40] $ kubectl get jobs parsec-blackscholes -o jsonpath={.status.conditions[*].type}
[20:20:40]   Still running... (15s elapsed)
[20:20:55] $ kubectl get jobs parsec-blackscholes -o jsonpath={.status.conditions[*].type}
[20:20:56]   Still running... (30s elapsed)
[20:21:11] $ kubectl get jobs parsec-blackscholes -o jsonpath={.status.conditions[*].type}
[20:21:11]   Still running... (46s elapsed)
[20:21:26] $ kubectl get jobs parsec-blackscholes -o jsonpath={.status.conditions[*].type}
[20:21:26]   Still running... (61s elapsed)
[20:21:41] $ kubectl get jobs parsec-blackscholes -o jsonpath={.status.conditions[*].type}
[20:21:42] Job 'parsec-blackscholes' completed successfully (76s)
[20:21:42] $ kubectl get pods --selector=job-name=parsec-blackscholes --output=jsonpath={.items[*].metadata.name}
[20:21:42] $ kubectl logs parsec-blackscholes-768bj
[20:21:42] Execution time: 65.9s
[20:21:42] Cleaning up jobs and pods...
[20:21:42] $ kubectl delete jobs --all
job.batch "parsec-blackscholes" deleted from default namespace
[20:21:42] $ kubectl delete pods --all
No resources found
[20:21:52] Results saved to part2b-experiments/run3/results.csv
[20:21:52] 
Progress: 6/28 (Run 3)
[20:21:52] 
============================================================
[20:21:52]   Benchmark:    blackscholes
[20:21:52]   Threads:      2
[20:21:52] ============================================================
[20:21:52] Cleaning up jobs and pods...
[20:21:52] $ kubectl delete jobs --all
No resources found
[20:21:52] $ kubectl delete pods --all
No resources found
[20:22:02] Starting benchmark: blackscholes with 2 thread(s)
[20:22:03] $ kubectl create -f /var/folders/4g/q_cgnrh92f19vvbrw_hg6j340000gn/T/parsec-blackscholes-t2-ump11ry6.yaml
job.batch/parsec-blackscholes created
[20:22:03] Waiting for job 'parsec-blackscholes' to complete...
[20:22:03] $ kubectl get jobs parsec-blackscholes -o jsonpath={.status.conditions[*].type}
[20:22:03]   Still running... (0s elapsed)
[20:22:18] $ kubectl get jobs parsec-blackscholes -o jsonpath={.status.conditions[*].type}
[20:22:18]   Still running... (15s elapsed)
[20:22:33] $ kubectl get jobs parsec-blackscholes -o jsonpath={.status.conditions[*].type}
[20:22:34]   Still running... (30s elapsed)
[20:22:49] $ kubectl get jobs parsec-blackscholes -o jsonpath={.status.conditions[*].type}
[20:22:49] Job 'parsec-blackscholes' completed successfully (46s)
[20:22:49] $ kubectl get pods --selector=job-name=parsec-blackscholes --output=jsonpath={.items[*].metadata.name}
[20:22:49] $ kubectl logs parsec-blackscholes-8vtvs
[20:22:49] Execution time: 39.2s
[20:22:49] Cleaning up jobs and pods...
[20:22:49] $ kubectl delete jobs --all
job.batch "parsec-blackscholes" deleted from default namespace
[20:22:49] $ kubectl delete pods --all
No resources found
[20:22:59] Results saved to part2b-experiments/run3/results.csv
[20:22:59] 
Progress: 7/28 (Run 3)
[20:22:59] 
============================================================
[20:22:59]   Benchmark:    blackscholes
[20:22:59]   Threads:      4
[20:22:59] ============================================================
[20:22:59] Cleaning up jobs and pods...
[20:22:59] $ kubectl delete jobs --all
No resources found
[20:23:00] $ kubectl delete pods --all
No resources found
[20:23:10] Starting benchmark: blackscholes with 4 thread(s)
[20:23:10] $ kubectl create -f /var/folders/4g/q_cgnrh92f19vvbrw_hg6j340000gn/T/parsec-blackscholes-t4-3w9_etq3.yaml
job.batch/parsec-blackscholes created
[20:23:10] Waiting for job 'parsec-blackscholes' to complete...
[20:23:10] $ kubectl get jobs parsec-blackscholes -o jsonpath={.status.conditions[*].type}
[20:23:10]   Still running... (0s elapsed)
[20:23:25] $ kubectl get jobs parsec-blackscholes -o jsonpath={.status.conditions[*].type}
[20:23:25]   Still running... (15s elapsed)
[20:23:40] $ kubectl get jobs parsec-blackscholes -o jsonpath={.status.conditions[*].type}
[20:23:41]   Still running... (30s elapsed)
[20:23:56] $ kubectl get jobs parsec-blackscholes -o jsonpath={.status.conditions[*].type}
[20:23:56] Job 'parsec-blackscholes' completed successfully (46s)
[20:23:56] $ kubectl get pods --selector=job-name=parsec-blackscholes --output=jsonpath={.items[*].metadata.name}
[20:23:56] $ kubectl logs parsec-blackscholes-hrcpw
[20:23:56] Execution time: 25.1s
[20:23:56] Cleaning up jobs and pods...
[20:23:56] $ kubectl delete jobs --all
job.batch "parsec-blackscholes" deleted from default namespace
[20:23:57] $ kubectl delete pods --all
No resources found
[20:24:07] Results saved to part2b-experiments/run3/results.csv
[20:24:07] 
Progress: 8/28 (Run 3)
[20:24:07] 
============================================================
[20:24:07]   Benchmark:    blackscholes
[20:24:07]   Threads:      8
[20:24:07] ============================================================
[20:24:07] Cleaning up jobs and pods...
[20:24:07] $ kubectl delete jobs --all
No resources found
[20:24:07] $ kubectl delete pods --all
No resources found
[20:24:17] Starting benchmark: blackscholes with 8 thread(s)
[20:24:17] $ kubectl create -f /var/folders/4g/q_cgnrh92f19vvbrw_hg6j340000gn/T/parsec-blackscholes-t8-_pv__2dw.yaml
job.batch/parsec-blackscholes created
[20:24:17] Waiting for job 'parsec-blackscholes' to complete...
[20:24:17] $ kubectl get jobs parsec-blackscholes -o jsonpath={.status.conditions[*].type}
[20:24:18]   Still running... (0s elapsed)
[20:24:33] $ kubectl get jobs parsec-blackscholes -o jsonpath={.status.conditions[*].type}
[20:24:33]   Still running... (15s elapsed)
[20:24:48] $ kubectl get jobs parsec-blackscholes -o jsonpath={.status.conditions[*].type}
[20:24:48] Job 'parsec-blackscholes' completed successfully (30s)
[20:24:48] $ kubectl get pods --selector=job-name=parsec-blackscholes --output=jsonpath={.items[*].metadata.name}
[20:24:48] $ kubectl logs parsec-blackscholes-5stmw
[20:24:48] Execution time: 21.4s
[20:24:48] Cleaning up jobs and pods...
[20:24:48] $ kubectl delete jobs --all
job.batch "parsec-blackscholes" deleted from default namespace
[20:24:49] $ kubectl delete pods --all
No resources found
[20:24:59] Results saved to part2b-experiments/run3/results.csv
[20:24:59] 
Progress: 9/28 (Run 3)
[20:24:59] 
============================================================
[20:24:59]   Benchmark:    canneal
[20:24:59]   Threads:      1
[20:24:59] ============================================================
[20:24:59] Cleaning up jobs and pods...
[20:24:59] $ kubectl delete jobs --all
No resources found
[20:24:59] $ kubectl delete pods --all
No resources found
[20:25:09] Starting benchmark: canneal with 1 thread(s)
[20:25:09] $ kubectl create -f /var/folders/4g/q_cgnrh92f19vvbrw_hg6j340000gn/T/parsec-canneal-t1-vlc_yzwr.yaml
job.batch/parsec-canneal created
[20:25:09] Waiting for job 'parsec-canneal' to complete...
[20:25:09] $ kubectl get jobs parsec-canneal -o jsonpath={.status.conditions[*].type}
[20:25:10]   Still running... (0s elapsed)
[20:25:25] $ kubectl get jobs parsec-canneal -o jsonpath={.status.conditions[*].type}
[20:25:25]   Still running... (15s elapsed)
[20:25:40] $ kubectl get jobs parsec-canneal -o jsonpath={.status.conditions[*].type}
[20:25:40]   Still running... (30s elapsed)
[20:25:55] $ kubectl get jobs parsec-canneal -o jsonpath={.status.conditions[*].type}
[20:25:55]   Still running... (46s elapsed)
[20:26:10] $ kubectl get jobs parsec-canneal -o jsonpath={.status.conditions[*].type}
[20:26:11]   Still running... (61s elapsed)
[20:26:26] $ kubectl get jobs parsec-canneal -o jsonpath={.status.conditions[*].type}
[20:26:26]   Still running... (76s elapsed)
[20:26:41] $ kubectl get jobs parsec-canneal -o jsonpath={.status.conditions[*].type}
[20:26:41]   Still running... (92s elapsed)
[20:26:56] $ kubectl get jobs parsec-canneal -o jsonpath={.status.conditions[*].type}
[20:26:57]   Still running... (107s elapsed)
[20:27:12] $ kubectl get jobs parsec-canneal -o jsonpath={.status.conditions[*].type}
[20:27:12]   Still running... (122s elapsed)
[20:27:27] $ kubectl get jobs parsec-canneal -o jsonpath={.status.conditions[*].type}
[20:27:27]   Still running... (138s elapsed)
[20:27:42] $ kubectl get jobs parsec-canneal -o jsonpath={.status.conditions[*].type}
[20:27:43]   Still running... (153s elapsed)
[20:27:58] $ kubectl get jobs parsec-canneal -o jsonpath={.status.conditions[*].type}
[20:27:58]   Still running... (168s elapsed)
[20:28:13] $ kubectl get jobs parsec-canneal -o jsonpath={.status.conditions[*].type}
[20:28:13]   Still running... (184s elapsed)
[20:28:28] $ kubectl get jobs parsec-canneal -o jsonpath={.status.conditions[*].type}
[20:28:29]   Still running... (199s elapsed)
[20:28:44] $ kubectl get jobs parsec-canneal -o jsonpath={.status.conditions[*].type}
[20:28:44]   Still running... (214s elapsed)
[20:28:59] $ kubectl get jobs parsec-canneal -o jsonpath={.status.conditions[*].type}
[20:28:59]   Still running... (229s elapsed)
[20:29:14] $ kubectl get jobs parsec-canneal -o jsonpath={.status.conditions[*].type}
[20:29:14]   Still running... (245s elapsed)
[20:29:29] $ kubectl get jobs parsec-canneal -o jsonpath={.status.conditions[*].type}
[20:29:30]   Still running... (260s elapsed)
[20:29:45] $ kubectl get jobs parsec-canneal -o jsonpath={.status.conditions[*].type}
[20:29:45]   Still running... (275s elapsed)
[20:30:00] $ kubectl get jobs parsec-canneal -o jsonpath={.status.conditions[*].type}
[20:30:00] Job 'parsec-canneal' completed successfully (291s)
[20:30:00] $ kubectl get pods --selector=job-name=parsec-canneal --output=jsonpath={.items[*].metadata.name}
[20:30:00] $ kubectl logs parsec-canneal-g27n6
[20:30:01] Execution time: 272.6s
[20:30:01] Cleaning up jobs and pods...
[20:30:01] $ kubectl delete jobs --all
job.batch "parsec-canneal" deleted from default namespace
[20:30:01] $ kubectl delete pods --all
No resources found
[20:30:11] Results saved to part2b-experiments/run3/results.csv
[20:30:11] 
Progress: 10/28 (Run 3)
[20:30:11] 
============================================================
[20:30:11]   Benchmark:    canneal
[20:30:11]   Threads:      2
[20:30:11] ============================================================
[20:30:11] Cleaning up jobs and pods...
[20:30:11] $ kubectl delete jobs --all
No resources found
[20:30:11] $ kubectl delete pods --all
No resources found
[20:30:21] Starting benchmark: canneal with 2 thread(s)
[20:30:21] $ kubectl create -f /var/folders/4g/q_cgnrh92f19vvbrw_hg6j340000gn/T/parsec-canneal-t2-b1fnn6bs.yaml
job.batch/parsec-canneal created
[20:30:22] Waiting for job 'parsec-canneal' to complete...
[20:30:22] $ kubectl get jobs parsec-canneal -o jsonpath={.status.conditions[*].type}
[20:30:22]   Still running... (0s elapsed)
[20:30:37] $ kubectl get jobs parsec-canneal -o jsonpath={.status.conditions[*].type}
[20:30:37]   Still running... (15s elapsed)
[20:30:52] $ kubectl get jobs parsec-canneal -o jsonpath={.status.conditions[*].type}
[20:30:52]   Still running... (30s elapsed)
[20:31:07] $ kubectl get jobs parsec-canneal -o jsonpath={.status.conditions[*].type}
[20:31:08]   Still running... (46s elapsed)
[20:31:23] $ kubectl get jobs parsec-canneal -o jsonpath={.status.conditions[*].type}
[20:31:23]   Still running... (61s elapsed)
[20:31:38] $ kubectl get jobs parsec-canneal -o jsonpath={.status.conditions[*].type}
[20:31:38]   Still running... (76s elapsed)
[20:31:53] $ kubectl get jobs parsec-canneal -o jsonpath={.status.conditions[*].type}
[20:31:54]   Still running... (92s elapsed)
[20:32:09] $ kubectl get jobs parsec-canneal -o jsonpath={.status.conditions[*].type}
[20:32:09]   Still running... (107s elapsed)
[20:32:24] $ kubectl get jobs parsec-canneal -o jsonpath={.status.conditions[*].type}
[20:32:24]   Still running... (122s elapsed)
[20:32:39] $ kubectl get jobs parsec-canneal -o jsonpath={.status.conditions[*].type}
[20:32:39]   Still running... (138s elapsed)
[20:32:54] $ kubectl get jobs parsec-canneal -o jsonpath={.status.conditions[*].type}
[20:32:55]   Still running... (153s elapsed)
[20:33:10] $ kubectl get jobs parsec-canneal -o jsonpath={.status.conditions[*].type}
[20:33:10]   Still running... (168s elapsed)
[20:33:25] $ kubectl get jobs parsec-canneal -o jsonpath={.status.conditions[*].type}
[20:33:25] Job 'parsec-canneal' completed successfully (183s)
[20:33:25] $ kubectl get pods --selector=job-name=parsec-canneal --output=jsonpath={.items[*].metadata.name}
[20:33:26] $ kubectl logs parsec-canneal-gbhfr
[20:33:26] Execution time: 178.7s
[20:33:26] Cleaning up jobs and pods...
[20:33:26] $ kubectl delete jobs --all
job.batch "parsec-canneal" deleted from default namespace
[20:33:26] $ kubectl delete pods --all
No resources found
[20:33:36] Results saved to part2b-experiments/run3/results.csv
[20:33:36] 
Progress: 11/28 (Run 3)
[20:33:36] 
============================================================
[20:33:36]   Benchmark:    canneal
[20:33:36]   Threads:      4
[20:33:36] ============================================================
[20:33:36] Cleaning up jobs and pods...
[20:33:36] $ kubectl delete jobs --all
No resources found
[20:33:36] $ kubectl delete pods --all
No resources found
[20:33:46] Starting benchmark: canneal with 4 thread(s)
[20:33:46] $ kubectl create -f /var/folders/4g/q_cgnrh92f19vvbrw_hg6j340000gn/T/parsec-canneal-t4-ym4rgssm.yaml
job.batch/parsec-canneal created
[20:33:47] Waiting for job 'parsec-canneal' to complete...
[20:33:47] $ kubectl get jobs parsec-canneal -o jsonpath={.status.conditions[*].type}
[20:33:47]   Still running... (0s elapsed)
[20:34:02] $ kubectl get jobs parsec-canneal -o jsonpath={.status.conditions[*].type}
[20:34:02]   Still running... (15s elapsed)
[20:34:17] $ kubectl get jobs parsec-canneal -o jsonpath={.status.conditions[*].type}
[20:34:17]   Still running... (30s elapsed)
[20:34:32] $ kubectl get jobs parsec-canneal -o jsonpath={.status.conditions[*].type}
[20:34:33]   Still running... (46s elapsed)
[20:34:48] $ kubectl get jobs parsec-canneal -o jsonpath={.status.conditions[*].type}
[20:34:48]   Still running... (61s elapsed)
[20:35:03] $ kubectl get jobs parsec-canneal -o jsonpath={.status.conditions[*].type}
[20:35:03]   Still running... (76s elapsed)
[20:35:18] $ kubectl get jobs parsec-canneal -o jsonpath={.status.conditions[*].type}
[20:35:19]   Still running... (92s elapsed)
[20:35:34] $ kubectl get jobs parsec-canneal -o jsonpath={.status.conditions[*].type}
[20:35:34]   Still running... (107s elapsed)
[20:35:49] $ kubectl get jobs parsec-canneal -o jsonpath={.status.conditions[*].type}
[20:35:49]   Still running... (122s elapsed)
[20:36:04] $ kubectl get jobs parsec-canneal -o jsonpath={.status.conditions[*].type}
[20:36:04] Job 'parsec-canneal' completed successfully (137s)
[20:36:04] $ kubectl get pods --selector=job-name=parsec-canneal --output=jsonpath={.items[*].metadata.name}
[20:36:05] $ kubectl logs parsec-canneal-vxjns
[20:36:05] Execution time: 128.2s
[20:36:05] Cleaning up jobs and pods...
[20:36:05] $ kubectl delete jobs --all
job.batch "parsec-canneal" deleted from default namespace
[20:36:05] $ kubectl delete pods --all
No resources found
[20:36:15] Results saved to part2b-experiments/run3/results.csv
[20:36:15] 
Progress: 12/28 (Run 3)
[20:36:15] 
============================================================
[20:36:15]   Benchmark:    canneal
[20:36:15]   Threads:      8
[20:36:15] ============================================================
[20:36:15] Cleaning up jobs and pods...
[20:36:15] $ kubectl delete jobs --all
No resources found
[20:36:15] $ kubectl delete pods --all
No resources found
[20:36:25] Starting benchmark: canneal with 8 thread(s)
[20:36:25] $ kubectl create -f /var/folders/4g/q_cgnrh92f19vvbrw_hg6j340000gn/T/parsec-canneal-t8-ns7hknj_.yaml
job.batch/parsec-canneal created
[20:36:26] Waiting for job 'parsec-canneal' to complete...
[20:36:26] $ kubectl get jobs parsec-canneal -o jsonpath={.status.conditions[*].type}
[20:36:26]   Still running... (0s elapsed)
[20:36:41] $ kubectl get jobs parsec-canneal -o jsonpath={.status.conditions[*].type}
[20:36:41]   Still running... (15s elapsed)
[20:36:56] $ kubectl get jobs parsec-canneal -o jsonpath={.status.conditions[*].type}
[20:36:56]   Still running... (30s elapsed)
[20:37:11] $ kubectl get jobs parsec-canneal -o jsonpath={.status.conditions[*].type}
[20:37:12]   Still running... (46s elapsed)
[20:37:27] $ kubectl get jobs parsec-canneal -o jsonpath={.status.conditions[*].type}
[20:37:27]   Still running... (61s elapsed)
[20:37:42] $ kubectl get jobs parsec-canneal -o jsonpath={.status.conditions[*].type}
[20:37:42]   Still running... (76s elapsed)
[20:37:57] $ kubectl get jobs parsec-canneal -o jsonpath={.status.conditions[*].type}
[20:37:58]   Still running... (92s elapsed)
[20:38:13] $ kubectl get jobs parsec-canneal -o jsonpath={.status.conditions[*].type}
[20:38:13] Job 'parsec-canneal' completed successfully (107s)
[20:38:13] $ kubectl get pods --selector=job-name=parsec-canneal --output=jsonpath={.items[*].metadata.name}
[20:38:13] $ kubectl logs parsec-canneal-pbkqh
[20:38:13] Execution time: 100.2s
[20:38:13] Cleaning up jobs and pods...
[20:38:13] $ kubectl delete jobs --all
job.batch "parsec-canneal" deleted from default namespace
[20:38:13] $ kubectl delete pods --all
No resources found
[20:38:23] Results saved to part2b-experiments/run3/results.csv
[20:38:23] 
Progress: 13/28 (Run 3)
[20:38:23] 
============================================================
[20:38:23]   Benchmark:    freqmine
[20:38:23]   Threads:      1
[20:38:23] ============================================================
[20:38:23] Cleaning up jobs and pods...
[20:38:23] $ kubectl delete jobs --all
No resources found
[20:38:24] $ kubectl delete pods --all
No resources found
[20:38:34] Starting benchmark: freqmine with 1 thread(s)
[20:38:34] $ kubectl create -f /var/folders/4g/q_cgnrh92f19vvbrw_hg6j340000gn/T/parsec-freqmine-t1-z3jiiecy.yaml
job.batch/parsec-freqmine created
[20:38:34] Waiting for job 'parsec-freqmine' to complete...
[20:38:34] $ kubectl get jobs parsec-freqmine -o jsonpath={.status.conditions[*].type}
[20:38:34]   Still running... (0s elapsed)
[20:38:49] $ kubectl get jobs parsec-freqmine -o jsonpath={.status.conditions[*].type}
[20:38:50]   Still running... (15s elapsed)
[20:39:05] $ kubectl get jobs parsec-freqmine -o jsonpath={.status.conditions[*].type}
[20:39:05]   Still running... (30s elapsed)
[20:39:20] $ kubectl get jobs parsec-freqmine -o jsonpath={.status.conditions[*].type}
[20:39:20]   Still running... (46s elapsed)
[20:39:35] $ kubectl get jobs parsec-freqmine -o jsonpath={.status.conditions[*].type}
[20:39:35]   Still running... (61s elapsed)
[20:39:50] $ kubectl get jobs parsec-freqmine -o jsonpath={.status.conditions[*].type}
[20:39:51]   Still running... (76s elapsed)
[20:40:06] $ kubectl get jobs parsec-freqmine -o jsonpath={.status.conditions[*].type}
[20:40:06]   Still running... (92s elapsed)
[20:40:21] $ kubectl get jobs parsec-freqmine -o jsonpath={.status.conditions[*].type}
[20:40:21]   Still running... (107s elapsed)
[20:40:36] $ kubectl get jobs parsec-freqmine -o jsonpath={.status.conditions[*].type}
[20:40:37]   Still running... (122s elapsed)
[20:40:52] $ kubectl get jobs parsec-freqmine -o jsonpath={.status.conditions[*].type}
[20:40:52]   Still running... (137s elapsed)
[20:41:07] $ kubectl get jobs parsec-freqmine -o jsonpath={.status.conditions[*].type}
[20:41:07]   Still running... (153s elapsed)
[20:41:22] $ kubectl get jobs parsec-freqmine -o jsonpath={.status.conditions[*].type}
[20:41:23]   Still running... (168s elapsed)
[20:41:38] $ kubectl get jobs parsec-freqmine -o jsonpath={.status.conditions[*].type}
[20:41:38]   Still running... (183s elapsed)
[20:41:53] $ kubectl get jobs parsec-freqmine -o jsonpath={.status.conditions[*].type}
[20:41:53]   Still running... (199s elapsed)
[20:42:08] $ kubectl get jobs parsec-freqmine -o jsonpath={.status.conditions[*].type}
[20:42:08]   Still running... (214s elapsed)
[20:42:24] $ kubectl get jobs parsec-freqmine -o jsonpath={.status.conditions[*].type}
[20:42:24]   Still running... (229s elapsed)
[20:42:39] $ kubectl get jobs parsec-freqmine -o jsonpath={.status.conditions[*].type}
[20:42:39]   Still running... (245s elapsed)
[20:42:54] $ kubectl get jobs parsec-freqmine -o jsonpath={.status.conditions[*].type}
[20:42:54]   Still running... (260s elapsed)
[20:43:09] $ kubectl get jobs parsec-freqmine -o jsonpath={.status.conditions[*].type}
[20:43:10]   Still running... (275s elapsed)
[20:43:25] $ kubectl get jobs parsec-freqmine -o jsonpath={.status.conditions[*].type}
[20:43:25]   Still running... (290s elapsed)
[20:43:40] $ kubectl get jobs parsec-freqmine -o jsonpath={.status.conditions[*].type}
[20:43:40]   Still running... (306s elapsed)
[20:43:55] $ kubectl get jobs parsec-freqmine -o jsonpath={.status.conditions[*].type}
[20:43:56]   Still running... (321s elapsed)
[20:44:11] $ kubectl get jobs parsec-freqmine -o jsonpath={.status.conditions[*].type}
[20:44:11]   Still running... (336s elapsed)
[20:44:26] $ kubectl get jobs parsec-freqmine -o jsonpath={.status.conditions[*].type}
[20:44:26] Job 'parsec-freqmine' completed successfully (352s)
[20:44:26] $ kubectl get pods --selector=job-name=parsec-freqmine --output=jsonpath={.items[*].metadata.name}
[20:44:26] $ kubectl logs parsec-freqmine-cvwmd
[20:44:26] Execution time: 337.3s
[20:44:26] Cleaning up jobs and pods...
[20:44:26] $ kubectl delete jobs --all
job.batch "parsec-freqmine" deleted from default namespace
[20:44:27] $ kubectl delete pods --all
No resources found
[20:44:37] Results saved to part2b-experiments/run3/results.csv
[20:44:37] 
Progress: 14/28 (Run 3)
[20:44:37] 
============================================================
[20:44:37]   Benchmark:    freqmine
[20:44:37]   Threads:      2
[20:44:37] ============================================================
[20:44:37] Cleaning up jobs and pods...
[20:44:37] $ kubectl delete jobs --all
No resources found
[20:44:37] $ kubectl delete pods --all
No resources found
[20:44:47] Starting benchmark: freqmine with 2 thread(s)
[20:44:47] $ kubectl create -f /var/folders/4g/q_cgnrh92f19vvbrw_hg6j340000gn/T/parsec-freqmine-t2-o7tva71l.yaml
job.batch/parsec-freqmine created
[20:44:47] Waiting for job 'parsec-freqmine' to complete...
[20:44:47] $ kubectl get jobs parsec-freqmine -o jsonpath={.status.conditions[*].type}
[20:44:48]   Still running... (0s elapsed)
[20:45:03] $ kubectl get jobs parsec-freqmine -o jsonpath={.status.conditions[*].type}
[20:45:03]   Still running... (15s elapsed)
[20:45:18] $ kubectl get jobs parsec-freqmine -o jsonpath={.status.conditions[*].type}
[20:45:18]   Still running... (30s elapsed)
[20:45:33] $ kubectl get jobs parsec-freqmine -o jsonpath={.status.conditions[*].type}
[20:45:33]   Still running... (46s elapsed)
[20:45:48] $ kubectl get jobs parsec-freqmine -o jsonpath={.status.conditions[*].type}
[20:45:49]   Still running... (61s elapsed)
[20:46:04] $ kubectl get jobs parsec-freqmine -o jsonpath={.status.conditions[*].type}
[20:46:04]   Still running... (76s elapsed)
[20:46:19] $ kubectl get jobs parsec-freqmine -o jsonpath={.status.conditions[*].type}
[20:46:19]   Still running... (92s elapsed)
[20:46:34] $ kubectl get jobs parsec-freqmine -o jsonpath={.status.conditions[*].type}
[20:46:35]   Still running... (107s elapsed)
[20:46:50] $ kubectl get jobs parsec-freqmine -o jsonpath={.status.conditions[*].type}
[20:46:50]   Still running... (122s elapsed)
[20:47:05] $ kubectl get jobs parsec-freqmine -o jsonpath={.status.conditions[*].type}
[20:47:05]   Still running... (137s elapsed)
[20:47:20] $ kubectl get jobs parsec-freqmine -o jsonpath={.status.conditions[*].type}
[20:47:20]   Still running... (153s elapsed)
[20:47:35] $ kubectl get jobs parsec-freqmine -o jsonpath={.status.conditions[*].type}
[20:47:36]   Still running... (168s elapsed)
[20:47:51] $ kubectl get jobs parsec-freqmine -o jsonpath={.status.conditions[*].type}
[20:47:51] Job 'parsec-freqmine' completed successfully (183s)
[20:47:51] $ kubectl get pods --selector=job-name=parsec-freqmine --output=jsonpath={.items[*].metadata.name}
[20:47:51] $ kubectl logs parsec-freqmine-shfs8
[20:47:51] Execution time: 177.5s
[20:47:51] Cleaning up jobs and pods...
[20:47:51] $ kubectl delete jobs --all
job.batch "parsec-freqmine" deleted from default namespace
[20:47:51] $ kubectl delete pods --all
No resources found
[20:48:02] Results saved to part2b-experiments/run3/results.csv
[20:48:02] 
Progress: 15/28 (Run 3)
[20:48:02] 
============================================================
[20:48:02]   Benchmark:    freqmine
[20:48:02]   Threads:      4
[20:48:02] ============================================================
[20:48:02] Cleaning up jobs and pods...
[20:48:02] $ kubectl delete jobs --all
No resources found
[20:48:02] $ kubectl delete pods --all
No resources found
[20:48:12] Starting benchmark: freqmine with 4 thread(s)
[20:48:12] $ kubectl create -f /var/folders/4g/q_cgnrh92f19vvbrw_hg6j340000gn/T/parsec-freqmine-t4-i61i4ey6.yaml
job.batch/parsec-freqmine created
[20:48:12] Waiting for job 'parsec-freqmine' to complete...
[20:48:12] $ kubectl get jobs parsec-freqmine -o jsonpath={.status.conditions[*].type}
[20:48:12]   Still running... (0s elapsed)
[20:48:27] $ kubectl get jobs parsec-freqmine -o jsonpath={.status.conditions[*].type}
[20:48:28]   Still running... (15s elapsed)
[20:48:43] $ kubectl get jobs parsec-freqmine -o jsonpath={.status.conditions[*].type}
[20:48:43]   Still running... (30s elapsed)
[20:48:58] $ kubectl get jobs parsec-freqmine -o jsonpath={.status.conditions[*].type}
[20:48:58]   Still running... (46s elapsed)
[20:49:13] $ kubectl get jobs parsec-freqmine -o jsonpath={.status.conditions[*].type}
[20:49:14]   Still running... (61s elapsed)
[20:49:29] $ kubectl get jobs parsec-freqmine -o jsonpath={.status.conditions[*].type}
[20:49:29]   Still running... (76s elapsed)
[20:49:44] $ kubectl get jobs parsec-freqmine -o jsonpath={.status.conditions[*].type}
[20:49:44]   Still running... (92s elapsed)
[20:49:59] $ kubectl get jobs parsec-freqmine -o jsonpath={.status.conditions[*].type}
[20:49:59] Job 'parsec-freqmine' completed successfully (107s)
[20:49:59] $ kubectl get pods --selector=job-name=parsec-freqmine --output=jsonpath={.items[*].metadata.name}
[20:50:00] $ kubectl logs parsec-freqmine-cdwdr
[20:50:00] Execution time: 87.2s
[20:50:00] Cleaning up jobs and pods...
[20:50:00] $ kubectl delete jobs --all
job.batch "parsec-freqmine" deleted from default namespace
[20:50:00] $ kubectl delete pods --all
No resources found
[20:50:10] Results saved to part2b-experiments/run3/results.csv
[20:50:10] 
Progress: 16/28 (Run 3)
[20:50:10] 
============================================================
[20:50:10]   Benchmark:    freqmine
[20:50:10]   Threads:      8
[20:50:10] ============================================================
[20:50:10] Cleaning up jobs and pods...
[20:50:10] $ kubectl delete jobs --all
No resources found
[20:50:10] $ kubectl delete pods --all
No resources found
[20:50:20] Starting benchmark: freqmine with 8 thread(s)
[20:50:20] $ kubectl create -f /var/folders/4g/q_cgnrh92f19vvbrw_hg6j340000gn/T/parsec-freqmine-t8-1v183a8y.yaml
job.batch/parsec-freqmine created
[20:50:21] Waiting for job 'parsec-freqmine' to complete...
[20:50:21] $ kubectl get jobs parsec-freqmine -o jsonpath={.status.conditions[*].type}
[20:50:21]   Still running... (0s elapsed)
[20:50:36] $ kubectl get jobs parsec-freqmine -o jsonpath={.status.conditions[*].type}
[20:50:36]   Still running... (15s elapsed)
[20:50:51] $ kubectl get jobs parsec-freqmine -o jsonpath={.status.conditions[*].type}
[20:50:51]   Still running... (30s elapsed)
[20:51:06] $ kubectl get jobs parsec-freqmine -o jsonpath={.status.conditions[*].type}
[20:51:07]   Still running... (46s elapsed)
[20:51:22] $ kubectl get jobs parsec-freqmine -o jsonpath={.status.conditions[*].type}
[20:51:22]   Still running... (61s elapsed)
[20:51:37] $ kubectl get jobs parsec-freqmine -o jsonpath={.status.conditions[*].type}
[20:51:37] Job 'parsec-freqmine' completed successfully (76s)
[20:51:37] $ kubectl get pods --selector=job-name=parsec-freqmine --output=jsonpath={.items[*].metadata.name}
[20:51:37] $ kubectl logs parsec-freqmine-frc2l
[20:51:38] Execution time: 68.2s
[20:51:38] Cleaning up jobs and pods...
[20:51:38] $ kubectl delete jobs --all
job.batch "parsec-freqmine" deleted from default namespace
[20:51:38] $ kubectl delete pods --all
No resources found
[20:51:48] Results saved to part2b-experiments/run3/results.csv
[20:51:48] 
Progress: 17/28 (Run 3)
[20:51:48] 
============================================================
[20:51:48]   Benchmark:    radix
[20:51:48]   Threads:      1
[20:51:48] ============================================================
[20:51:48] Cleaning up jobs and pods...
[20:51:48] $ kubectl delete jobs --all
No resources found
[20:51:48] $ kubectl delete pods --all
No resources found
[20:51:59] Starting benchmark: radix with 1 thread(s)
[20:51:59] $ kubectl create -f /var/folders/4g/q_cgnrh92f19vvbrw_hg6j340000gn/T/parsec-radix-t1-x_h6l01i.yaml
job.batch/parsec-radix created
[20:51:59] Waiting for job 'parsec-radix' to complete...
[20:51:59] $ kubectl get jobs parsec-radix -o jsonpath={.status.conditions[*].type}
[20:51:59]   Still running... (0s elapsed)
[20:52:14] $ kubectl get jobs parsec-radix -o jsonpath={.status.conditions[*].type}
[20:52:14]   Still running... (15s elapsed)
[20:52:29] $ kubectl get jobs parsec-radix -o jsonpath={.status.conditions[*].type}
[20:52:30]   Still running... (30s elapsed)
[20:52:45] $ kubectl get jobs parsec-radix -o jsonpath={.status.conditions[*].type}
[20:52:45] Job 'parsec-radix' completed successfully (46s)
[20:52:45] $ kubectl get pods --selector=job-name=parsec-radix --output=jsonpath={.items[*].metadata.name}
[20:52:45] $ kubectl logs parsec-radix-wvcxp
[20:52:46] Execution time: 36.4s
[20:52:46] Cleaning up jobs and pods...
[20:52:46] $ kubectl delete jobs --all
job.batch "parsec-radix" deleted from default namespace
[20:52:46] $ kubectl delete pods --all
No resources found
[20:52:56] Results saved to part2b-experiments/run3/results.csv
[20:52:56] 
Progress: 18/28 (Run 3)
[20:52:56] 
============================================================
[20:52:56]   Benchmark:    radix
[20:52:56]   Threads:      2
[20:52:56] ============================================================
[20:52:56] Cleaning up jobs and pods...
[20:52:56] $ kubectl delete jobs --all
No resources found
[20:52:56] $ kubectl delete pods --all
No resources found
[20:53:07] Starting benchmark: radix with 2 thread(s)
[20:53:07] $ kubectl create -f /var/folders/4g/q_cgnrh92f19vvbrw_hg6j340000gn/T/parsec-radix-t2-sl3wuuei.yaml
job.batch/parsec-radix created
[20:53:07] Waiting for job 'parsec-radix' to complete...
[20:53:07] $ kubectl get jobs parsec-radix -o jsonpath={.status.conditions[*].type}
[20:53:07]   Still running... (0s elapsed)
[20:53:22] $ kubectl get jobs parsec-radix -o jsonpath={.status.conditions[*].type}
[20:53:22]   Still running... (15s elapsed)
[20:53:37] $ kubectl get jobs parsec-radix -o jsonpath={.status.conditions[*].type}
[20:53:38] Job 'parsec-radix' completed successfully (30s)
[20:53:38] $ kubectl get pods --selector=job-name=parsec-radix --output=jsonpath={.items[*].metadata.name}
[20:53:38] $ kubectl logs parsec-radix-chcpb
[20:53:38] Execution time: 17.8s
[20:53:38] Cleaning up jobs and pods...
[20:53:38] $ kubectl delete jobs --all
job.batch "parsec-radix" deleted from default namespace
[20:53:38] $ kubectl delete pods --all
No resources found
[20:53:48] Results saved to part2b-experiments/run3/results.csv
[20:53:48] 
Progress: 19/28 (Run 3)
[20:53:48] 
============================================================
[20:53:48]   Benchmark:    radix
[20:53:48]   Threads:      4
[20:53:48] ============================================================
[20:53:48] Cleaning up jobs and pods...
[20:53:48] $ kubectl delete jobs --all
No resources found
[20:53:48] $ kubectl delete pods --all
No resources found
[20:53:59] Starting benchmark: radix with 4 thread(s)
[20:53:59] $ kubectl create -f /var/folders/4g/q_cgnrh92f19vvbrw_hg6j340000gn/T/parsec-radix-t4-qq9oa7_k.yaml
job.batch/parsec-radix created
[20:53:59] Waiting for job 'parsec-radix' to complete...
[20:53:59] $ kubectl get jobs parsec-radix -o jsonpath={.status.conditions[*].type}
[20:53:59]   Still running... (0s elapsed)
[20:54:14] $ kubectl get jobs parsec-radix -o jsonpath={.status.conditions[*].type}
[20:54:14] Job 'parsec-radix' completed successfully (15s)
[20:54:14] $ kubectl get pods --selector=job-name=parsec-radix --output=jsonpath={.items[*].metadata.name}
[20:54:14] $ kubectl logs parsec-radix-4hd9z
[20:54:15] Execution time: 9.3s
[20:54:15] Cleaning up jobs and pods...
[20:54:15] $ kubectl delete jobs --all
job.batch "parsec-radix" deleted from default namespace
[20:54:15] $ kubectl delete pods --all
No resources found
[20:54:25] Results saved to part2b-experiments/run3/results.csv
[20:54:25] 
Progress: 20/28 (Run 3)
[20:54:25] 
============================================================
[20:54:25]   Benchmark:    radix
[20:54:25]   Threads:      8
[20:54:25] ============================================================
[20:54:25] Cleaning up jobs and pods...
[20:54:25] $ kubectl delete jobs --all
No resources found
[20:54:25] $ kubectl delete pods --all
No resources found
[20:54:35] Starting benchmark: radix with 8 thread(s)
[20:54:35] $ kubectl create -f /var/folders/4g/q_cgnrh92f19vvbrw_hg6j340000gn/T/parsec-radix-t8-3485cz0u.yaml
job.batch/parsec-radix created
[20:54:36] Waiting for job 'parsec-radix' to complete...
[20:54:36] $ kubectl get jobs parsec-radix -o jsonpath={.status.conditions[*].type}
[20:54:36]   Still running... (0s elapsed)
[20:54:51] $ kubectl get jobs parsec-radix -o jsonpath={.status.conditions[*].type}
[20:54:51] Job 'parsec-radix' completed successfully (15s)
[20:54:51] $ kubectl get pods --selector=job-name=parsec-radix --output=jsonpath={.items[*].metadata.name}
[20:54:51] $ kubectl logs parsec-radix-vw5tc
[20:54:51] Execution time: 5.8s
[20:54:51] Cleaning up jobs and pods...
[20:54:51] $ kubectl delete jobs --all
job.batch "parsec-radix" deleted from default namespace
[20:54:51] $ kubectl delete pods --all
No resources found
[20:55:02] Results saved to part2b-experiments/run3/results.csv
[20:55:02] 
Progress: 21/28 (Run 3)
[20:55:02] 
============================================================
[20:55:02]   Benchmark:    streamcluster
[20:55:02]   Threads:      1
[20:55:02] ============================================================
[20:55:02] Cleaning up jobs and pods...
[20:55:02] $ kubectl delete jobs --all
No resources found
[20:55:02] $ kubectl delete pods --all
No resources found
[20:55:12] Starting benchmark: streamcluster with 1 thread(s)
[20:55:12] $ kubectl create -f /var/folders/4g/q_cgnrh92f19vvbrw_hg6j340000gn/T/parsec-streamcluster-t1-fg5d98ua.yaml
job.batch/parsec-streamcluster created
[20:55:12] Waiting for job 'parsec-streamcluster' to complete...
[20:55:12] $ kubectl get jobs parsec-streamcluster -o jsonpath={.status.conditions[*].type}
[20:55:12]   Still running... (0s elapsed)
[20:55:27] $ kubectl get jobs parsec-streamcluster -o jsonpath={.status.conditions[*].type}
[20:55:28]   Still running... (15s elapsed)
[20:55:43] $ kubectl get jobs parsec-streamcluster -o jsonpath={.status.conditions[*].type}
[20:55:43]   Still running... (30s elapsed)
[20:55:58] $ kubectl get jobs parsec-streamcluster -o jsonpath={.status.conditions[*].type}
[20:55:58]   Still running... (46s elapsed)
[20:56:13] $ kubectl get jobs parsec-streamcluster -o jsonpath={.status.conditions[*].type}
[20:56:14]   Still running... (61s elapsed)
[20:56:29] $ kubectl get jobs parsec-streamcluster -o jsonpath={.status.conditions[*].type}
[20:56:29]   Still running... (76s elapsed)
[20:56:44] $ kubectl get jobs parsec-streamcluster -o jsonpath={.status.conditions[*].type}
[20:56:44]   Still running... (92s elapsed)
[20:56:59] $ kubectl get jobs parsec-streamcluster -o jsonpath={.status.conditions[*].type}
[20:56:59]   Still running... (107s elapsed)
[20:57:14] $ kubectl get jobs parsec-streamcluster -o jsonpath={.status.conditions[*].type}
[20:57:15]   Still running... (122s elapsed)
[20:57:30] $ kubectl get jobs parsec-streamcluster -o jsonpath={.status.conditions[*].type}
[20:57:30]   Still running... (137s elapsed)
[20:57:45] $ kubectl get jobs parsec-streamcluster -o jsonpath={.status.conditions[*].type}
[20:57:45]   Still running... (153s elapsed)
[20:58:00] $ kubectl get jobs parsec-streamcluster -o jsonpath={.status.conditions[*].type}
[20:58:01]   Still running... (168s elapsed)
[20:58:16] $ kubectl get jobs parsec-streamcluster -o jsonpath={.status.conditions[*].type}
[20:58:16]   Still running... (183s elapsed)
[20:58:31] $ kubectl get jobs parsec-streamcluster -o jsonpath={.status.conditions[*].type}
[20:58:31]   Still running... (199s elapsed)
[20:58:46] $ kubectl get jobs parsec-streamcluster -o jsonpath={.status.conditions[*].type}
[20:58:46]   Still running... (214s elapsed)
[20:59:01] $ kubectl get jobs parsec-streamcluster -o jsonpath={.status.conditions[*].type}
[20:59:02]   Still running... (229s elapsed)
[20:59:17] $ kubectl get jobs parsec-streamcluster -o jsonpath={.status.conditions[*].type}
[20:59:17]   Still running... (244s elapsed)
[20:59:32] $ kubectl get jobs parsec-streamcluster -o jsonpath={.status.conditions[*].type}
[20:59:32]   Still running... (260s elapsed)
[20:59:47] $ kubectl get jobs parsec-streamcluster -o jsonpath={.status.conditions[*].type}
[20:59:48]   Still running... (275s elapsed)
[21:00:03] $ kubectl get jobs parsec-streamcluster -o jsonpath={.status.conditions[*].type}
[21:00:03]   Still running... (290s elapsed)
[21:00:18] $ kubectl get jobs parsec-streamcluster -o jsonpath={.status.conditions[*].type}
[21:00:18]   Still running... (306s elapsed)
[21:00:33] $ kubectl get jobs parsec-streamcluster -o jsonpath={.status.conditions[*].type}
[21:00:34]   Still running... (321s elapsed)
[21:00:49] $ kubectl get jobs parsec-streamcluster -o jsonpath={.status.conditions[*].type}
[21:00:49]   Still running... (336s elapsed)
[21:01:04] $ kubectl get jobs parsec-streamcluster -o jsonpath={.status.conditions[*].type}
[21:01:04]   Still running... (352s elapsed)
[21:01:19] $ kubectl get jobs parsec-streamcluster -o jsonpath={.status.conditions[*].type}
[21:01:19]   Still running... (367s elapsed)
[21:01:34] $ kubectl get jobs parsec-streamcluster -o jsonpath={.status.conditions[*].type}
[21:01:35]   Still running... (382s elapsed)
[21:01:50] $ kubectl get jobs parsec-streamcluster -o jsonpath={.status.conditions[*].type}
[21:01:51]   Still running... (397s elapsed)
[21:02:06] $ kubectl get jobs parsec-streamcluster -o jsonpath={.status.conditions[*].type}
[21:02:06]   Still running... (414s elapsed)
[21:02:21] $ kubectl get jobs parsec-streamcluster -o jsonpath={.status.conditions[*].type}
[21:02:22]   Still running... (429s elapsed)
[21:02:37] $ kubectl get jobs parsec-streamcluster -o jsonpath={.status.conditions[*].type}
[21:02:37]   Still running... (444s elapsed)
[21:02:52] $ kubectl get jobs parsec-streamcluster -o jsonpath={.status.conditions[*].type}
[21:02:52]   Still running... (460s elapsed)
[21:03:07] $ kubectl get jobs parsec-streamcluster -o jsonpath={.status.conditions[*].type}
[21:03:07]   Still running... (475s elapsed)
[21:03:22] $ kubectl get jobs parsec-streamcluster -o jsonpath={.status.conditions[*].type}
[21:03:23]   Still running... (490s elapsed)
[21:03:38] $ kubectl get jobs parsec-streamcluster -o jsonpath={.status.conditions[*].type}
[21:03:38]   Still running... (506s elapsed)
[21:03:53] $ kubectl get jobs parsec-streamcluster -o jsonpath={.status.conditions[*].type}
[21:03:53]   Still running... (521s elapsed)
[21:04:08] $ kubectl get jobs parsec-streamcluster -o jsonpath={.status.conditions[*].type}
[21:04:09]   Still running... (536s elapsed)
[21:04:24] $ kubectl get jobs parsec-streamcluster -o jsonpath={.status.conditions[*].type}
[21:04:24] Job 'parsec-streamcluster' completed successfully (551s)
[21:04:24] $ kubectl get pods --selector=job-name=parsec-streamcluster --output=jsonpath={.items[*].metadata.name}
[21:04:24] $ kubectl logs parsec-streamcluster-n5h2g
[21:04:24] Execution time: 538.7s
[21:04:24] Cleaning up jobs and pods...
[21:04:24] $ kubectl delete jobs --all
job.batch "parsec-streamcluster" deleted from default namespace
[21:04:24] $ kubectl delete pods --all
No resources found
[21:04:35] Results saved to part2b-experiments/run3/results.csv
[21:04:35] 
Progress: 22/28 (Run 3)
[21:04:35] 
============================================================
[21:04:35]   Benchmark:    streamcluster
[21:04:35]   Threads:      2
[21:04:35] ============================================================
[21:04:35] Cleaning up jobs and pods...
[21:04:35] $ kubectl delete jobs --all
No resources found
[21:04:35] $ kubectl delete pods --all
No resources found
[21:04:45] Starting benchmark: streamcluster with 2 thread(s)
[21:04:45] $ kubectl create -f /var/folders/4g/q_cgnrh92f19vvbrw_hg6j340000gn/T/parsec-streamcluster-t2-llng8gtt.yaml
job.batch/parsec-streamcluster created
[21:04:45] Waiting for job 'parsec-streamcluster' to complete...
[21:04:45] $ kubectl get jobs parsec-streamcluster -o jsonpath={.status.conditions[*].type}
[21:04:45]   Still running... (0s elapsed)
[21:05:00] $ kubectl get jobs parsec-streamcluster -o jsonpath={.status.conditions[*].type}
[21:05:01]   Still running... (15s elapsed)
[21:05:16] $ kubectl get jobs parsec-streamcluster -o jsonpath={.status.conditions[*].type}
[21:05:16]   Still running... (30s elapsed)
[21:05:31] $ kubectl get jobs parsec-streamcluster -o jsonpath={.status.conditions[*].type}
[21:05:31]   Still running... (46s elapsed)
[21:05:46] $ kubectl get jobs parsec-streamcluster -o jsonpath={.status.conditions[*].type}
[21:05:46]   Still running... (61s elapsed)
[21:06:01] $ kubectl get jobs parsec-streamcluster -o jsonpath={.status.conditions[*].type}
[21:06:02]   Still running... (76s elapsed)
[21:06:17] $ kubectl get jobs parsec-streamcluster -o jsonpath={.status.conditions[*].type}
[21:06:17]   Still running... (92s elapsed)
[21:06:32] $ kubectl get jobs parsec-streamcluster -o jsonpath={.status.conditions[*].type}
[21:06:32]   Still running... (107s elapsed)
[21:06:47] $ kubectl get jobs parsec-streamcluster -o jsonpath={.status.conditions[*].type}
[21:06:48]   Still running... (122s elapsed)
[21:07:03] $ kubectl get jobs parsec-streamcluster -o jsonpath={.status.conditions[*].type}
[21:07:03]   Still running... (137s elapsed)
[21:07:18] $ kubectl get jobs parsec-streamcluster -o jsonpath={.status.conditions[*].type}
[21:07:18]   Still running... (153s elapsed)
[21:07:33] $ kubectl get jobs parsec-streamcluster -o jsonpath={.status.conditions[*].type}
[21:07:34]   Still running... (168s elapsed)
[21:07:49] $ kubectl get jobs parsec-streamcluster -o jsonpath={.status.conditions[*].type}
[21:07:49]   Still running... (184s elapsed)
[21:08:04] $ kubectl get jobs parsec-streamcluster -o jsonpath={.status.conditions[*].type}
[21:08:04]   Still running... (199s elapsed)
[21:08:20] $ kubectl get jobs parsec-streamcluster -o jsonpath={.status.conditions[*].type}
[21:08:20]   Still running... (214s elapsed)
[21:08:35] $ kubectl get jobs parsec-streamcluster -o jsonpath={.status.conditions[*].type}
[21:08:35]   Still running... (230s elapsed)
[21:08:50] $ kubectl get jobs parsec-streamcluster -o jsonpath={.status.conditions[*].type}
[21:08:50]   Still running... (245s elapsed)
[21:09:05] $ kubectl get jobs parsec-streamcluster -o jsonpath={.status.conditions[*].type}
[21:09:06]   Still running... (260s elapsed)
[21:09:21] $ kubectl get jobs parsec-streamcluster -o jsonpath={.status.conditions[*].type}
[21:09:21] Job 'parsec-streamcluster' completed successfully (275s)
[21:09:21] $ kubectl get pods --selector=job-name=parsec-streamcluster --output=jsonpath={.items[*].metadata.name}
[21:09:21] $ kubectl logs parsec-streamcluster-hmrrq
[21:09:21] Execution time: 269.1s
[21:09:21] Cleaning up jobs and pods...
[21:09:21] $ kubectl delete jobs --all
job.batch "parsec-streamcluster" deleted from default namespace
[21:09:21] $ kubectl delete pods --all
No resources found
[21:09:32] Results saved to part2b-experiments/run3/results.csv
[21:09:32] 
Progress: 23/28 (Run 3)
[21:09:32] 
============================================================
[21:09:32]   Benchmark:    streamcluster
[21:09:32]   Threads:      4
[21:09:32] ============================================================
[21:09:32] Cleaning up jobs and pods...
[21:09:32] $ kubectl delete jobs --all
No resources found
[21:09:32] $ kubectl delete pods --all
No resources found
[21:09:42] Starting benchmark: streamcluster with 4 thread(s)
[21:09:42] $ kubectl create -f /var/folders/4g/q_cgnrh92f19vvbrw_hg6j340000gn/T/parsec-streamcluster-t4-fuioct74.yaml
job.batch/parsec-streamcluster created
[21:09:42] Waiting for job 'parsec-streamcluster' to complete...
[21:09:42] $ kubectl get jobs parsec-streamcluster -o jsonpath={.status.conditions[*].type}
[21:09:42]   Still running... (0s elapsed)
[21:09:57] $ kubectl get jobs parsec-streamcluster -o jsonpath={.status.conditions[*].type}
[21:09:58]   Still running... (15s elapsed)
[21:10:13] $ kubectl get jobs parsec-streamcluster -o jsonpath={.status.conditions[*].type}
[21:10:13]   Still running... (30s elapsed)
[21:10:28] $ kubectl get jobs parsec-streamcluster -o jsonpath={.status.conditions[*].type}
[21:10:28]   Still running... (46s elapsed)
[21:10:43] $ kubectl get jobs parsec-streamcluster -o jsonpath={.status.conditions[*].type}
[21:10:43]   Still running... (61s elapsed)
[21:10:58] $ kubectl get jobs parsec-streamcluster -o jsonpath={.status.conditions[*].type}
[21:10:59]   Still running... (76s elapsed)
[21:11:14] $ kubectl get jobs parsec-streamcluster -o jsonpath={.status.conditions[*].type}
[21:11:14]   Still running... (92s elapsed)
[21:11:29] $ kubectl get jobs parsec-streamcluster -o jsonpath={.status.conditions[*].type}
[21:11:29]   Still running... (107s elapsed)
[21:11:44] $ kubectl get jobs parsec-streamcluster -o jsonpath={.status.conditions[*].type}
[21:11:45]   Still running... (122s elapsed)
[21:12:00] $ kubectl get jobs parsec-streamcluster -o jsonpath={.status.conditions[*].type}
[21:12:00]   Still running... (137s elapsed)
[21:12:15] $ kubectl get jobs parsec-streamcluster -o jsonpath={.status.conditions[*].type}
[21:12:15]   Still running... (153s elapsed)
[21:12:30] $ kubectl get jobs parsec-streamcluster -o jsonpath={.status.conditions[*].type}
[21:12:31]   Still running... (168s elapsed)
[21:12:46] $ kubectl get jobs parsec-streamcluster -o jsonpath={.status.conditions[*].type}
[21:12:46] Job 'parsec-streamcluster' completed successfully (183s)
[21:12:46] $ kubectl get pods --selector=job-name=parsec-streamcluster --output=jsonpath={.items[*].metadata.name}
[21:12:46] $ kubectl logs parsec-streamcluster-vqq25
[21:12:46] Execution time: 176.2s
[21:12:46] Cleaning up jobs and pods...
[21:12:46] $ kubectl delete jobs --all
job.batch "parsec-streamcluster" deleted from default namespace
[21:12:46] $ kubectl delete pods --all
No resources found
[21:12:57] Results saved to part2b-experiments/run3/results.csv
[21:12:57] 
Progress: 24/28 (Run 3)
[21:12:57] 
============================================================
[21:12:57]   Benchmark:    streamcluster
[21:12:57]   Threads:      8
[21:12:57] ============================================================
[21:12:57] Cleaning up jobs and pods...
[21:12:57] $ kubectl delete jobs --all
No resources found
[21:12:57] $ kubectl delete pods --all
No resources found
[21:13:07] Starting benchmark: streamcluster with 8 thread(s)
[21:13:07] $ kubectl create -f /var/folders/4g/q_cgnrh92f19vvbrw_hg6j340000gn/T/parsec-streamcluster-t8-bi1e5lku.yaml
job.batch/parsec-streamcluster created
[21:13:07] Waiting for job 'parsec-streamcluster' to complete...
[21:13:07] $ kubectl get jobs parsec-streamcluster -o jsonpath={.status.conditions[*].type}
[21:13:07]   Still running... (0s elapsed)
[21:13:22] $ kubectl get jobs parsec-streamcluster -o jsonpath={.status.conditions[*].type}
[21:13:23]   Still running... (15s elapsed)
[21:13:38] $ kubectl get jobs parsec-streamcluster -o jsonpath={.status.conditions[*].type}
[21:13:38]   Still running... (30s elapsed)
[21:13:53] $ kubectl get jobs parsec-streamcluster -o jsonpath={.status.conditions[*].type}
[21:13:53]   Still running... (46s elapsed)
[21:14:08] $ kubectl get jobs parsec-streamcluster -o jsonpath={.status.conditions[*].type}
[21:14:09]   Still running... (61s elapsed)
[21:14:24] $ kubectl get jobs parsec-streamcluster -o jsonpath={.status.conditions[*].type}
[21:14:24]   Still running... (76s elapsed)
[21:14:39] $ kubectl get jobs parsec-streamcluster -o jsonpath={.status.conditions[*].type}
[21:14:39]   Still running... (92s elapsed)
[21:14:54] $ kubectl get jobs parsec-streamcluster -o jsonpath={.status.conditions[*].type}
[21:14:55]   Still running... (107s elapsed)
[21:15:10] $ kubectl get jobs parsec-streamcluster -o jsonpath={.status.conditions[*].type}
[21:15:10]   Still running... (122s elapsed)
[21:15:25] $ kubectl get jobs parsec-streamcluster -o jsonpath={.status.conditions[*].type}
[21:15:25] Job 'parsec-streamcluster' completed successfully (138s)
[21:15:25] $ kubectl get pods --selector=job-name=parsec-streamcluster --output=jsonpath={.items[*].metadata.name}
[21:15:25] $ kubectl logs parsec-streamcluster-bhpvc
[21:15:26] Execution time: 120.2s
[21:15:26] Cleaning up jobs and pods...
[21:15:26] $ kubectl delete jobs --all
job.batch "parsec-streamcluster" deleted from default namespace
[21:15:26] $ kubectl delete pods --all
No resources found
[21:15:36] Results saved to part2b-experiments/run3/results.csv
[21:15:36] 
Progress: 25/28 (Run 3)
[21:15:36] 
============================================================
[21:15:36]   Benchmark:    vips
[21:15:36]   Threads:      1
[21:15:36] ============================================================
[21:15:36] Cleaning up jobs and pods...
[21:15:36] $ kubectl delete jobs --all
No resources found
[21:15:36] $ kubectl delete pods --all
No resources found
[21:15:46] Starting benchmark: vips with 1 thread(s)
[21:15:46] $ kubectl create -f /var/folders/4g/q_cgnrh92f19vvbrw_hg6j340000gn/T/parsec-vips-t1-hyul4gpj.yaml
job.batch/parsec-vips created
[21:15:47] Waiting for job 'parsec-vips' to complete...
[21:15:47] $ kubectl get jobs parsec-vips -o jsonpath={.status.conditions[*].type}
[21:15:47]   Still running... (0s elapsed)
[21:16:02] $ kubectl get jobs parsec-vips -o jsonpath={.status.conditions[*].type}
[21:16:02]   Still running... (15s elapsed)
[21:16:17] $ kubectl get jobs parsec-vips -o jsonpath={.status.conditions[*].type}
[21:16:17]   Still running... (30s elapsed)
[21:16:32] $ kubectl get jobs parsec-vips -o jsonpath={.status.conditions[*].type}
[21:16:33]   Still running... (46s elapsed)
[21:16:48] $ kubectl get jobs parsec-vips -o jsonpath={.status.conditions[*].type}
[21:16:48]   Still running... (61s elapsed)
[21:17:03] $ kubectl get jobs parsec-vips -o jsonpath={.status.conditions[*].type}
[21:17:03] Job 'parsec-vips' completed successfully (76s)
[21:17:03] $ kubectl get pods --selector=job-name=parsec-vips --output=jsonpath={.items[*].metadata.name}
[21:17:03] $ kubectl logs parsec-vips-pr9qq
[21:17:03] Execution time: 60.3s
[21:17:03] Cleaning up jobs and pods...
[21:17:03] $ kubectl delete jobs --all
job.batch "parsec-vips" deleted from default namespace
[21:17:04] $ kubectl delete pods --all
No resources found
[21:17:14] Results saved to part2b-experiments/run3/results.csv
[21:17:14] 
Progress: 26/28 (Run 3)
[21:17:14] 
============================================================
[21:17:14]   Benchmark:    vips
[21:17:14]   Threads:      2
[21:17:14] ============================================================
[21:17:14] Cleaning up jobs and pods...
[21:17:14] $ kubectl delete jobs --all
No resources found
[21:17:14] $ kubectl delete pods --all
No resources found
[21:17:24] Starting benchmark: vips with 2 thread(s)
[21:17:24] $ kubectl create -f /var/folders/4g/q_cgnrh92f19vvbrw_hg6j340000gn/T/parsec-vips-t2-klmnkrpu.yaml
job.batch/parsec-vips created
[21:17:25] Waiting for job 'parsec-vips' to complete...
[21:17:25] $ kubectl get jobs parsec-vips -o jsonpath={.status.conditions[*].type}
[21:17:25]   Still running... (0s elapsed)
[21:17:40] $ kubectl get jobs parsec-vips -o jsonpath={.status.conditions[*].type}
[21:17:40]   Still running... (15s elapsed)
[21:17:55] $ kubectl get jobs parsec-vips -o jsonpath={.status.conditions[*].type}
[21:17:55]   Still running... (30s elapsed)
[21:18:10] $ kubectl get jobs parsec-vips -o jsonpath={.status.conditions[*].type}
[21:18:11]   Still running... (46s elapsed)
[21:18:26] $ kubectl get jobs parsec-vips -o jsonpath={.status.conditions[*].type}
[21:18:26] Job 'parsec-vips' completed successfully (61s)
[21:18:26] $ kubectl get pods --selector=job-name=parsec-vips --output=jsonpath={.items[*].metadata.name}
[21:18:26] $ kubectl logs parsec-vips-gc9lc
[21:18:26] Execution time: 42.5s
[21:18:26] Cleaning up jobs and pods...
[21:18:26] $ kubectl delete jobs --all
job.batch "parsec-vips" deleted from default namespace
[21:18:26] $ kubectl delete pods --all
No resources found
[21:18:36] Results saved to part2b-experiments/run3/results.csv
[21:18:36] 
Progress: 27/28 (Run 3)
[21:18:36] 
============================================================
[21:18:36]   Benchmark:    vips
[21:18:36]   Threads:      4
[21:18:36] ============================================================
[21:18:36] Cleaning up jobs and pods...
[21:18:36] $ kubectl delete jobs --all
No resources found
[21:18:37] $ kubectl delete pods --all
No resources found
[21:18:47] Starting benchmark: vips with 4 thread(s)
[21:18:47] $ kubectl create -f /var/folders/4g/q_cgnrh92f19vvbrw_hg6j340000gn/T/parsec-vips-t4-5h8hjgc2.yaml
job.batch/parsec-vips created
[21:18:47] Waiting for job 'parsec-vips' to complete...
[21:18:47] $ kubectl get jobs parsec-vips -o jsonpath={.status.conditions[*].type}
[21:18:47]   Still running... (0s elapsed)
[21:19:02] $ kubectl get jobs parsec-vips -o jsonpath={.status.conditions[*].type}
[21:19:02]   Still running... (15s elapsed)
[21:19:17] $ kubectl get jobs parsec-vips -o jsonpath={.status.conditions[*].type}
[21:19:18]   Still running... (30s elapsed)
[21:19:33] $ kubectl get jobs parsec-vips -o jsonpath={.status.conditions[*].type}
[21:19:33] Job 'parsec-vips' completed successfully (46s)
[21:19:33] $ kubectl get pods --selector=job-name=parsec-vips --output=jsonpath={.items[*].metadata.name}
[21:19:33] $ kubectl logs parsec-vips-9txtr
[21:19:34] Execution time: 16.9s
[21:19:34] Cleaning up jobs and pods...
[21:19:34] $ kubectl delete jobs --all
job.batch "parsec-vips" deleted from default namespace
[21:19:34] $ kubectl delete pods --all
No resources found
[21:19:44] Results saved to part2b-experiments/run3/results.csv
[21:19:44] 
Progress: 28/28 (Run 3)
[21:19:44] 
============================================================
[21:19:44]   Benchmark:    vips
[21:19:44]   Threads:      8
[21:19:44] ============================================================
[21:19:44] Cleaning up jobs and pods...
[21:19:44] $ kubectl delete jobs --all
No resources found
[21:19:44] $ kubectl delete pods --all
No resources found
[21:19:54] Starting benchmark: vips with 8 thread(s)
[21:19:54] $ kubectl create -f /var/folders/4g/q_cgnrh92f19vvbrw_hg6j340000gn/T/parsec-vips-t8-ni0lukb8.yaml
job.batch/parsec-vips created
[21:19:54] Waiting for job 'parsec-vips' to complete...
[21:19:54] $ kubectl get jobs parsec-vips -o jsonpath={.status.conditions[*].type}
[21:19:55]   Still running... (0s elapsed)
[21:20:10] $ kubectl get jobs parsec-vips -o jsonpath={.status.conditions[*].type}
[21:20:10]   Still running... (15s elapsed)
[21:20:25] $ kubectl get jobs parsec-vips -o jsonpath={.status.conditions[*].type}
[21:20:25]   Still running... (30s elapsed)
[21:20:40] $ kubectl get jobs parsec-vips -o jsonpath={.status.conditions[*].type}
[21:20:41] Job 'parsec-vips' completed successfully (46s)
[21:20:41] $ kubectl get pods --selector=job-name=parsec-vips --output=jsonpath={.items[*].metadata.name}
[21:20:41] $ kubectl logs parsec-vips-6zqgs
[21:20:41] Execution time: 14.2s
[21:20:41] Cleaning up jobs and pods...
[21:20:41] $ kubectl delete jobs --all
job.batch "parsec-vips" deleted from default namespace
[21:20:41] $ kubectl delete pods --all
No resources found
[21:20:51] Results saved to part2b-experiments/run3/results.csv
[21:20:51] 
============================================================
[21:20:51] Run 3 done! Results in part2b-experiments/run3
[21:20:51] ============================================================
[21:20:51] Deleting cluster...
[21:20:51] $ kops delete cluster part2b.k8s.local --yes
I0504 21:21:05.309169   14121 delete_cluster.go:143] Looking for cloud resources to delete
I0504 21:21:05.906431   14121 gce.go:97] Scanning zones: [europe-west1-b europe-west1-d europe-west1-c]
TYPE			NAME							ID
Address			api-europe-west1-part2b-k8s-local			api-europe-west1-part2b-k8s-local
Address			api-part2b-k8s-local					api-part2b-k8s-local
BackendService		api-part2b-k8s-local					api-part2b-k8s-local
Disk			a-etcd-events-part2b-k8s-local				a-etcd-events-part2b-k8s-local
Disk			a-etcd-main-part2b-k8s-local				a-etcd-main-part2b-k8s-local
FirewallRule		https-api-ipv6-part2b-k8s-local				https-api-ipv6-part2b-k8s-local
FirewallRule		https-api-part2b-k8s-local				https-api-part2b-k8s-local
FirewallRule		kops-controller-ipv6-part2b-k8s-local			kops-controller-ipv6-part2b-k8s-local
FirewallRule		kops-controller-part2b-k8s-local			kops-controller-part2b-k8s-local
FirewallRule		lb-health-checks-part2b-k8s-local			lb-health-checks-part2b-k8s-local
FirewallRule		master-to-master-part2b-k8s-local			master-to-master-part2b-k8s-local
FirewallRule		master-to-node-part2b-k8s-local				master-to-node-part2b-k8s-local
FirewallRule		node-to-master-part2b-k8s-local				node-to-master-part2b-k8s-local
FirewallRule		node-to-node-part2b-k8s-local				node-to-node-part2b-k8s-local
FirewallRule		nodeport-external-to-node-ipv6-part2b-k8s-local		nodeport-external-to-node-ipv6-part2b-k8s-local
FirewallRule		nodeport-external-to-node-part2b-k8s-local		nodeport-external-to-node-part2b-k8s-local
FirewallRule		pod-cidrs-to-node-ipv6-part2b-k8s-local			pod-cidrs-to-node-ipv6-part2b-k8s-local
FirewallRule		pod-cidrs-to-node-part2b-k8s-local			pod-cidrs-to-node-part2b-k8s-local
FirewallRule		ssh-external-to-master-ipv6-part2b-k8s-local		ssh-external-to-master-ipv6-part2b-k8s-local
FirewallRule		ssh-external-to-master-part2b-k8s-local			ssh-external-to-master-part2b-k8s-local
FirewallRule		ssh-external-to-node-ipv6-part2b-k8s-local		ssh-external-to-node-ipv6-part2b-k8s-local
FirewallRule		ssh-external-to-node-part2b-k8s-local			ssh-external-to-node-part2b-k8s-local
ForwardingRule		api-europe-west1-part2b-k8s-local			api-europe-west1-part2b-k8s-local
ForwardingRule		api-part2b-k8s-local					api-part2b-k8s-local
ForwardingRule		kops-controller-europe-west1-part2b-k8s-local		kops-controller-europe-west1-part2b-k8s-local
HTTP HealthCheck	api-part2b-k8s-local					api-part2b-k8s-local
HealthCheck		api-part2b-k8s-local					api-part2b-k8s-local
Instance		master-europe-west1-b-f7vh				europe-west1-b/master-europe-west1-b-f7vh
Instance		parsec-server-z4n1					europe-west1-b/parsec-server-z4n1
InstanceGroupManager	b-master-europe-west1-b-part2b-k8s-local		europe-west1-b/b-master-europe-west1-b-part2b-k8s-local
InstanceGroupManager	b-parsec-server-part2b-k8s-local			europe-west1-b/b-parsec-server-part2b-k8s-local
InstanceTemplate	master-europe-west1-b-par-0b1idj-1777909168		master-europe-west1-b-par-0b1idj-1777909168
InstanceTemplate	parsec-server-part2b-k8s-local-1777909168		parsec-server-part2b-k8s-local-1777909168
Network			part2b-k8s-local					part2b-k8s-local
Route			part2b-k8s-local-6d4e16ec-d960-499f-80c0-aee0573715fa	part2b-k8s-local-6d4e16ec-d960-499f-80c0-aee0573715fa
Route			part2b-k8s-local-b3c8644a-1355-480f-b9bf-efa36f408a5c	part2b-k8s-local-b3c8644a-1355-480f-b9bf-efa36f408a5c
Subnet			europe-west1-part2b-k8s-local				europe-west1-part2b-k8s-local
TargetPool		api-part2b-k8s-local					api-part2b-k8s-local

Address:api-europe-west1-part2b-k8s-local	error deleting resources, will retry: error deleting Address https://www.googleapis.com/compute/v1/projects/cca-eth-2026-group-087/regions/europe-west1/addresses/api-europe-west1-part2b-k8s-local: googleapi: Error 400: The address resource 'projects/cca-eth-2026-group-087/regions/europe-west1/addresses/api-europe-west1-part2b-k8s-local' is already being used by 'projects/cca-eth-2026-group-087/regions/europe-west1/forwardingRules/kops-controller-europe-west1-part2b-k8s-local', resourceInUseByAnotherResource
HealthCheck:api-part2b-k8s-local	still has dependencies, will retry
BackendService:api-part2b-k8s-local	still has dependencies, will retry
E0504 21:21:15.841564   14121 op.go:137] GCE operation failed: googleapi: Error 400: The instance_group_manager resource 'projects/cca-eth-2026-group-087/zones/europe-west1-b/instanceGroupManagers/b-master-europe-west1-b-part2b-k8s-local' is already being used by 'projects/cca-eth-2026-group-087/regions/europe-west1/backendServices/api-part2b-k8s-local'
InstanceGroupManager:europe-west1-b/b-master-europe-west1-b-part2b-k8s-local	error deleting resources, will retry: googleapi: Error 400: The instance_group_manager resource 'projects/cca-eth-2026-group-087/zones/europe-west1-b/instanceGroupManagers/b-master-europe-west1-b-part2b-k8s-local' is already being used by 'projects/cca-eth-2026-group-087/regions/europe-west1/backendServices/api-part2b-k8s-local'
FirewallRule:https-api-ipv6-part2b-k8s-local	ok
FirewallRule:kops-controller-ipv6-part2b-k8s-local	ok
FirewallRule:nodeport-external-to-node-ipv6-part2b-k8s-local	ok
FirewallRule:pod-cidrs-to-node-ipv6-part2b-k8s-local	ok
FirewallRule:nodeport-external-to-node-part2b-k8s-local	ok
FirewallRule:ssh-external-to-node-ipv6-part2b-k8s-local	ok
FirewallRule:ssh-external-to-master-ipv6-part2b-k8s-local	ok
Address:api-part2b-k8s-local	ok
FirewallRule:pod-cidrs-to-node-part2b-k8s-local	ok
FirewallRule:kops-controller-part2b-k8s-local	ok
FirewallRule:node-to-node-part2b-k8s-local	ok
FirewallRule:https-api-part2b-k8s-local	ok
FirewallRule:master-to-master-part2b-k8s-local	ok
FirewallRule:lb-health-checks-part2b-k8s-local	ok
FirewallRule:master-to-node-part2b-k8s-local	ok
FirewallRule:node-to-master-part2b-k8s-local	ok
FirewallRule:ssh-external-to-master-part2b-k8s-local	ok
FirewallRule:ssh-external-to-node-part2b-k8s-local	ok
ForwardingRule:api-europe-west1-part2b-k8s-local	ok
ForwardingRule:kops-controller-europe-west1-part2b-k8s-local	ok
Instance:europe-west1-b/parsec-server-z4n1	ok
Instance:europe-west1-b/master-europe-west1-b-f7vh	ok
ForwardingRule:api-part2b-k8s-local	ok
I0504 21:22:20.189419   14121 op.go:123] waitForOperation: long operation (1m7.4224245s): {"endTime":"2026-05-04T12:22:20.112-07:00","id":"1212677684024659783","insertTime":"2026-05-04T12:21:12.715-07:00","kind":"compute#operation","name":"operation-1777922472577-65102d56a88c8-be6c80b5-519bd52c","operationType":"compute.instanceGroupManagers.delete","progress":100,"selfLink":"https://www.googleapis.com/compute/v1/projects/cca-eth-2026-group-087/zones/europe-west1-b/operations/operation-1777922472577-65102d56a88c8-be6c80b5-519bd52c","startTime":"2026-05-04T12:21:12.719-07:00","status":"DONE","targetId":"3530287971621471061","targetLink":"https://www.googleapis.com/compute/v1/projects/cca-eth-2026-group-087/zones/europe-west1-b/instanceGroupManagers/b-parsec-server-part2b-k8s-local","user":"anikiforova@student.ethz.ch","zone":"https://www.googleapis.com/compute/v1/projects/cca-eth-2026-group-087/zones/europe-west1-b"}
InstanceGroupManager:europe-west1-b/b-parsec-server-part2b-k8s-local	ok
Disk:a-etcd-events-part2b-k8s-local	ok
Disk:a-etcd-main-part2b-k8s-local	ok
InstanceTemplate:parsec-server-part2b-k8s-local-1777909168	ok
TargetPool:api-part2b-k8s-local	ok
Route:part2b-k8s-local-6d4e16ec-d960-499f-80c0-aee0573715fa	ok
Route:part2b-k8s-local-b3c8644a-1355-480f-b9bf-efa36f408a5c	ok
HTTP HealthCheck:api-part2b-k8s-local	ok
Not all resources deleted; waiting before reattempting deletion
	Network:part2b-k8s-local
	BackendService:api-part2b-k8s-local
	HealthCheck:api-part2b-k8s-local
	Subnet:europe-west1-part2b-k8s-local
	Address:api-europe-west1-part2b-k8s-local
	InstanceGroupManager:europe-west1-b/b-master-europe-west1-b-part2b-k8s-local
	InstanceTemplate:master-europe-west1-b-par-0b1idj-1777909168
HealthCheck:api-part2b-k8s-local	still has dependencies, will retry
Address:api-europe-west1-part2b-k8s-local	ok
E0504 21:22:44.072477   14121 op.go:137] GCE operation failed: googleapi: Error 400: The instance_group_manager resource 'projects/cca-eth-2026-group-087/zones/europe-west1-b/instanceGroupManagers/b-master-europe-west1-b-part2b-k8s-local' is already being used by 'projects/cca-eth-2026-group-087/regions/europe-west1/backendServices/api-part2b-k8s-local'
InstanceGroupManager:europe-west1-b/b-master-europe-west1-b-part2b-k8s-local	error deleting resources, will retry: googleapi: Error 400: The instance_group_manager resource 'projects/cca-eth-2026-group-087/zones/europe-west1-b/instanceGroupManagers/b-master-europe-west1-b-part2b-k8s-local' is already being used by 'projects/cca-eth-2026-group-087/regions/europe-west1/backendServices/api-part2b-k8s-local'
BackendService:api-part2b-k8s-local	ok
Not all resources deleted; waiting before reattempting deletion
	InstanceGroupManager:europe-west1-b/b-master-europe-west1-b-part2b-k8s-local
	InstanceTemplate:master-europe-west1-b-par-0b1idj-1777909168
	Network:part2b-k8s-local
	HealthCheck:api-part2b-k8s-local
	Subnet:europe-west1-part2b-k8s-local
HealthCheck:api-part2b-k8s-local	ok
I0504 21:24:11.592299   14121 op.go:123] waitForOperation: long operation (1m13.346343958s): {"endTime":"2026-05-04T12:24:11.528-07:00","id":"4420280640748211453","insertTime":"2026-05-04T12:22:58.193-07:00","kind":"compute#operation","name":"operation-1777922578084-65102dbb47326-9e89e659-6eb9687c","operationType":"compute.instanceGroupManagers.delete","progress":100,"selfLink":"https://www.googleapis.com/compute/v1/projects/cca-eth-2026-group-087/zones/europe-west1-b/operations/operation-1777922578084-65102dbb47326-9e89e659-6eb9687c","startTime":"2026-05-04T12:22:58.196-07:00","status":"DONE","targetId":"5143721633551549269","targetLink":"https://www.googleapis.com/compute/v1/projects/cca-eth-2026-group-087/zones/europe-west1-b/instanceGroupManagers/b-master-europe-west1-b-part2b-k8s-local","user":"anikiforova@student.ethz.ch","zone":"https://www.googleapis.com/compute/v1/projects/cca-eth-2026-group-087/zones/europe-west1-b"}
InstanceGroupManager:europe-west1-b/b-master-europe-west1-b-part2b-k8s-local	ok
InstanceTemplate:master-europe-west1-b-par-0b1idj-1777909168	ok
Subnet:europe-west1-part2b-k8s-local	ok
Network:part2b-k8s-local	ok
Deleted kubectl config for part2b.k8s.local

Deleted cluster: "part2b.k8s.local"
[21:25:12] Cluster deleted successfully.
[21:25:12] 
All runs completed!
